0 HG00096 -0.0126345 0.0249876 0.000860615 0.0210973 0.0160698 -0.00386123 -0.00837617 0.00816138 -0.0147233 -0.000264698 GBR EUR
0 HG00097 -0.0118775 0.0252059 0.00181019 0.019624 0.0168077 -0.00238704 -0.00144349 0.00374221 -0.0155159 0.00425726 GBR EUR
0 HG00099 -0.0124726 0.0259147 0.000214737 0.0199374 0.0187421 -0.00288675 -0.00402645 0.00421367 -0.0102709 -0.000448064 GBR EUR
0 HG00100 -0.0122664 0.0258587 0.000367179 0.0187281 0.0102055 -0.00122261 -0.00152061 0.00532376 -0.0122933 -0.00127017 GBR EUR
0 HG00101 -0.0127519 0.0267491 -0.000571916 0.0195595 0.0195595 -0.000318094 -0.00110185 0.0100644 -0.0150696 -0.0039272 GBR EUR
0 HG00102 -0.0121775 0.0254797 0.000807441 0.0207513 0.0167472 -0.000951219 -0.00475867 0.00288856 -0.00496501 -0.000528548 GBR EUR
0 HG00103 -0.012688 0.025704 0.000661322 0.0195167 0.0169955 -0.000736261 -0.00236919 0.00505807 -0.013387 -0.000775147 GBR EUR
0 HG00105 -0.0125258 0.0258618 0.00199418 0.0211429 0.0189661 -0.00269261 -0.00320829 0.00554559 -0.0125512 0.0057883 GBR EUR
0 HG00106 -0.0135255 0.024931 0.000812197 0.0187106 0.0175279 -0.00232604 -0.00300642 0.00507733 -0.0122783 0.00272699 GBR EUR
0 HG00107 -0.0124264 0.0257658 -0.000914942 0.0193768 0.0175779 -0.00286826 -0.00320659 0.00523231 -0.0165122 0.00581814 GBR EUR
0 HG00108 -0.0128343 0.0236126 -0.00379947 0.030007 -0.0479058 0.00792233 0.0106218 0.00685222 -0.013833 0.00177984 GBR EUR
0 HG00109 -0.0122899 0.0247462 0.000444731 0.0202262 0.0147986 -0.00126666 -0.00201508 0.005912 -0.0133826 -0.000454465 GBR EUR
0 HG00110 -0.0121115 0.0254407 0.00119315 0.0180473 0.0158427 -0.00211576 0.000987396 0.0100077 -0.0198278 0.00234578 GBR EUR
0 HG00111 -0.0130223 0.0245566 -0.00324254 0.0308449 -0.0504024 0.00995458 0.0129609 0.00351087 -0.00698769 0.00254225 GBR EUR
0 HG00112 -0.0122941 0.0250353 0.00137166 0.0187846 0.0128625 -0.00404757 -0.00760316 0.00428667 -0.0118642 0.00489464 GBR EUR
0 HG00113 -0.0127968 0.0260429 0.000437255 0.0220761 0.0173518 -0.000324827 -0.00338646 0.0104621 -0.0216662 0.00305932 GBR EUR
0 HG00114 -0.0123103 0.0250979 0.000626107 0.0210584 0.00811863 -0.00102065 -0.00382617 0.0065023 -0.014095 0.00627366 GBR EUR
0 HG00115 -0.0126917 0.0256114 0.00119643 0.0198656 0.0168326 -0.00180445 -0.00334912 -0.00254627 -0.000281249 0.00543892 GBR EUR
0 HG00116 -0.0127513 0.0254967 0.000560511 0.0230021 0.00272542 -0.00170004 -0.00319472 0.00646436 -0.00441178 -0.000482318 GBR EUR
0 HG00117 -0.0129553 0.0252286 0.00021905 0.0220334 0.00104335 0.00101878 -0.00268854 0.00342669 -0.00340294 -0.00333098 GBR EUR
0 HG00118 -0.0128558 0.0257297 -0.000350504 0.0184187 0.0165672 -0.00232183 -0.00538719 0.00657293 -0.0197159 0.000282206 GBR EUR
0 HG00119 -0.0127327 0.0247857 -0.00457973 0.0340661 -0.0524838 0.0103671 0.00639573 0.00426996 -0.0139774 0.00287541 GBR EUR
0 HG00120 -0.012279 0.0250987 -3.14859e-05 0.0237934 0.00491588 0.000364769 -0.00553055 0.00657804 -0.00936799 -0.00206691 GBR EUR
0 HG00121 -0.0130801 0.0258683 0.000996811 0.0194706 0.0145168 -0.00211547 0.000351807 0.00446659 -0.0156591 0.00160278 GBR EUR
0 HG00122 -0.0123139 0.0258872 -7.98004e-05 0.018682 0.015084 -0.00111144 -0.00417747 0.00621334 -0.0191172 -0.00213958 GBR EUR
0 HG00123 -0.0128916 0.0245946 -0.00435729 0.029774 -0.0394934 0.00391598 -0.000792374 0.00869016 -0.0286719 -0.000638334 GBR EUR
0 HG00125 -0.0125556 0.0249891 -0.00128421 0.0219341 -0.00117095 0.00150944 9.67502e-05 0.007807 -0.0110006 0.0015249 GBR EUR
0 HG00126 -0.0125626 0.0251131 0.00177657 0.0201736 0.0165142 -0.00199155 -0.00264215 0.0039142 -0.00173531 -0.000143008 GBR EUR
0 HG00127 -0.0124232 0.0264067 0.00201389 0.0197617 0.0161253 -0.00251236 -0.00377923 0.00221293 -0.00166224 0.0043323 GBR EUR
0 HG00128 -0.0125339 0.025781 0.00227955 0.01863 0.0163875 -0.00270117 -0.00137359 -0.0014065 -0.00201406 0.0059638 GBR EUR
0 HG00129 -0.0126676 0.02702 0.000822207 0.0207782 0.0180513 -0.00365603 -0.00550962 0.0044018 -0.00753238 -0.000401256 GBR EUR
0 HG00130 -0.0122874 0.0261213 -0.000585284 0.0199241 0.0189514 -0.00306539 -0.000974252 -0.002512 0.00588757 0.00224306 GBR EUR
0 HG00131 -0.0127356 0.0241105 -0.00140021 0.02835 -0.0316511 0.0042877 -0.00438978 0.00173245 -0.00153441 -0.0064296 GBR EUR
0 HG00132 -0.0126779 0.0256378 0.00188445 0.0170176 0.0159976 -0.00128836 -0.00424698 0.00309105 -0.00731035 0.00335699 GBR EUR
0 HG00133 -0.012532 0.0246923 -0.0014006 0.0270913 -0.0209017 0.00264987 -0.0023436 0.00536304 -0.010347 0.000249901 GBR EUR
0 HG00136 -0.0125141 0.0250858 -0.00198074 0.0251486 0.000830106 -0.00218509 0.000396625 0.00539808 -0.0104894 -0.00473224 GBR EUR
0 HG00137 -0.0127229 0.0252799 -6.66893e-05 0.0225875 -0.000260994 -0.000462318 0.00280645 0.00470906 -0.00579923 0.001424 GBR EUR
0 HG00138 -0.0129877 0.0253352 0.000292246 0.0250097 -0.00484105 0.00343714 0.0090153 0.000925058 -0.00543587 0.00292564 GBR EUR
0 HG00139 -0.0126622 0.0268683 0.00201845 0.0185582 0.0166784 -0.00193639 0.000167261 0.00239105 -0.00298642 -0.00175664 GBR EUR
0 HG00140 -0.0125776 0.0254498 0.00223948 0.0209797 0.0140619 -0.000941759 -0.000580874 0.00594179 -0.00611412 0.00108299 GBR EUR
0 HG00141 -0.0126272 0.0260885 0.000439752 0.0177167 0.0191871 -0.000228185 -0.00207929 0.00580525 -0.019142 0.000257997 GBR EUR
0 HG00142 -0.0126788 0.0246901 0.0016135 0.0196245 0.0140352 -0.00203448 -0.00238961 0.00105502 -0.00850281 -0.000327794 GBR EUR
0 HG00143 -0.0122915 0.0256306 0.000689463 0.0150656 0.0127742 -0.00292372 -0.000374627 0.00214931 -0.0104468 -0.000721714 GBR EUR
0 HG00145 -0.0139378 0.0243781 -0.00897232 0.0414318 -0.0877095 0.0128659 0.0052054 0.00685134 -0.0148665 -0.000496515 GBR EUR
0 HG00146 -0.0126328 0.0258271 0.000521227 0.0226376 0.0110902 -0.00177307 -0.000315066 0.0029647 -0.00101914 -0.00638432 GBR EUR
0 HG00148 -0.0121758 0.0255123 0.00163358 0.0209163 0.0138003 -0.00110119 -0.0032493 0.00402087 -0.00805756 0.00602207 GBR EUR
0 HG00149 -0.0126226 0.0259084 0.000158238 0.0195706 0.0167185 -0.000474123 2.50253e-05 0.0108267 -0.0274505 0.00148547 GBR EUR
0 HG00150 -0.012333 0.0259564 9.04429e-05 0.0189011 0.00931694 -0.005186 -0.00146452 -6.93831e-05 0.000839062 0.00560513 GBR EUR
0 HG00151 -0.0120927 0.024837 -5.39356e-05 0.020236 0.0111419 0.000289842 -0.00425949 0.00281672 -0.0117425 0.00561535 GBR EUR
0 HG00154 -0.0129085 0.0255309 -0.000516248 0.0230811 -0.00383724 0.00029238 0.00227016 0.00975908 -0.0202826 -0.000420037 GBR EUR
0 HG00155 -0.0126653 0.0263611 -0.00171369 0.0251625 0.000915619 -0.00128858 -0.00225542 0.0090542 -0.0173211 -0.000270089 GBR EUR
0 HG00157 -0.0135995 0.0249881 -0.00760733 0.0404931 -0.0825347 0.0130843 0.00978128 0.00615207 -0.0227466 -0.000328428 GBR EUR
0 HG00158 -0.013254 0.023709 -0.00371926 0.0274306 -0.0311052 0.00307838 0.00237908 0.00441812 -0.00953976 -0.00732945 GBR EUR
0 HG00159 -0.0129373 0.0251702 -0.000439667 0.0236574 -0.010092 -0.0016759 -0.00538804 0.00685133 -0.011175 -0.000293298 GBR EUR
0 HG00160 -0.0126137 0.0258029 0.000182792 0.0270997 -0.00325789 0.00116823 -0.00255922 0.00361593 -0.00530921 0.000363117 GBR EUR
0 HG00171 -0.013322 0.0223789 -0.00377281 0.0232006 0.00251261 -0.00109806 -0.0161289 0.0303579 -0.0876356 -0.00580124 FIN EUR
0 HG00173 -0.0125489 0.0230766 -0.0016425 0.0195089 0.013895 -0.0045646 -0.0180053 0.025562 -0.0836155 -0.00365385 FIN EUR
0 HG00174 -0.0127621 0.0228152 -0.00220588 0.0209347 0.00493542 -0.00294526 -0.00951411 0.0139314 -0.0405414 0.00451588 FIN EUR
0 HG00176 -0.0135424 0.0241288 -0.0012605 0.0230765 0.0153856 -0.00124518 -0.0201651 0.0274334 -0.0786791 -0.00570356 FIN EUR
0 HG00177 -0.0127734 0.0199032 -0.00017539 0.0177145 0.0126508 -0.00162421 -0.0195284 0.0187542 -0.0714532 -0.00532832 FIN EUR
0 HG00178 -0.0129635 0.0209811 -0.00159157 0.02356 0.0150803 -0.00300075 -0.0186831 0.0228899 -0.0628285 0.000128594 FIN EUR
0 HG00179 -0.0132085 0.0193541 -0.00305974 0.0223428 -0.00935227 0.000835903 -0.0185846 0.0275481 -0.0820008 -0.00534039 FIN EUR
0 HG00180 -0.0127899 0.0228852 0.000467853 0.0193228 0.016223 -0.00427661 -0.0108692 0.0145509 -0.0474591 -0.00220615 FIN EUR
0 HG00181 -0.0117605 0.0212077 -0.00022273 0.0173675 0.0155237 -0.00475318 -0.0154233 0.0113302 -0.0325951 -0.00286015 FIN EUR
0 HG00182 -0.0132496 0.022606 -0.00380494 0.0244021 -0.00665402 0.000319568 -0.0107492 0.0219933 -0.0675362 -0.000916978 FIN EUR
0 HG00183 -0.0127775 0.0216759 -0.00274658 0.0225115 0.01495 -0.0027158 -0.0180989 0.0254423 -0.0677231 0.000407198 FIN EUR
0 HG00185 -0.0129164 0.0210465 -0.00267041 0.0209009 0.003668 -0.000300749 -0.0100396 0.0212503 -0.0609006 -0.00056619 FIN EUR
0 HG00186 -0.0131151 0.0214865 -0.00304455 0.0231277 -0.0133629 0.00397761 -0.0144781 0.0292807 -0.0841462 0.00166262 FIN EUR
0 HG00187 -0.0129964 0.023986 -0.00113268 0.0222086 0.0150041 -0.00399811 -0.0151202 0.0241785 -0.0803434 0.000488124 FIN EUR
0 HG00188 -0.0127142 0.0225053 -0.000782297 0.0167338 0.0164137 -0.0035127 -0.0140809 0.0202206 -0.0621931 -0.00513905 FIN EUR
0 HG00189 -0.0130794 0.0220153 0.000727708 0.0197144 0.0122665 -0.00185209 -0.0127818 0.0237685 -0.0655649 0.00512962 FIN EUR
0 HG00190 -0.0122202 0.0216043 9.90593e-05 0.0165391 0.00921506 -0.0017364 -0.012392 0.0230011 -0.0688368 0.000392931 FIN EUR
0 HG00231 -0.0126193 0.0266369 0.000834096 0.0204811 0.0146548 -0.00165591 -0.00190348 0.00348593 -0.00677823 0.00569552 GBR EUR
0 HG00232 -0.0125152 0.0244096 0.000444966 0.020078 -0.00478553 0.00123609 -0.00120418 0.00648873 -0.0098431 -0.000265908 GBR EUR
0 HG00233 -0.0125601 0.0250088 -0.000147068 0.0176042 0.0154891 -0.00348687 -0.00429416 0.00282492 -0.00895203 0.00313676 GBR EUR
0 HG00234 -0.0125142 0.0255814 0.00104232 0.0193822 0.0182342 -0.000969329 -0.0036079 0.00256532 -0.00822485 0.000901048 GBR EUR
0 HG00235 -0.0123673 0.0265808 0.000597846 0.0182674 0.0169589 -0.0023643 -0.00509063 0.00690017 -0.0188875 0.0016341 GBR EUR
0 HG00236 -0.0129082 0.0259086 -0.00152597 0.0202081 0.0133862 -0.00252987 -0.00274289 0.00429874 -0.0068406 -0.00325412 GBR EUR
0 HG00237 -0.0130077 0.0258709 0.00159784 0.0201267 0.0136849 -0.00126737 -0.00221017 0.00375709 -0.00305851 -0.00273061 GBR EUR
0 HG00238 -0.0125731 0.0262374 0.000887215 0.0197541 0.0179649 -0.00309561 -0.00347307 0.00436573 -0.0109323 -7.22221e-06 GBR EUR
0 HG00239 -0.0126333 0.0257566 0.00105894 0.0226605 0.00752642 -0.000604068 -0.00469505 0.00862831 -0.00955333 -0.00461688 GBR EUR
0 HG00240 -0.0125426 0.0268808 0.000976191 0.0223319 0.0198086 -0.0022683 -0.00546097 0.00266739 -0.00635296 0.0010691 GBR EUR
0 HG00242 -0.0121488 0.0254204 -0.00105183 0.0234329 -0.00181063 -0.00112781 -0.00518164 0.00420967 -0.00475137 -0.00275249 GBR EUR
0 HG00243 -0.0125528 0.02567 -0.00132817 0.0227441 0.0051322 -0.00330786 -0.00523663 0.00435397 -0.00685768 -0.00473377 GBR EUR
0 HG00244 -0.0129921 0.0264472 -0.00165 0.0270651 -0.00182781 -0.00193872 -0.00344995 0.005523 -0.00997621 -0.00477502 GBR EUR
0 HG00245 -0.0123158 0.024776 0.00209481 0.0212207 0.0092721 -0.00265293 -0.00376942 0.0037912 -0.0029776 -0.00901541 GBR EUR
0 HG00246 -0.0119645 0.0254771 -0.00119557 0.0257196 -0.00955776 0.0026872 0.000527546 0.00400191 -0.0126801 0.0053201 GBR EUR
0 HG00250 -0.0125369 0.0263524 0.00141065 0.020645 0.0142691 -0.0017918 -0.00119491 0.00522072 -0.0110737 0.00185927 GBR EUR
0 HG00251 -0.0125029 0.025137 -0.000587313 0.0190335 0.0110364 -0.00114731 0.0010689 0.0022872 -0.00205826 0.000933429 GBR EUR
0 HG00252 -0.0130167 0.0254784 0.000436294 0.0201574 0.0168133 -0.00615303 0.000192259 0.00451259 -0.00679354 0.000266694 GBR EUR
0 HG00253 -0.0122269 0.0266196 0.00274623 0.0218884 0.0156774 -0.00359656 -0.000840754 0.00256279 -0.0049857 -0.00204616 GBR EUR
0 HG00254 -0.0129676 0.0262363 0.000201594 0.0213988 0.013646 -0.000896551 -0.00318027 0.00971532 -0.0181217 0.00199515 GBR EUR
0 HG00255 -0.0125826 0.0254762 0.000287611 0.0227816 0.012155 -5.55118e-06 -0.000302897 0.00523699 -0.00125978 0.00142578 GBR EUR
0 HG00256 -0.0130084 0.0261101 0.000510126 0.0235911 0.0122508 -0.00246589 -0.00237106 0.00350835 -0.00324478 -0.00210387 GBR EUR
0 HG00257 -0.0123427 0.025414 0.000947133 0.0186 0.0137365 0.00126095 0.000429845 0.00613929 -0.0140862 0.0026305 GBR EUR
0 HG00258 -0.0129791 0.0245586 -0.00160137 0.0205948 0.00477898 -0.000220676 -0.0013883 0.00652845 -0.0152962 -0.00367278 GBR EUR
0 HG00259 -0.0122492 0.0254345 0.00204179 0.0202279 0.0133563 -0.00107754 -0.00170352 0.0025277 -0.00267155 0.00231087 GBR EUR
0 HG00260 -0.0123933 0.0257316 -0.000183097 0.0199495 0.0131798 -0.00136973 -0.00204497 0.00499509 -0.00454396 0.00381518 GBR EUR
0 HG00261 -0.0126174 0.025514 0.000331847 0.0196882 0.0129621 -0.00106002 -0.000550577 0.00790645 -0.0140852 -0.00239428 GBR EUR
0 HG00262 -0.0133112 0.0247135 -0.002727 0.0255342 -0.0059908 -0.00191183 -0.00609836 0.0117186 -0.0150211 -0.0078838 GBR EUR
0 HG00263 -0.0129267 0.0259445 -0.00248933 0.025486 -0.0152836 0.00182022 0.00466168 0.00209152 -0.0121378 -0.00241944 GBR EUR
0 HG00264 -0.0129591 0.024492 -0.00210098 0.0233187 -0.011 0.00275313 0.00247886 0.00564031 -0.00891693 -0.00259979 GBR EUR
0 HG00265 -0.0127611 0.0263094 -0.000304958 0.0242846 -0.0042446 0.00107707 -0.00103364 0.00994593 -0.0174921 -0.00179218 GBR EUR
0 HG00266 -0.0129891 0.0228387 -0.000838598 0.0223207 0.0135631 -0.00408411 -0.0161426 0.0248352 -0.0750272 -0.00204992 FIN EUR
0 HG00267 -0.0129089 0.0236422 0.000463361 0.0190041 0.0122314 -0.00524923 -0.0108751 0.0264156 -0.0813236 -0.00369373 FIN EUR
0 HG00268 -0.0125648 0.0241567 -0.00164219 0.0199754 0.0112239 -0.00265755 -0.00687412 0.0174296 -0.0498215 -0.0048369 FIN EUR
0 HG00269 -0.0127299 0.0213168 -0.000820268 0.019137 0.0138037 -0.00136124 -0.0231502 0.0277869 -0.087559 -0.00559739 FIN EUR
0 HG00271 -0.0132266 0.0213871 -0.000411087 0.019684 0.0119329 -0.00245129 -0.0193073 0.0361726 -0.104566 -0.00458275 FIN EUR
0 HG00272 -0.0130254 0.0201567 -0.0026164 0.0250957 -0.0109104 0.0021972 -0.0153473 0.0266043 -0.0739953 -0.0108555 FIN EUR
0 HG00273 -0.0130173 0.0223724 -0.00234818 0.0220922 0.0132924 0.000958839 -0.0154943 0.0293085 -0.0817107 -0.00484402 FIN EUR
0 HG00274 -0.013219 0.023289 -0.00371775 0.0214885 0.00681021 7.06792e-06 -0.0120531 0.0293287 -0.0879422 -0.00745108 FIN EUR
0 HG00275 -0.0131039 0.0241365 -0.00217314 0.0283291 -0.0193508 0.00419291 -0.00219065 0.0283396 -0.0783281 -0.000789069 FIN EUR
0 HG00276 -0.0126758 0.0214154 -0.00437404 0.0233091 -0.0133362 0.00151005 -0.00726756 0.0299227 -0.0933712 -0.00828062 FIN EUR
0 HG00277 -0.0130688 0.0231257 -0.00160336 0.0229958 -0.00276408 0.0018605 -0.00733595 0.0193833 -0.0516129 -0.00582501 FIN EUR
0 HG00278 -0.0130534 0.0211663 -0.000702539 0.0235434 -0.00834577 0.00013623 -0.0102005 0.0270905 -0.0783119 -0.00632371 FIN EUR
0 HG00280 -0.0129028 0.0196302 -0.00274973 0.0235466 -0.00744109 0.000590927 -0.0132738 0.0278801 -0.0791465 -0.00291415 FIN EUR
0 HG00281 -0.0130993 0.0220267 -0.00259633 0.0257962 -0.0123917 0.00348845 -0.00718564 0.021361 -0.0654087 -0.00310511 FIN EUR
0 HG00282 -0.0133409 0.0216404 -0.000534674 0.0214296 -0.00521548 0.000554721 -0.0081712 0.0261322 -0.0766785 -0.00317865 FIN EUR
0 HG00284 -0.0132205 0.0221547 -0.00200921 0.022698 -0.00658001 -0.000372774 -0.012385 0.0248678 -0.0731928 -0.0014111 FIN EUR
0 HG00285 -0.0134419 0.0190853 -0.00452479 0.0216362 -0.00464612 -0.000282642 -0.0161118 0.0253855 -0.0707044 -0.00108684 FIN EUR
0 HG00288 -0.0129622 0.0237215 0.000577406 0.015923 0.0165975 9.33992e-05 -0.0122091 0.0199603 -0.0671919 -0.00629039 FIN EUR
0 HG00290 -0.0128768 0.0225594 -0.00123004 0.017931 0.0191341 -0.00237186 -0.015838 0.0271118 -0.0789928 -0.00444029 FIN EUR
0 HG00304 -0.0129081 0.0224412 -0.000499442 0.0195231 0.0181316 1.13053e-05 -0.0179279 0.0313244 -0.0845962 -0.00272207 FIN EUR
0 HG00306 -0.0129022 0.0225963 -0.000230288 0.020601 0.01212 -0.00344892 -0.0140159 0.027244 -0.0790154 -0.00974453 FIN EUR
0 HG00308 -0.0125849 0.0222187 -0.00123665 0.0183901 0.0131209 -0.00300314 -0.0127812 0.0236851 -0.0641249 -0.00635674 FIN EUR
0 HG00309 -0.0125226 0.0226005 -0.00406549 0.0210976 0.0138439 -0.00258376 -0.0152908 0.028755 -0.0847995 -0.00353327 FIN EUR
0 HG00310 -0.013121 0.0227647 -0.00532721 0.024151 -0.0267607 0.00413104 6.42282e-05 0.0239282 -0.0682321 -0.000192699 FIN EUR
0 HG00311 -0.0130993 0.0245599 -0.000712341 0.0203295 0.0101473 -0.00422272 -0.0124966 0.02139 -0.0586945 -0.000787656 FIN EUR
0 HG00313 -0.0129955 0.0230864 -0.00138085 0.0213939 0.00977745 -0.00300357 -0.0135657 0.0243409 -0.0744751 -0.0103238 FIN EUR
0 HG00315 -0.0133208 0.0199214 -0.00307375 0.0202383 0.00125497 -0.000979709 -0.0126784 0.0266779 -0.0792501 -0.00225264 FIN EUR
0 HG00318 -0.013225 0.02306 -0.00149879 0.0243207 0.000754307 0.000526436 -0.0141246 0.0225893 -0.066239 -0.00467363 FIN EUR
0 HG00319 -0.0126376 0.0215581 -0.00179176 0.0239193 0.00436881 -0.00112091 -0.0141651 0.0247382 -0.0687662 -0.00702529 FIN EUR
0 HG00320 -0.0129007 0.0240464 -0.00206461 0.0253664 -0.00512817 -0.000801294 -0.0114088 0.0176516 -0.0642065 -0.000470417 FIN EUR
0 HG00321 -0.0131462 0.0196969 -0.00402741 0.0207144 -0.00271277 -0.000334776 -0.0138568 0.0265389 -0.0808293 -0.0010654 FIN EUR
0 HG00323 -0.0130335 0.0220319 -0.00272244 0.0284213 -0.00671974 0.000691689 -0.0107197 0.0285047 -0.0845986 1.43786e-05 FIN EUR
0 HG00324 -0.0132676 0.020503 -0.00397062 0.0283355 -0.024081 0.00700857 -0.00711252 0.0326149 -0.0933719 -0.00715518 FIN EUR
0 HG00325 -0.0135258 0.0220157 -0.00328704 0.0288426 -0.0178003 0.003595 -0.00891593 0.0326429 -0.0967051 -0.00436238 FIN EUR
0 HG00326 -0.0129807 0.0216235 -0.0034701 0.0271935 -0.0290954 0.00457802 -0.00451201 0.0264115 -0.0800867 -0.00864475 FIN EUR
0 HG00327 -0.012365 0.0244954 -0.00186005 0.0253713 0.00512621 0.00277589 -0.0136138 0.0271039 -0.0818795 -0.00407793 FIN EUR
0 HG00328 -0.0136686 0.0216524 -0.00374406 0.0316223 -0.050253 0.00959627 0.00123084 0.0310292 -0.0850769 -0.00499633 FIN EUR
0 HG00329 -0.013295 0.0218946 -0.00387332 0.028453 -0.0241639 0.00444635 -0.00821844 0.0287036 -0.0791385 -0.00181793 FIN EUR
0 HG00330 -0.012533 0.0226363 -0.00129945 0.024203 0.00571257 -0.000239752 -0.0106318 0.0226426 -0.0773058 -0.00459479 FIN EUR
0 HG00331 -0.0133459 0.0203292 -0.00348685 0.0292274 -0.0285137 0.00416938 -0.00811939 0.0174943 -0.0625331 -0.00452962 FIN EUR
0 HG00332 -0.0130622 0.0239971 -0.0013648 0.0213456 0.0153073 0.000735114 -0.00630004 0.0149641 -0.0434265 -0.00293601 FIN EUR
0 HG00334 -0.0134149 0.0209795 -0.00584348 0.0310533 -0.056904 0.00962219 0.00284883 0.021902 -0.0678024 -0.00596883 FIN EUR
0 HG00335 -0.0130643 0.0215634 -0.00079297 0.0227253 0.00875034 -0.000504476 -0.0175341 0.025818 -0.0841042 -0.00913115 FIN EUR
0 HG00336 -0.0133587 0.0212167 -0.00176036 0.0203033 -0.00213282 -0.000160801 -0.0147405 0.0260251 -0.0744895 -0.00157786 FIN EUR
0 HG00337 -0.0125955 0.020904 -0.00132397 0.0202726 0.0137262 -0.00212634 -0.0140392 0.0187983 -0.0662114 -0.00548418 FIN EUR
0 HG00338 -0.0126279 0.0227507 -0.00162325 0.0247942 -0.0106569 0.000200361 -0.00250335 0.0174743 -0.0547414 -0.00560967 FIN EUR
0 HG00339 -0.0131402 0.0208774 -0.00272693 0.021703 -0.00194072 0.00139564 -0.00393581 0.0233819 -0.0587074 -0.0031434 FIN EUR
0 HG00341 -0.0123943 0.0215847 -0.00101415 0.0196716 0.0155522 0.000704762 -0.013897 0.0206557 -0.0590848 -0.00626866 FIN EUR
0 HG00342 -0.0135363 0.0201577 -0.00386145 0.0259096 -0.0250184 0.00422491 -0.0132664 0.0200157 -0.0670554 -0.0010808 FIN EUR
0 HG00343 -0.0129865 0.0205722 -0.00118692 0.0228149 -0.00901859 0.000781132 -0.00809718 0.0202204 -0.068568 -0.000816812 FIN EUR
0 HG00344 -0.0127855 0.0250019 -0.000493761 0.0237325 -0.00535469 -0.000387688 -0.0039701 0.0185412 -0.055981 0.00124329 FIN EUR
0 HG00345 -0.0130311 0.0221007 -0.0020733 0.0210139 0.014708 0.00065677 -0.0127179 0.025165 -0.0763918 -0.0013888 FIN EUR
0 HG00346 -0.0126483 0.0233442 -0.000475481 0.0212583 0.0163327 -0.00194475 -0.0110999 0.0186777 -0.0670103 -0.00262744 FIN EUR
0 HG00349 -0.0127338 0.0240736 -0.000732152 0.0209672 0.0183296 -0.00298795 -0.0139558 0.0225996 -0.0723401 -0.000169304 FIN EUR
0 HG00350 -0.0124296 0.0223972 -0.000915966 0.0178077 0.0191912 -0.00486536 -0.01066 0.0150301 -0.0403388 0.0048074 FIN EUR
0 HG00351 -0.0129626 0.0246619 -0.000601185 0.0204673 0.0177309 -0.00249834 -0.0138803 0.0229061 -0.0705279 -0.000798357 FIN EUR
0 HG00353 -0.01325 0.0219321 -0.00208306 0.0223414 0.0101657 6.936e-05 -0.0139162 0.0249416 -0.0712919 -0.00168384 FIN EUR
0 HG00355 -0.0129629 0.0226684 0.00025741 0.0199472 0.0182182 -0.00093236 -0.00957888 0.0174463 -0.0494789 0.000780575 FIN EUR
0 HG00356 -0.0126219 0.0216489 -0.00154733 0.0194796 0.0185911 -0.00327783 -0.0146262 0.0197478 -0.057613 -0.00113606 FIN EUR
0 HG00357 -0.0129916 0.023254 -0.00114568 0.0231715 0.0106427 -0.00315978 -0.018534 0.0245038 -0.0793047 -0.00753387 FIN EUR
0 HG00358 -0.0130267 0.0237634 -0.00141014 0.0198518 0.0196282 -0.00335727 -0.0129191 0.0248806 -0.0800709 -0.00260562 FIN EUR
0 HG00360 -0.0129024 0.02335 -0.000530171 0.0184101 0.0178172 -0.00223246 -0.00907442 0.0155621 -0.0489794 -0.00364617 FIN EUR
0 HG00361 -0.0135835 0.0206059 -0.00585804 0.0308948 -0.0369903 0.00732513 -0.0154888 0.0323378 -0.0981058 -0.00192601 FIN EUR
0 HG00362 -0.0129402 0.022479 -0.00179293 0.0156826 0.0179918 -0.00207947 -0.0119901 0.0215228 -0.0661813 -0.00104814 FIN EUR
0 HG00364 -0.0128664 0.0237876 -0.00344557 0.0216293 0.0207221 -0.00302238 -0.0156271 0.0225816 -0.0633874 -0.00432827 FIN EUR
0 HG00365 -0.0128808 0.0219155 -0.000282098 0.0175769 0.0172689 -0.00266737 -0.0212253 0.0272447 -0.0873046 -0.00109695 FIN EUR
0 HG00366 -0.0128842 0.0205753 -0.00198396 0.0228301 0.00220854 -0.00315296 -0.0203295 0.0280332 -0.0791066 -0.00921533 FIN EUR
0 HG00367 -0.012704 0.0231256 -0.00197454 0.0227949 0.00129311 -0.00030306 -0.0100516 0.0210205 -0.0684686 -0.0103484 FIN EUR
0 HG00368 -0.013052 0.0226812 -0.00252806 0.0222606 0.0102221 -0.00269598 -0.0174784 0.0330832 -0.0895911 -0.0120077 FIN EUR
0 HG00369 -0.0131692 0.020568 -0.000310456 0.0215453 -0.000892911 -0.00286664 -0.0214994 0.0279493 -0.0767273 -0.0033866 FIN EUR
0 HG00371 -0.0125037 0.0242938 -0.00122868 0.020791 0.0150724 -0.00213472 -0.022174 0.0285952 -0.0769505 -0.00922413 FIN EUR
0 HG00372 -0.0133729 0.0230395 -0.00168598 0.0228023 0.00657269 -0.00093227 -0.0139981 0.0239011 -0.0661558 -0.00598853 FIN EUR
0 HG00373 -0.0127415 0.0219664 -0.00175224 0.0210834 0.0111522 -0.00473606 -0.0218818 0.0269376 -0.0833023 -0.00866999 FIN EUR
0 HG00375 -0.0129843 0.0201703 -0.005852 0.0279011 -0.0204016 0.00382349 0.000764919 0.0230021 -0.0665848 -0.00305739 FIN EUR
0 HG00376 -0.0134127 0.0224687 -0.00207496 0.0213857 0.0143705 -0.0014398 -0.0157942 0.0321673 -0.0879873 -0.00429818 FIN EUR
0 HG00378 -0.0126324 0.0237574 -0.000785533 0.0220114 0.016046 -0.00070728 -0.00831829 0.0281754 -0.0807448 -0.00151476 FIN EUR
0 HG00379 -0.0127159 0.0207959 -0.00206377 0.0170762 0.0145209 -0.00610049 -0.0180858 0.0174362 -0.0606522 -0.00586321 FIN EUR
0 HG00380 -0.0124411 0.0242036 -0.000794191 0.0211007 0.0141227 -0.00288124 -0.0112345 0.0178829 -0.0487229 -0.00104941 FIN EUR
0 HG00381 -0.0129824 0.0231531 -0.00196234 0.0236776 0.0153133 -0.00156806 -0.0155586 0.0288072 -0.0810857 -0.00843893 FIN EUR
0 HG00382 -0.0127648 0.0195618 -0.00194805 0.0221217 0.0147175 -0.000618175 -0.0215188 0.0277003 -0.0709504 -0.00365869 FIN EUR
0 HG00383 -0.0130833 0.0228501 -0.000754629 0.0215743 0.0140403 -0.00368125 -0.0161941 0.0290719 -0.0861544 -0.00438545 FIN EUR
0 HG00384 -0.0126609 0.0222971 -0.00107501 0.022023 0.0154521 -0.00264242 -0.0154192 0.0209998 -0.0557421 -0.00929508 FIN EUR
0 HG00403 -0.013494 -0.034554 0.00418973 0.0112654 0.0152305 -0.00059567 -0.000731716 0.000901214 -0.00118816 -0.00298234 CHS EAS
0 HG00404 -0.0144406 -0.0368084 0.00222174 0.0178175 -0.0217399 0.00173487 -0.00466729 0.00292142 0.000588021 0.000156093 CHS EAS
0 HG00406 -0.013801 -0.0360157 0.00599294 0.0101797 0.02087 0.000865847 0.0148838 -0.000497279 -0.00142747 0.0002046 CHS EAS
0 HG00407 -0.0139119 -0.0342451 0.00447074 0.0100118 0.016782 0.000743964 0.00454933 0.00343592 -0.001027 -0.00126987 CHS EAS
0 HG00409 -0.0139077 -0.0354317 0.00366426 0.0103087 0.0229772 -0.00122427 0.00380566 -0.00258007 0.00404324 0.00085385 CHS EAS
0 HG00410 -0.0136025 -0.0354226 0.00309425 0.00846693 0.0216119 0.00044747 -0.0064927 -0.000592841 0.00457342 0.00458381 CHS EAS
0 HG00419 -0.0139142 -0.0355028 0.00412874 0.0102879 0.0152055 -0.00161119 0.00388515 3.32792e-05 0.00297345 0.00117386 CHS EAS
0 HG00421 -0.0135953 -0.0345631 0.00583657 0.0118854 0.0183274 0.000569274 0.00741924 0.00165758 0.000216181 -0.00081995 CHS EAS
0 HG00422 -0.013361 -0.0354907 0.00724616 0.0133331 0.0173381 -0.00390268 -0.00265473 -0.0018863 0.000696442 0.000300008 CHS EAS
0 HG00428 -0.0139632 -0.0355403 0.00519378 0.011805 0.0185867 -0.000579488 0.00569224 0.00236768 -0.00022188 -0.0015883 CHS EAS
0 HG00436 -0.0137716 -0.0351273 0.00416715 0.012635 0.00700641 -0.000983643 0.000960522 -0.000355296 0.000523128 -0.000760604 CHS EAS
0 HG00437 -0.0141381 -0.0354131 0.00422547 0.00946084 0.0184193 -0.00274365 -0.0109903 0.00197942 0.00527419 -0.0011545 CHS EAS
0 HG00442 -0.0134169 -0.0348269 0.00546477 0.0116528 0.0159795 -0.0024082 0.00248902 0.000236191 0.00271911 0.00147367 CHS EAS
0 HG00443 -0.0136697 -0.0355935 0.00452586 0.0121256 0.0161295 -0.00156382 -0.00941114 0.0013898 0.00125244 -0.00106222 CHS EAS
0 HG00445 -0.0137429 -0.0347102 0.00640067 0.0102617 0.0206153 -0.00111349 -0.00119916 0.000295508 -0.00165859 -0.0012384 CHS EAS
0 HG00446 -0.014311 -0.0352693 0.00604177 0.0111399 0.0203993 -0.000904161 -0.0082438 0.00258322 0.00253358 -4.00094e-05 CHS EAS
0 HG00448 -0.0139735 -0.0337148 0.0042143 0.00989291 0.0177862 -0.00232035 0.000539989 0.000731442 0.000742177 -0.000176708 CHS EAS
0 HG00449 -0.0143689 -0.0365484 0.00173654 0.0194271 -0.0180766 0.00501094 0.0108044 0.000965567 0.00135603 0.00486344 CHS EAS
0 HG00451 -0.0136389 -0.0340372 0.00455191 0.0113273 0.0180136 -0.00277131 -0.00224378 0.00170581 -0.00112322 -0.00278836 CHS EAS
0 HG00452 -0.0137124 -0.035463 0.00323285 0.0108918 0.0213493 -0.00154331 -0.00467056 0.00177579 0.000303307 -0.00199974 CHS EAS
0 HG00457 -0.0140813 -0.0355661 0.00449793 0.00991561 0.0210838 -0.0010975 0.00481026 -0.000498316 0.00480375 0.000300459 CHS EAS
0 HG00458 -0.0141004 -0.0365087 0.0042901 0.0110103 0.0208731 -0.00221684 -0.00841587 0.00183943 0.000906672 0.0030702 CHS EAS
0 HG00463 -0.0145578 -0.0371152 -0.000410868 0.0256233 -0.0552808 0.0123967 0.0115679 0.00337615 -0.00387769 0.00185962 CHS EAS
0 HG00464 -0.0146653 -0.0367572 -0.000430748 0.0219419 -0.0434502 0.00763164 0.00243398 0.000626543 -0.00152617 0.00288501 CHS EAS
0 HG00472 -0.013552 -0.0358514 0.00536178 0.0112 0.0207906 0.0016565 0.00453035 -0.000165338 0.00203015 0.000919266 CHS EAS
0 HG00473 -0.0140569 -0.0356 0.00517699 0.0123159 0.0211713 -0.00128261 -0.00901425 0.00229969 0.00212025 0.00281237 CHS EAS
0 HG00475 -0.013684 -0.0355342 0.00253389 0.00949148 0.0186327 -0.00240279 -0.0111432 0.00158626 0.00418534 0.00116868 CHS EAS
0 HG00476 -0.0138321 -0.0359557 0.00525457 0.0127155 0.0172222 -0.0012126 -0.00191521 0.000969061 0.00266366 -0.000488995 CHS EAS
0 HG00478 -0.0137014 -0.03611 0.00544816 0.0122378 0.0174236 -0.000136612 0.00652906 0.00186255 -0.00214484 0.000333147 CHS EAS
0 HG00479 -0.013888 -0.0354153 0.00518577 0.0132337 0.0178865 -0.000671732 -0.00130842 0.000533 0.0039162 0.0024793 CHS EAS
0 HG00500 -0.0143869 -0.0375927 0.00131615 0.0213272 -0.0294086 0.00753296 0.0177493 0.00207284 -0.00509949 0.00461339 CHS EAS
0 HG00513 -0.0140969 -0.0366433 0.00446699 0.0170068 -0.00423277 0.00164439 0.00449143 -0.000652845 -0.000459635 -0.00143295 CHS EAS
0 HG00524 -0.0139534 -0.03518 0.00453887 0.0164545 -0.00166384 3.64746e-05 0.00725183 0.00130136 0.00256045 -0.00258179 CHS EAS
0 HG00525 -0.0140493 -0.0347318 0.00417806 0.0110756 0.0156608 -0.00248407 -0.00787428 0.000100598 0.00206515 0.000991728 CHS EAS
0 HG00530 -0.0135512 -0.0332415 0.0034297 0.0113742 0.00690614 -0.00108248 -0.00645344 -0.00236498 0.00656825 -0.000252191 CHS EAS
0 HG00531 -0.0141431 -0.035992 0.00358505 0.0145996 -0.0025438 0.00227478 0.00617687 -0.00207511 0.000624894 0.00389957 CHS EAS
0 HG00533 -0.0144463 -0.0360691 0.00118272 0.0207497 -0.028136 0.00513134 0.00224177 0.00365414 -0.00272688 0.00309723 CHS EAS
0 HG00534 -0.0144802 -0.0359309 0.00174531 0.0217001 -0.0441213 0.0104168 0.0136197 0.00266583 -0.00482944 0.00342947 CHS EAS
0 HG00536 -0.0138973 -0.0375076 0.00385854 0.0125578 0.0162399 -0.00059205 0.00843222 -0.00109386 -0.000507588 0.000260629 CHS EAS
0 HG00537 -0.0140029 -0.0367368 0.00322539 0.0140785 0.00251337 -0.00103671 -0.010367 0.00245741 -0.00101993 0.00122117 CHS EAS
0 HG00542 -0.0136378 -0.0342123 0.00315229 0.0120672 0.00334317 0.00157693 -0.00101478 -0.00204354 0.00189831 9.61951e-05 CHS EAS
0 HG00543 -0.0136866 -0.0359577 0.00500902 0.0113939 0.0170807 -0.000424352 0.0139642 -0.00102763 -0.00277454 0.00102732 CHS EAS
0 HG00551 -0.00630554 0.0142515 -0.0157409 0.0243158 -0.0703276 0.00768513 0.0155077 -0.011661 0.0254901 -0.0191133 PUR AMR
0 HG00553 -0.00966156 0.0132178 -0.0244332 -0.00168208 0.00659926 -0.00170771 0.00204813 -0.0152687 0.0306811 -0.00159033 PUR AMR
0 HG00554 -0.0100922 0.0224117 -0.00246615 0.0179987 0.00291147 -0.00215857 0.00207725 -0.0174826 0.0418662 -0.00426148 PUR AMR
0 HG00556 -0.0139901 -0.0368824 0.00492767 0.0138547 0.0203971 -0.000385518 0.0049958 -0.000957063 -0.00256978 -0.00415362 CHS EAS
0 HG00557 -0.013658 -0.0354694 0.00346075 0.011014 0.0160547 -0.00213684 -0.0135058 -3.07226e-05 0.00162821 0.00546359 CHS EAS
0 HG00559 -0.0142559 -0.0342031 0.00475836 0.0105533 0.0187248 -0.00309241 -0.00366699 0.00127825 0.000169273 0.00397176 CHS EAS
0 HG00560 -0.0135428 -0.0359338 0.00429892 0.0111362 0.0180641 -0.00340265 -0.00398891 0.00295411 -0.000291178 0.002136 CHS EAS
0 HG00565 -0.0137945 -0.0351414 0.00279716 0.00951905 0.0182149 -0.00263294 -0.00937244 0.000661791 0.00214317 0.00107921 CHS EAS
0 HG00566 -0.0136825 -0.0353309 0.00494313 0.0107993 0.0194614 -0.00292335 -0.00315483 -0.00234332 0.0046118 0.000574749 CHS EAS
0 HG00580 -0.0145212 -0.0359686 0.000332553 0.0202189 -0.0361301 0.0074141 0.00579498 0.00140818 -0.00483144 -0.0029728 CHS EAS
0 HG00581 -0.0143575 -0.0375989 0.000377809 0.0229719 -0.0456338 0.00951834 0.00850717 0.000630513 -0.00263562 0.00348387 CHS EAS
0 HG00583 -0.0145351 -0.0374226 0.000775643 0.0234199 -0.0466623 0.0119786 0.0176086 0.00173515 -0.00654097 0.00317035 CHS EAS
0 HG00584 -0.0146722 -0.0367763 -0.000297494 0.0251121 -0.0489513 0.011036 0.00668596 -0.00144624 -0.00138794 0.00224644 CHS EAS
0 HG00589 -0.0143408 -0.0360853 0.00157683 0.0215383 -0.0389658 0.0073488 0.0118789 0.00154632 -0.00118967 0.00299111 CHS EAS
0 HG00590 -0.0139047 -0.0331688 0.00220393 0.0165648 -0.0297294 0.007914 0.00888262 0.00104729 -0.00317894 0.00352132 CHS EAS
0 HG00592 -0.0137703 -0.0335787 0.00317521 0.00996426 0.0182697 -0.00357288 -0.0257259 0.000983517 0.00378043 0.00737335 CHS EAS
0 HG00593 -0.0138171 -0.0345134 0.00453564 0.00893039 0.0202994 -0.00162121 -0.00345552 -0.00172653 0.00331383 -0.00118226 CHS EAS
0 HG00595 -0.0141914 -0.0361238 0.00417259 0.0138683 0.00951419 0.00100584 -0.00104487 -0.0012655 0.00644416 -0.000591178 CHS EAS
0 HG00596 -0.0135961 -0.0337538 0.00382237 0.00883939 0.0145927 -0.00122253 -0.00633793 0.00224427 -0.000710782 -0.00137296 CHS EAS
0 HG00598 -0.0138009 -0.0359961 0.00579343 0.00944782 0.0220603 -0.00027034 0.00589484 -0.000839339 -0.00038347 -0.00135301 CHS EAS
0 HG00599 -0.0136604 -0.035653 0.00666692 0.0090822 0.0203521 -0.000109759 -0.011549 -0.000940755 0.00509968 0.00123339 CHS EAS
0 HG00607 -0.0142745 -0.0376104 0.00112455 0.0222419 -0.038017 0.0078986 0.00657 0.0029018 -0.00427604 0.00335578 CHS EAS
0 HG00608 -0.0144539 -0.0365573 0.000661263 0.0196934 -0.0329625 0.0081981 0.0191011 0.00137025 -0.00497879 -0.00203484 CHS EAS
0 HG00610 -0.0140629 -0.0334063 0.0037635 0.0119244 0.00687708 -0.00127006 -0.0128953 0.000886085 0.00554176 -0.000256516 CHS EAS
0 HG00611 -0.0138505 -0.0339276 0.00406598 0.0116471 0.00986676 -0.000996282 -0.0090234 0.000184574 0.000701363 -0.00259905 CHS EAS
0 HG00613 -0.015086 -0.0364925 -0.00062736 0.0280402 -0.0658585 0.0118995 0.0107086 0.002194 -0.00437554 0.00111697 CHS EAS
0 HG00614 -0.0145063 -0.0364723 -4.80913e-05 0.0211333 -0.0316408 0.00759455 0.000785768 0.00183753 -0.00402138 0.00306274 CHS EAS
0 HG00619 -0.0142995 -0.0360177 0.000616446 0.0228747 -0.0365861 0.00773341 0.0176295 -0.00140245 -0.00395177 0.00527437 CHS EAS
0 HG00620 -0.0146611 -0.0365997 0.00124962 0.0203752 -0.0290949 0.00645548 -0.00302501 0.00367598 0.0022501 0.00321322 CHS EAS
0 HG00622 -0.0132766 -0.0343448 0.00508145 0.00952412 0.0197034 -0.0001045 0.000170903 -0.00328572 0.00326365 -0.00163181 CHS EAS
0 HG00623 -0.0142891 -0.0365904 0.00344259 0.0101058 0.0233321 7.94288e-06 -0.00817825 0.0015114 0.0013646 -4.26128e-05 CHS EAS
0 HG00625 -0.0133025 -0.0329655 0.0031202 0.00958596 0.0132668 -0.00297115 -0.00383362 -0.000143267 -0.000162176 -0.00267113 CHS EAS
0 HG00626 -0.0138966 -0.0347241 0.00468124 0.0133914 0.00830791 -0.00130025 -0.0119416 0.00252245 0.00260459 -0.000857134 CHS EAS
0 HG00628 -0.0136348 -0.0347857 0.00239895 0.0130414 0.0102352 -0.00209925 0.000364281 -0.000129164 0.000859855 -0.00223972 CHS EAS
0 HG00629 -0.0137788 -0.0342813 0.00360456 0.0102395 0.0111557 -0.00350811 -0.00724945 -7.3657e-05 -0.00256651 -0.00225336 CHS EAS
0 HG00631 -0.013837 -0.0356517 0.00434301 0.0107253 0.021769 0.00103222 -0.0104146 0.00155017 0.0013642 0.00391335 CHS EAS
0 HG00632 -0.0138846 -0.0361161 0.00703833 0.00950618 0.0208878 -0.000312118 -0.00658624 0.000523479 0.000966342 0.00290476 CHS EAS
0 HG00634 -0.013868 -0.0354727 0.00510278 0.0145727 0.0108893 -0.00287646 -0.00295846 -0.000348757 0.00450593 -0.00575579 CHS EAS
0 HG00637 -0.00793713 0.0151708 -0.0156815 0.00403745 0.00474618 0.00508958 0.00242299 -0.0104777 0.0191501 -0.0102947 PUR AMR
0 HG00638 -0.00174384 0.0164539 -0.0067696 0.0101553 0.00464277 0.00149245 0.00498178 -0.00381212 0.0191289 -0.00306472 PUR AMR
0 HG00640 -0.00859358 0.0117042 -0.0235674 4.02225e-05 0.0051857 -0.00127124 -0.00252837 -0.0095193 0.0304878 -0.0151519 PUR AMR
0 HG00641 -0.0050857 0.00932072 -0.0224 0.000785663 -0.0121197 0.00339151 0.000590677 -0.00349092 0.018703 -0.0190955 PUR AMR
0 HG00650 -0.0147255 -0.0365711 0.00245199 0.0218468 -0.0360792 0.00831711 0.0297534 0.00225233 -0.0081119 0.00138794 CHS EAS
0 HG00651 -0.0143248 -0.0369672 0.00242801 0.0211465 -0.0267327 0.00674348 0.0179628 -0.000436455 -0.00252173 0.00501897 CHS EAS
0 HG00653 -0.014652 -0.0353379 0.00081735 0.0249381 -0.0455114 0.0108405 0.0177333 0.000978575 -0.00303963 0.00366122 CHS EAS
0 HG00654 -0.014613 -0.0357989 0.00240372 0.0203154 -0.0348529 0.00688029 0.0224888 0.00266836 -0.00216296 0.0013454 CHS EAS
0 HG00656 -0.0143604 -0.0363332 0.0013919 0.0245917 -0.0591439 0.0119781 0.0367149 -0.00203803 -0.00729199 0.00112058 CHS EAS
0 HG00657 -0.0145126 -0.0374457 0.0011325 0.027389 -0.0563655 0.0108877 0.0214252 -0.00158804 -0.00162066 0.00302057 CHS EAS
0 HG00662 -0.0144041 -0.0375788 -0.000335238 0.0252405 -0.0511952 0.00791212 0.0105611 0.00190927 -0.0016691 -0.000557527 CHS EAS
0 HG00663 -0.0144535 -0.0364797 0.000814794 0.0235252 -0.052969 0.00959441 0.0228363 0.000622139 -0.00352937 -8.06977e-05 CHS EAS
0 HG00671 -0.0143378 -0.0356934 0.0003182 0.0245485 -0.0567822 0.0116499 0.0346857 -0.00118908 -0.00492543 0.000823411 CHS EAS
0 HG00672 -0.0143335 -0.0369295 0.00246409 0.0234077 -0.046394 0.00921881 0.0310807 -0.00167611 -0.00489327 -0.000413115 CHS EAS
0 HG00674 -0.0137182 -0.0372122 0.0076594 0.0129593 0.024783 0.00140167 0.0173755 -0.00349357 -0.00123674 -0.00304629 CHS EAS
0 HG00675 -0.0131344 -0.0351548 0.00697065 0.00999254 0.0202465 0.00177996 0.0106297 -0.00181065 -0.00052547 -0.00263329 CHS EAS
0 HG00683 -0.0140757 -0.0344979 0.00189526 0.0186881 -0.0326061 0.0053786 0.0162899 0.000314185 -0.00391266 0.00317933 CHS EAS
0 HG00684 -0.0139563 -0.0357224 0.00224532 0.0237091 -0.043624 0.0114658 0.0251906 0.000309517 -0.00367937 -0.00118073 CHS EAS
0 HG00689 -0.0146157 -0.0361788 0.00201435 0.02245 -0.0372902 0.00992019 0.0261212 0.000567801 -0.00506327 -0.000715213 CHS EAS
0 HG00690 -0.0139242 -0.0361781 0.000838034 0.0235695 -0.0449811 0.0102357 0.0274839 -0.000930347 0.000375342 0.00169779 CHS EAS
0 HG00692 -0.0141576 -0.0372292 0.00180088 0.0249871 -0.0513312 0.0103102 0.0317676 0.00144536 -0.00530531 0.00381961 CHS EAS
0 HG00693 -0.0145545 -0.0362494 0.00108669 0.024027 -0.0514234 0.0113076 0.037006 2.4828e-05 -0.00616713 0.00127972 CHS EAS
0 HG00698 -0.0144126 -0.0370917 0.00310242 0.024618 -0.0434013 0.0112597 0.0390859 -3.07634e-05 -0.00438804 -0.00306205 CHS EAS
0 HG00699 -0.014138 -0.0366849 0.00278868 0.0234214 -0.038321 0.00665843 0.0214846 0.00193868 -0.00407992 0.00513993 CHS EAS
0 HG00701 -0.014343 -0.0363864 0.002183 0.022376 -0.0403355 0.0096322 0.0189221 0.00101473 -0.00423216 0.00426473 CHS EAS
0 HG00704 -0.0146144 -0.0377459 0.000504525 0.02731 -0.0567298 0.0110635 0.0303593 0.000801066 -0.00464222 0.0020899 CHS EAS
0 HG00705 -0.0144671 -0.036939 0.00214163 0.0262236 -0.0470471 0.0112384 0.0335502 0.00156566 -0.00644377 -0.00407558 CHS EAS
0 HG00707 -0.0145554 -0.0368633 0.00111727 0.0251323 -0.0486055 0.0112944 0.0284846 0.000504583 -0.0023263 0.00263008 CHS EAS
0 HG00708 -0.0146948 -0.0370296 0.000519073 0.0276126 -0.0604218 0.0132927 0.0299446 -0.00187665 -0.00199393 0.00143625 CHS EAS
0 HG00717 -0.0137899 -0.0365236 0.00822079 0.0118736 0.0234095 -0.000700955 0.0133947 -0.00110006 0.00441085 0.00214683 CHS EAS
0 HG00728 -0.0135648 -0.0340461 0.00582451 0.00880993 0.0214989 -0.000279172 0.0095466 -0.000830835 0.00105289 -0.00104451 CHS EAS
0 HG00729 -0.0140967 -0.0347867 0.00857378 0.00958096 0.0214992 -0.000139317 0.00850873 -0.00127201 0.00115939 0.0035206 CHS EAS
0 HG00731 -0.0123756 0.019851 -0.0136143 0.0125782 0.0130914 -0.00199187 0.00132384 -0.00456078 0.02564 -0.00916851 PUR AMR
0 HG00732 -0.0110562 0.0169712 -0.0188172 0.00665754 0.0105487 0.000610246 0.00191952 -0.0133752 0.0358194 -0.00711121 PUR AMR
0 HG00734 -0.00701156 0.0178068 -0.0109796 0.0197942 -0.0243036 0.003755 0.00971221 -0.0151963 0.0321783 -0.00911491 PUR AMR
0 HG00736 -0.00811691 0.0166473 -0.0148168 0.0145676 -0.0103914 0.00812906 0.00874414 -0.0105721 0.0210442 -0.00447349 PUR AMR
0 HG00737 -0.0106079 0.0226059 -0.00405127 0.0226661 -0.0172318 0.00438335 0.00498427 -0.00493134 0.0162263 -0.00518313 PUR AMR
0 HG00739 -0.0115597 0.0227679 -0.00443767 0.0134607 0.0136533 -0.00289541 -0.00168776 0.00195713 0.000882382 -0.000341988 PUR AMR
0 HG00740 -0.00885907 0.0125662 -0.0233372 0.00944218 -0.0309984 0.00715154 0.00567679 -0.0040153 0.0121853 -0.011125 PUR AMR
0 HG00742 -0.00996822 0.0236216 0.000423497 0.0162406 0.0162459 0.00113628 0.00349735 -0.0113934 0.0344523 0.00586868 PUR AMR
0 HG00743 -0.00823063 0.00885705 -0.0311807 -0.00892376 0.0117438 -0.00358182 -0.00534395 -0.00732012 0.0281695 -0.0141489 PUR AMR
0 HG00759 -0.013824 -0.0347729 0.00604667 0.00888247 0.0223917 6.41803e-05 0.0235353 -0.000155009 -0.00162721 -0.000270647 CDX EAS
0 HG00766 -0.0134031 -0.0349881 0.00925863 0.0129035 0.0258866 0.00120252 0.0415238 -0.00153582 -0.0088102 -0.00730784 CDX EAS
0 HG00844 -0.0144575 -0.0358508 0.00882084 0.012356 0.0194072 0.002467 0.0444922 -0.00272523 -0.00362103 -0.00640376 CDX EAS
0 HG00851 -0.0133001 -0.0366233 0.00595589 0.0131161 0.0221303 0.00180335 0.0482696 0.00109415 -0.00899002 -0.00431671 CDX EAS
0 HG00864 -0.0137208 -0.0348913 0.00654702 0.0134601 0.00867228 0.00325455 0.0326387 -0.00158978 -0.00505816 -0.00288507 CDX EAS
0 HG00867 -0.0135064 -0.0360987 0.0070636 0.0110513 0.0251331 0.000205728 0.0426179 -0.00243497 -0.0067275 -0.00574335 CDX EAS
0 HG00879 -0.0132636 -0.0342365 0.00715962 0.0118018 0.00867665 0.00286498 0.0494192 -0.000651089 -0.00770375 -0.00225768 CDX EAS
0 HG00881 -0.0134038 -0.034426 0.00703804 0.0114596 0.0211991 0.000991124 0.0399768 0.00201963 -0.00722509 -0.00587241 CDX EAS
0 HG00956 -0.0134822 -0.0356537 0.00755879 0.0118224 0.0243221 8.61463e-05 0.0452238 -0.00211434 -0.00720511 -0.00270273 CDX EAS
0 HG00978 -0.0135372 -0.0335363 0.00770489 0.00963321 0.021381 0.000295359 0.0323759 0.000186997 -0.00687129 -0.00263282 CDX EAS
0 HG00982 -0.0135166 -0.0352469 0.00883119 0.0112295 0.0212517 0.00108258 0.0406311 -0.000653171 -0.00841694 0.000672829 CDX EAS
0 HG01028 -0.0136458 -0.034432 0.00789336 0.0123652 0.0236483 0.0019634 0.0461185 -0.00247508 -0.0040505 -0.00106032 CDX EAS
0 HG01029 -0.0137533 -0.0354741 0.00817985 0.0118375 0.0206071 0.000270596 0.0353776 3.30955e-05 -0.0083169 -0.00205143 CDX EAS
0 HG01031 -0.0142207 -0.0356738 0.0045864 0.0156689 -0.0109101 0.00606877 0.0525066 -0.00268256 -0.00945196 -0.00484746 CDX EAS
0 HG01046 -0.0134832 -0.0353783 0.00898389 0.011773 0.0218718 6.39194e-05 0.0407144 -0.00193263 -0.00558297 -0.0031246 CDX EAS
0 HG01047 -0.0111625 0.0186906 -0.0121151 0.0200883 -0.0277884 0.00773816 0.00907042 -0.0102646 0.0311297 0.00391348 PUR AMR
0 HG01048 -0.00779323 0.0166163 -0.0114663 0.0080208 0.00853621 -0.000319268 -0.000570061 -0.0107757 0.0256445 -0.00323856 PUR AMR
0 HG01049 0.00244452 0.012621 -0.0146134 0.0159222 -0.022672 0.00823557 0.00262778 0.000723314 0.00914357 -0.0139745 PUR AMR
0 HG01051 -0.00601843 0.0161 -0.0144631 0.0156927 -0.0311305 0.0100496 0.0145087 -0.0109266 0.0304698 -0.00449359 PUR AMR
0 HG01052 0.00277279 0.010183 -0.0139232 0.0103433 -0.0257718 -0.00625666 0.0127639 0.001383 0.011961 0.00504121 PUR AMR
0 HG01054 -0.0114978 0.0145555 -0.026436 0.0139223 -0.0502552 0.0063082 0.00997589 -0.00921757 0.0287726 -0.0112312 PUR AMR
0 HG01055 -0.00239135 0.0166642 -0.00835927 0.0168949 -0.0103779 0.00495958 0.00196028 -0.00160229 0.0230318 0.00585539 PUR AMR
0 HG01058 -0.00105214 0.0152327 -0.00607146 0.00753256 0.0122142 -0.0013568 0.00285216 -0.00996681 0.0272269 0.000570656 PUR AMR
0 HG01060 -0.0116454 0.0201963 -0.0149686 0.0166738 -0.0243128 0.00522004 0.0138091 -0.00842539 0.028181 -0.00336888 PUR AMR
0 HG01061 -0.0053724 0.013327 -0.0192096 0.0145743 -0.0289315 0.0130784 0.00883078 -0.00773389 0.0144423 -0.0132489 PUR AMR
0 HG01063 0.0137724 0.00922249 -0.00364937 0.00352831 0.00885331 -0.00772138 0.00370629 -0.00164188 0.0212079 -0.00598382 PUR AMR
0 HG01064 -0.00918299 0.0184439 -0.0124043 0.0066628 0.0147353 0.00384983 0.00152985 -0.00908461 0.0192175 -0.00488068 PUR AMR
0 HG01066 -0.00628397 0.0180339 -0.00747705 0.016869 -0.0119858 0.00303591 0.000459665 -0.00584994 0.021002 -0.00670376 PUR AMR
0 HG01067 -0.0100437 0.0191707 -0.011276 0.0182796 -0.017689 0.00567288 0.00903562 -0.0123125 0.0388036 -0.000122226 PUR AMR
0 HG01069 -0.00319939 0.0122728 -0.0224579 0.0112266 -0.0340185 0.0131274 0.0144349 -0.00726594 0.0315812 -0.00923737 PUR AMR
0 HG01070 -0.00894002 0.0172542 -0.0133837 0.0150809 -0.0371472 0.0120504 0.0130556 -0.0112037 0.0362027 -0.00328352 PUR AMR
0 HG01072 -0.0120974 0.0149678 -0.022509 0.0105958 -0.0229334 0.00605167 0.0126324 -0.0158157 0.0314762 0.00301983 PUR AMR
0 HG01073 -0.00824627 0.0172157 -0.0183875 0.0162539 -0.0342752 0.00360029 0.0164146 -0.0102207 0.0285635 -0.00377641 PUR AMR
0 HG01075 -0.0112857 0.0175141 -0.0153562 0.00702179 0.00788228 -0.00121136 0.00240828 -0.00270629 0.0120474 -0.0102829 PUR AMR
0 HG01077 -0.00667944 0.0147268 -0.0150471 0.00162087 0.0122937 -0.000262733 -0.000240358 -0.0104089 0.020387 0.0148995 PUR AMR
0 HG01079 -0.00731935 0.0146085 -0.0227926 0.0137913 -0.0475632 0.00707756 0.00977938 -0.0153223 0.0162205 -0.017503 PUR AMR
0 HG01080 -0.00510536 0.0153677 -0.0184334 0.0132147 -0.0236064 0.00604415 0.00807638 -0.0105619 0.0222371 0.00715078 PUR AMR
0 HG01082 -0.00971436 0.0165902 -0.0172677 0.0193801 -0.05265 0.00912125 0.0166642 -0.0082233 0.0159911 0.000858315 PUR AMR
0 HG01083 -0.0108278 0.0181561 -0.0162868 0.0207023 -0.0575809 0.0111368 0.0172991 -0.00402543 0.0315237 -0.00531754 PUR AMR
0 HG01085 -0.00793968 0.0163318 -0.0151672 0.0065574 0.0120828 0.00148297 0.00465526 -0.00874953 0.0199818 -0.00530965 PUR AMR
0 HG01086 -0.00440921 0.015186 -0.00901157 0.00474726 0.0125196 0.0066758 0.0040674 -0.00347221 0.0268303 -0.00767661 PUR AMR
0 HG01088 0.00572476 0.0119388 -0.00849969 0.00371005 0.0128589 -0.00160478 0.00204241 0.0019706 0.0162374 -0.0109929 PUR AMR
0 HG01089 -0.00896212 0.0187876 -0.010065 0.00984529 0.0151741 0.00148811 0.000739084 -0.0104586 0.0249893 -0.0066747 PUR AMR
0 HG01092 0.00769671 0.0120772 -0.00175905 0.00504903 0.00991779 -0.00483523 0.00413614 -0.000639534 0.0272195 0.00114866 PUR AMR
0 HG01094 -0.00844292 0.0193875 -0.0116621 0.0316861 -0.0699111 0.00996557 0.0116956 -0.0149401 0.0242024 -0.00617463 PUR AMR
0 HG01095 -0.00163839 0.0173257 -0.00405813 0.0134061 0.00757237 0.000352724 0.00379248 -0.0115624 0.0357311 -0.00220663 PUR AMR
0 HG01097 -0.00674485 0.0191287 -0.0082976 0.0124618 0.00976038 0.00199425 7.13665e-05 -0.0056219 0.0153541 -0.00523263 PUR AMR
0 HG01098 -0.00630115 0.0154548 -0.0150213 0.00604164 0.0116206 0.0020226 0.00340102 -0.010956 0.0227833 0.000504116 PUR AMR
0 HG01101 -0.00520268 0.0140901 -0.0200399 0.00562726 0.00567849 0.00163996 -0.000736556 -0.00885088 0.0167756 -0.019243 PUR AMR
0 HG01102 -0.00853358 0.0157888 -0.0176796 0.0167074 -0.0360238 0.00499729 0.0112453 -0.0107466 0.0212724 -0.0175021 PUR AMR
0 HG01104 -0.00911426 0.0170165 -0.013803 0.00702879 0.00920379 0.00169495 0.00572943 -0.00727105 0.0186655 -0.00119746 PUR AMR
0 HG01105 -0.00610746 0.0193848 -0.00440054 0.0139011 0.0123189 -0.00262176 0.00232896 -0.00126487 0.0141628 0.00768338 PUR AMR
0 HG01107 0.00217352 0.0131523 -0.00692621 0.0233572 -0.0505203 0.00367072 0.016638 -0.0063511 0.0274407 0.00437752 PUR AMR
0 HG01108 0.0172042 0.0034633 -0.0127317 0.011258 -0.0502918 0.0092731 0.019099 -0.00480593 0.0140449 0.0096266 PUR AMR
0 HG01110 -0.00980696 0.0168629 -0.0174216 0.0250945 -0.0758245 0.00998723 0.010217 -0.0110608 0.0297405 -0.0136138 PUR AMR
0 HG01111 -0.00919943 0.0130267 -0.0262408 0.0251026 -0.0768851 0.0197603 0.00306135 -0.00956516 0.0307189 -0.000449702 PUR AMR
0 HG01112 -0.0113488 0.0220735 -0.00757109 0.0167756 0.0105075 -0.0016533 0.00295978 -0.0104221 0.0258755 -0.000246964 CLM AMR
0 HG01113 -0.0122486 0.0140826 -0.0225268 0.00255813 0.0120071 -0.00128189 -0.00447654 -0.00537386 0.0249851 0.00817594 CLM AMR
0 HG01119 -0.0123357 0.024011 -0.00953373 0.0146122 0.0162352 -0.000287495 0.00126644 -0.0080644 0.0288196 0.00317879 CLM AMR
0 HG01121 -0.0111711 0.00468437 -0.0422795 -0.0174724 0.0131245 0.000387264 -0.00285837 0.000934552 -0.00144541 0.00660172 CLM AMR
0 HG01122 -0.0122613 0.0180309 -0.0176057 0.0053903 0.0156723 0.000533209 -0.00147137 -0.00611576 0.0232719 -0.00255433 CLM AMR
0 HG01124 -0.00439075 0.00208392 -0.04682 0.0025415 -0.0894928 0.0213706 0.0328975 -0.00606003 0.00799114 0.00604591 CLM AMR
0 HG01125 -0.00764101 0.0153486 -0.0162717 0.0234565 -0.0758263 0.01735 0.0321718 -0.0104008 0.0181972 0.0160952 CLM AMR
0 HG01130 -0.0114501 0.0184369 -0.0161679 0.00580884 0.0151103 -0.000151166 -0.00349617 -0.00498426 0.0200547 0.00225946 CLM AMR
0 HG01131 -0.0111706 0.0128197 -0.0282762 -0.00335925 0.0150756 -0.00315693 -0.0015555 -0.00910213 0.0184109 0.0121442 CLM AMR
0 HG01133 -0.0131976 0.018607 -0.016629 0.0360895 -0.119944 0.0247118 0.0396646 -0.00991515 0.0185871 0.00802435 CLM AMR
0 HG01134 -0.00998719 0.0143334 -0.0227286 0.0157737 -0.0562001 0.00871668 0.0173865 -0.00603475 0.0142475 0.0150628 CLM AMR
0 HG01136 -0.0130105 0.0147476 -0.0286227 0.0294732 -0.111583 0.0220632 0.0387613 -0.0100575 0.0168877 0.0207656 CLM AMR
0 HG01137 -0.0138674 0.00812625 -0.0454241 -0.00281212 -0.0517586 0.0101107 0.0213934 -0.000365854 -0.0018757 0.0102829 CLM AMR
0 HG01139 -0.00712732 0.005114 -0.0429647 -0.0163456 0.011904 -0.000739511 1.13027e-05 -0.00518104 0.00303648 -0.0089822 CLM AMR
0 HG01140 -0.00936957 0.0160731 -0.0213854 0.0232704 -0.086041 0.0215815 0.032309 -0.00740266 0.010256 0.0237756 CLM AMR
0 HG01142 -0.0109937 0.00734112 -0.039348 -0.0150746 0.0142488 -0.000175111 -0.000220157 -0.00378277 0.0102416 -0.0132327 CLM AMR
0 HG01148 -0.0129634 0.0130887 -0.0295153 0.00749895 -0.0212787 0.00542014 0.0131686 -0.00520333 0.0126722 0.00709852 CLM AMR
0 HG01149 -0.01228 0.00484073 -0.0412915 -0.000390926 -0.0457039 0.00654695 0.0122435 -0.000623817 0.00977195 0.0130367 CLM AMR
0 HG01161 -0.00135836 0.00985019 -0.0228339 -0.00306921 0.0108033 -0.00431196 -0.00308724 -0.00439417 0.0116308 -0.00287364 PUR AMR
0 HG01162 -0.00923836 0.0157789 -0.0157645 0.00273199 0.0140886 0.00160464 0.00144502 -0.00416535 0.0191017 0.00480836 PUR AMR
0 HG01164 -0.00662403 0.0167387 -0.0126844 0.00698045 0.0152704 -0.00201919 0.00166435 -0.00910619 0.0220397 -0.00478752 PUR AMR
0 HG01167 -0.00206827 0.0154451 -0.00804831 0.00654601 0.00958154 -0.00117519 0.00425114 -0.0117187 0.025968 -0.0147183 PUR AMR
0 HG01168 -0.010345 0.0179545 -0.0107548 0.00961752 -0.00567941 0.000610045 0.00799284 -0.0117047 0.0360749 0.0019173 PUR AMR
0 HG01170 -0.00589887 0.0144841 -0.0173489 0.0163494 -0.060349 0.0111131 0.0229396 -0.00191952 0.0210064 -0.0107402 PUR AMR
0 HG01171 -0.00601211 0.0133089 -0.0191745 0.0175838 -0.0590556 0.0101611 0.0194651 -0.00818772 0.0157199 0.00679394 PUR AMR
0 HG01173 -0.0109833 0.0202446 -0.00960449 0.0307194 -0.0595479 0.0122102 0.0212266 -0.0177005 0.0342464 0.000846279 PUR AMR
0 HG01174 -0.0104417 0.0133032 -0.0190063 0.0148899 -0.0557361 0.0076877 0.0194843 -0.0115562 0.0271106 0.00730434 PUR AMR
0 HG01176 -0.0103711 0.017553 -0.0176174 0.00809255 0.00399802 -0.000829233 -0.000763104 -0.00695642 0.0221433 -0.00665869 PUR AMR
0 HG01177 -0.010886 0.011486 -0.0380166 0.019412 -0.115563 0.0171374 0.0210114 -0.00559802 0.0144594 -0.00752323 PUR AMR
0 HG01182 -0.00720313 0.0122716 -0.022131 0.00723095 -0.0167459 0.00473702 0.00354511 -0.00876534 0.0242174 -0.0147739 PUR AMR
0 HG01183 -0.0078009 0.0179249 -0.0119851 0.0139809 0.00388695 -0.000237977 0.00722958 -0.014206 0.045431 -0.00906784 PUR AMR
0 HG01187 -0.00462924 0.00885468 -0.031373 0.000546382 -0.0171649 0.00510431 0.00468456 -0.00618589 0.0274759 -0.0215914 PUR AMR
0 HG01188 -0.00125101 0.0136974 -0.0124692 0.00826864 -0.00142703 -0.000209796 -0.00115282 -0.0174733 0.0138048 0.00644669 PUR AMR
0 HG01190 -0.00564863 0.0112957 -0.0261028 0.000356451 -0.00679164 0.00437444 0.00799211 0.00178702 0.0146279 -0.0176975 PUR AMR
0 HG01191 -0.00246663 0.016508 -0.0117249 0.00941456 0.00433673 0.000702078 0.000247834 -0.0111326 0.0247203 -0.0308654 PUR AMR
0 HG01197 -0.010016 0.0176985 -0.0200634 0.00682887 0.00594299 0.000479741 0.00394579 -0.01513 0.0242593 0.00218159 PUR AMR
0 HG01198 -0.00409672 0.0122495 -0.0204814 0.00313544 0.0043195 -0.00266584 0.000658401 -0.0124656 0.0317963 -0.000239587 PUR AMR
0 HG01200 -0.00899895 0.0198156 -0.00771633 0.0133076 0.0147517 1.66637e-05 -0.00273433 -0.00873907 0.0280161 0.00543175 PUR AMR
0 HG01204 -0.00562943 0.0157616 -0.0122225 0.00864662 0.00734782 -0.00496862 0.00316701 -0.00250114 0.0321342 -0.0107576 PUR AMR
0 HG01205 -0.0078089 0.0144461 -0.018923 0.00351428 -0.0037115 -0.00318896 0.00859801 -0.0160462 0.0238234 -0.00780512 PUR AMR
0 HG01241 0.0143384 0.00193324 -0.0189807 0.0191291 -0.10714 0.0111842 0.0117255 -0.000198811 0.000976886 0.00490862 PUR AMR
0 HG01242 0.0102999 0.005207 -0.0186386 0.0114921 -0.0597715 0.00681221 0.00570911 0.00428591 0.00372158 -0.0112438 PUR AMR
0 HG01247 -0.00740348 0.0163101 -0.0188424 0.0320278 -0.100825 0.0138644 0.0104277 -0.0119533 0.0259399 -0.0176767 PUR AMR
0 HG01248 -0.00799599 0.0163027 -0.0195399 0.0273344 -0.0948013 0.0174698 0.0172978 -0.0122488 0.0331432 -0.00480407 PUR AMR
0 HG01250 -0.0124745 0.0114456 -0.0312452 -0.00322136 0.0136288 -0.00334428 -0.00622031 -0.00691713 0.0176423 -0.00481792 CLM AMR
0 HG01251 -0.0128603 0.0127147 -0.027874 -0.00408519 0.0113304 -0.00170172 -0.00042549 -0.00284498 0.00723454 -0.00431398 CLM AMR
0 HG01253 -0.00887154 0.0117457 -0.0287878 -0.00321619 0.0120675 -0.00170845 0.004655 -0.0167254 0.0247211 0.00689441 CLM AMR
0 HG01254 -0.0047746 0.00778566 -0.0283271 -0.00897239 0.00898797 -0.00541531 0.00401982 -0.00316008 0.0170084 0.00382226 CLM AMR
0 HG01256 -0.012338 0.0171974 -0.0203386 0.00472306 0.0125436 -0.00172785 -0.00150026 -0.0102408 0.0405341 -0.00518047 CLM AMR
0 HG01257 -0.0129724 0.0102328 -0.0331402 -0.00589258 0.0101687 -0.0017255 0.00061889 -0.00549145 0.026959 0.0115325 CLM AMR
0 HG01259 -0.0114516 0.014629 -0.0202391 0.00451287 0.0133801 -0.00355564 -0.0019637 -0.00714279 0.0170981 -0.015353 CLM AMR
0 HG01260 -0.0065641 0.00622935 -0.0381389 -0.0125134 0.0102904 -0.00568812 -0.00192989 -0.00118785 0.00599884 -0.0213118 CLM AMR
0 HG01269 -0.00929453 0.00954397 -0.0252298 -0.0062922 0.0142374 0.00567958 0.000205143 -0.0133019 0.0169055 0.0107141 CLM AMR
0 HG01271 -0.0109915 0.0191002 -0.0119785 0.0080383 0.0163211 -0.000537483 0.00220606 -0.00977805 0.020679 0.00295091 CLM AMR
0 HG01272 -0.00678751 -0.000383212 -0.0480495 -0.022767 0.012637 -0.00231267 -0.0062119 -0.00321328 0.00962822 0.0100033 CLM AMR
0 HG01275 -0.0110809 0.0249829 -0.00309807 0.0201434 0.0193235 -0.00277758 0.00518281 -0.0110051 0.0442546 0.00832994 CLM AMR
0 HG01277 -0.0136043 0.00654819 -0.0432568 -0.0153167 0.0142284 0.000829436 0.00356734 -0.00512342 0.0128456 -0.00151472 CLM AMR
0 HG01280 -0.0103929 0.0178966 -0.0183746 0.00547516 0.0164226 -0.0003325 0.00112413 -0.00707819 0.020042 0.000795474 CLM AMR
0 HG01281 -0.0117789 0.0120201 -0.0289683 -0.00460411 0.0138837 0.00084113 0.00271971 -0.00618518 0.019898 0.00335565 CLM AMR
0 HG01284 -0.0116642 0.0111183 -0.0307015 -0.00702757 0.0149821 -0.00260666 -0.000267635 -0.00640487 0.0178188 0.00105143 CLM AMR
0 HG01286 0.00800155 0.00800903 -0.010751 0.00257247 0.0100112 0.00129876 0.00300955 0.00145142 0.0305737 0.0202172 PUR AMR
0 HG01302 -0.00705195 0.0132939 -0.0179091 -0.00135126 0.0117968 0.00712027 0.00405477 -0.0146579 0.0214928 -0.00340623 PUR AMR
0 HG01303 -0.00876196 0.0114682 -0.024522 -0.00585184 0.0111382 0.00129137 0.00453627 -0.0189259 0.0385587 0.00414143 PUR AMR
0 HG01305 -0.00855992 0.0124522 -0.029381 -0.00652312 0.0122389 0.00166568 0.00255837 -0.01257 0.0228487 -0.00870851 PUR AMR
0 HG01308 0.000842552 0.011725 -0.0117844 0.00454725 0.0129928 0.0033701 -0.00100508 -0.0134396 0.0244104 -0.00862945 PUR AMR
0 HG01311 -0.00964077 0.0226107 -0.00461226 0.0140928 0.0151116 -0.003151 0.00647124 -0.00575533 0.0254884 -0.00292777 PUR AMR
0 HG01312 -0.00701571 0.0163421 -0.0139727 0.00725823 0.0126599 -0.000312242 -0.000864507 -0.0119144 0.0225657 0.00276424 PUR AMR
0 HG01323 -0.00489275 0.0173014 -0.0101796 0.00374065 0.0114447 -0.00651831 0.00551401 -0.013375 0.0208606 -0.00498268 PUR AMR
0 HG01325 -0.00656629 0.0195939 -0.00620759 0.00821276 0.012949 0.000812844 -0.000497726 -0.0104622 0.0270805 0.000560044 PUR AMR
0 HG01326 -0.00847254 0.0129302 -0.0242558 -0.00305651 0.0136877 0.00114421 0.00495173 -0.00715519 0.0130577 0.000623941 PUR AMR
0 HG01334 -0.0124419 0.0247591 -0.00206503 0.0250906 -0.0127212 0.00225572 0.00424696 0.0048466 -0.013898 0.00236969 GBR EUR
0 HG01341 -0.0123968 0.0044888 -0.0489521 -0.00686471 -0.0457702 0.0076905 0.0107854 -0.00116982 0.00738904 0.00619293 CLM AMR
0 HG01342 0.00561876 -0.00107107 -0.036759 -0.00924569 -0.0202316 -0.00719848 0.00614268 0.000156372 0.00620244 0.0219788 CLM AMR
0 HG01344 -0.0108071 0.00700499 -0.042048 -0.0167074 0.0120168 -0.00132804 0.00141017 -0.00713278 0.0153463 -0.000874796 CLM AMR
0 HG01345 -0.0109092 0.0157067 -0.0210667 0.00459227 0.0151706 -0.00247037 0.0035224 -0.0113229 0.0316201 0.00635962 CLM AMR
0 HG01348 -0.0116075 0.00831203 -0.0360877 -0.0154121 0.0148974 -0.000284462 0.00349609 -0.00825348 0.0229527 0.0113283 CLM AMR
0 HG01350 -0.00703712 0.00410805 -0.0443333 -0.00475632 -0.043264 0.0115321 0.0135489 0.0026574 0.013328 -0.000531092 CLM AMR
0 HG01351 -0.0122927 0.0102166 -0.0304879 0.00473572 -0.0336776 0.0047006 0.011791 -0.00586638 0.0119298 0.00111803 CLM AMR
0 HG01353 -0.0114242 0.0184301 -0.0132654 0.0248166 -0.0567831 0.0119451 0.0171243 -0.00825456 0.0241926 0.0101062 CLM AMR
0 HG01354 -0.0127819 0.0180668 -0.0176144 0.0236267 -0.054238 0.00872655 0.0149919 -0.0058336 0.012736 -0.00138967 CLM AMR
0 HG01356 -0.011335 0.0208292 -0.0112608 0.0109739 0.0159982 0.000381111 0.00220475 -0.0106376 0.0320991 0.00386048 CLM AMR
0 HG01357 -0.0131378 0.0128447 -0.030667 -0.00303898 0.0145817 -0.000466622 0.00494987 -0.00566152 0.0135855 0.00969317 CLM AMR
0 HG01359 -0.0131424 0.0138522 -0.0206865 0.00919722 -0.0160498 0.00200239 0.00762882 -0.00488748 0.0163542 -0.00355477 CLM AMR
0 HG01360 -0.0113903 0.0172174 -0.0180666 0.00532312 0.0124718 -0.00438656 0.00286488 -0.00457765 0.0190635 -0.000150378 CLM AMR
0 HG01362 -0.000983633 0.0091915 -0.0217302 -0.00165371 0.0150147 0.00457524 0.0017954 -0.00808916 0.0112252 -0.00312746 CLM AMR
0 HG01363 -0.0114829 0.0101652 -0.0297695 -0.00443693 0.0148187 0.00189525 0.00348144 -0.00576913 0.0150037 0.0103334 CLM AMR
0 HG01365 0.00323312 0.00368184 -0.0261803 0.00460133 -0.0490811 0.00957901 0.0158091 0.00210589 0.0168494 0.00868133 CLM AMR
0 HG01366 -0.0123893 0.00653939 -0.0434986 -0.00193205 -0.0422067 0.00684038 0.0140289 -7.68614e-05 0.00396243 -0.0137701 CLM AMR
0 HG01369 -0.00722827 0.0110174 -0.0279864 -0.00650087 0.0115541 0.00113322 0.00745653 -0.0114631 0.0179297 -0.001508 CLM AMR
0 HG01372 -0.0112035 0.0128136 -0.0255708 -0.00379689 0.0148113 0.000856856 0.00556437 -0.0103447 0.0290952 0.00785118 CLM AMR
0 HG01374 -0.0132387 0.0192074 -0.0215888 0.0152094 -0.0359894 0.007973 0.0209556 -0.00921848 0.0268344 0.0028582 CLM AMR
0 HG01375 -0.00982236 0.00806049 -0.0386091 0.00306196 -0.0490447 0.014444 0.013237 -0.00376341 8.88655e-05 -0.00227859 CLM AMR
0 HG01377 -0.00778441 0.0137358 -0.0203754 0.00369379 0.0133158 0.00329108 -0.00200902 -0.00743219 0.00887496 0.00579345 CLM AMR
0 HG01378 -0.0121359 0.00561662 -0.039192 -0.0131959 0.010301 -0.00209748 2.95161e-05 -0.00602144 0.021723 -0.00302895 CLM AMR
0 HG01383 -0.0112589 0.0172927 -0.018703 0.00802029 0.0124823 -0.00218472 -0.00225228 -0.00682013 0.0166935 -0.00337739 CLM AMR
0 HG01384 -0.0087331 0.0165833 -0.0161415 0.00867558 0.0132685 0.000550073 -0.000117204 -0.00707835 0.0251591 -0.00461358 CLM AMR
0 HG01389 -0.0131185 0.0152593 -0.0260739 0.015691 -0.0604286 0.0102005 0.0189464 -0.00543648 0.0126203 0.000947877 CLM AMR
0 HG01390 0.00545216 0.00660026 -0.0189343 0.00893256 -0.0449557 0.00212525 0.0172162 0.000638123 0.000308468 -0.0151525 CLM AMR
0 HG01392 -0.010881 0.0172442 -0.0168152 0.00477022 0.0143289 -0.00184992 -0.00139185 -0.0102534 0.0280971 0.000515893 PUR AMR
0 HG01393 -0.00167045 0.0142643 -0.00661645 0.00905919 0.0134069 0.00832472 0.000101941 -0.0147536 0.0234967 0.00611047 PUR AMR
0 HG01395 -0.0113675 0.0180667 -0.0201429 0.0038849 0.0136015 -9.91346e-05 0.00425327 -0.00864704 0.0237027 -0.0108821 PUR AMR
0 HG01396 0.000118449 0.0123407 -0.00964736 0.0037061 0.0105728 -0.00552283 0.00123953 -0.00850567 0.0334472 0.0169967 PUR AMR
0 HG01398 -0.000559307 0.0142831 -0.0105121 0.00758138 0.0134017 0.00304921 0.00173157 -0.0153208 0.0246339 -0.00143287 PUR AMR
0 HG01402 -0.00396165 0.0131028 -0.0163873 -0.00116668 0.011511 0.00340992 0.0018578 -0.0151135 0.032357 -0.00132691 PUR AMR
0 HG01403 -0.0075957 0.0140762 -0.0173383 0.00100294 0.0122591 -0.00465635 0.00296213 -0.0111905 0.0293986 -0.000111861 PUR AMR
0 HG01405 -0.00910952 0.0194269 -0.00895882 0.00778549 0.014853 0.00113292 0.00374431 -0.0172285 0.0359933 0.000308312 PUR AMR
0 HG01412 -0.00999655 0.0176186 -0.0151597 0.00562719 0.0127358 0.000374512 0.00480591 -0.00908151 0.0337091 -0.00585311 PUR AMR
0 HG01413 -0.00360688 0.0096798 -0.0247388 -0.00594942 0.0107211 0.00526557 0.00334021 -0.0100384 0.0193765 -0.0146616 PUR AMR
0 HG01414 -0.00468799 0.0187858 -0.00837994 0.0092443 0.0118999 -0.000389217 0.001477 -0.00685896 0.0208592 -0.00212829 PUR AMR
0 HG01431 -0.00782794 0.00909496 -0.025233 -0.00635006 0.0125651 -0.00263793 -0.005556 -0.0110878 0.0198893 0.01036 CLM AMR
0 HG01432 -0.011523 0.0148347 -0.0269711 -0.000884446 0.0166907 -0.00130792 0.00748692 -0.0057445 0.0127386 -0.00917267 CLM AMR
0 HG01435 -0.00874968 0.001813 -0.0485065 -0.022786 0.012681 -0.00311464 -0.000923959 -0.00291855 -0.0018349 0.0154128 CLM AMR
0 HG01437 -0.0131815 0.0189602 -0.0165415 0.010886 -0.00709582 0.00171285 0.00251112 -0.00387142 0.00749401 -0.00718498 CLM AMR
0 HG01438 -0.0122516 0.0212524 -0.00913929 0.0271891 -0.0468879 0.0100855 0.0142705 -0.0109986 0.0212639 -0.00353618 CLM AMR
0 HG01440 -0.00317905 0.0103915 -0.0270228 0.00215999 -0.0183585 0.00381078 0.00986877 0.00173808 0.00695925 -0.00201942 CLM AMR
0 HG01441 -0.0120914 0.0102219 -0.0333182 -0.00370532 -0.0147695 0.00532462 0.0065782 -0.0066178 0.0135379 0.00630317 CLM AMR
0 HG01443 -0.0094905 -0.00344686 -0.0656372 -0.0339006 0.0110504 0.00133588 0.00332894 0.00124179 0.00435098 -0.00200433 CLM AMR
0 HG01444 -0.0102396 0.0100246 -0.0332725 -0.0104034 0.0123354 0.00244458 0.00266047 -0.00482146 0.0116154 0.022308 CLM AMR
0 HG01447 -0.0104111 0.00972669 -0.0320587 -0.010612 0.0135219 0.000771862 -0.00189575 -0.00862556 0.0212772 0.00238535 CLM AMR
0 HG01455 -0.0129411 0.0143349 -0.0253451 -6.965e-05 0.0128614 0.00067607 -0.00267365 -0.000516829 0.00101058 -0.00765169 CLM AMR
0 HG01456 -0.0115336 0.013684 -0.0259352 -0.00111998 0.0134574 0.00122718 0.00660698 -0.00655765 0.0175434 -0.000529504 CLM AMR
0 HG01459 -0.00780809 0.00703435 -0.0363856 -0.01377 0.0125575 0.00686551 0.00235826 -0.00467852 0.0192802 -0.00247151 CLM AMR
0 HG01461 -0.00824103 0.00709114 -0.036084 -0.00237782 -0.0236942 0.000906792 0.0107793 -0.00659959 0.0177297 0.00617622 CLM AMR
0 HG01462 -0.00394397 0.00416778 -0.0384684 -0.00362166 -0.0290773 0.00618664 0.00728587 0.00626751 0.00828684 -0.00679826 CLM AMR
0 HG01464 -0.00819564 0.00554306 -0.0424571 -0.016224 0.0137899 -0.00317881 0.000746529 -0.00881511 0.0193019 0.00988247 CLM AMR
0 HG01465 -0.0115158 0.0175993 -0.0173398 0.0142515 -0.0161136 0.00347844 0.0137148 -0.0143616 0.0326238 -0.000417505 CLM AMR
0 HG01468 -0.0109781 0.0194183 -0.0109908 0.00845676 0.0168042 -0.000875192 0.00229247 -0.00972242 0.0270983 0.000937743 CLM AMR
0 HG01474 -0.0113703 0.0260394 -0.00153824 0.0209043 0.0175384 1.29844e-05 0.00335598 -0.0130518 0.0300313 0.00398003 CLM AMR
0 HG01479 -0.012454 0.0201694 -0.014076 0.00781515 0.015152 7.61083e-05 0.00437397 -0.0136288 0.0370471 0.00193606 CLM AMR
0 HG01485 0.00997303 0.00257345 -0.0222378 -0.0103079 0.0107042 0.00332024 0.00538156 -0.00292894 0.0107894 -0.00183925 CLM AMR
0 HG01486 -0.0127047 0.0153267 -0.0231406 -0.00133512 0.0160241 -8.08061e-05 -0.00226168 -0.00691366 0.0192482 0.00129688 CLM AMR
0 HG01488 -0.00627009 0.0188611 -0.00687845 0.0207934 -0.0227043 0.00618975 0.00398706 -0.00387385 0.0135936 0.00581071 CLM AMR
0 HG01489 -0.0122239 0.0176032 -0.0194551 0.0106668 -0.0152244 0.0021879 0.0155998 -0.00604669 0.0233984 -0.00507445 CLM AMR
0 HG01491 -0.0127128 0.0189353 -0.0207496 0.0161825 -0.028026 0.0074051 0.0105122 -0.00401201 0.0124812 -0.00112121 CLM AMR
0 HG01492 -0.0122207 0.0177481 -0.0198898 0.0122766 -0.0164096 0.00333312 0.0106858 -0.0094416 0.0277876 0.000149926 CLM AMR
0 HG01494 -0.0126934 0.00953031 -0.0416436 -0.0154392 0.0113572 -0.00182359 0.00411131 -0.00866404 0.0193659 0.00716988 CLM AMR
0 HG01495 -0.0118887 0.00907006 -0.0355381 -0.00959006 0.0124266 -0.00139745 -0.00407154 -0.0143835 0.0323399 0.00439864 CLM AMR
0 HG01497 -0.0077588 0.00667725 -0.0353935 -0.0119471 0.0112757 0.000232927 0.00317826 -0.00716058 0.0112419 -0.000311725 CLM AMR
0 HG01498 -0.01256 0.0137103 -0.0260438 -0.00368867 0.0134207 -0.00218061 0.00157731 -0.00585077 0.0136406 0.0077074 CLM AMR
0 HG01500 -0.0103804 0.0250132 0.000514192 0.0197181 0.0161318 -0.000782127 -0.00123029 -0.00797321 0.0187853 0.00277339 IBS EUR
0 HG01501 -0.0113485 0.0243482 0.00113472 0.0183094 0.0159087 -0.00150824 -0.00145867 -0.0085753 0.0166352 0.0015491 IBS EUR
0 HG01503 -0.0118548 0.0253652 0.00105041 0.0206459 0.0171046 -0.00482693 -0.000826142 -0.00418587 0.0149224 0.00498299 IBS EUR
0 HG01504 -0.0115301 0.0251176 0.000920119 0.0223756 0.0180641 -0.0013476 -0.00132108 -0.000725537 0.00680007 0.00172643 IBS EUR
0 HG01506 -0.0112595 0.0248443 -0.000150244 0.0219689 0.015982 -0.00290486 0.00258641 -0.00614808 0.0196064 -0.00157302 IBS EUR
0 HG01507 -0.0110009 0.0242023 0.00120235 0.0210371 0.0150666 -0.00227479 0.00547822 -0.00792978 0.0281106 -0.00216462 IBS EUR
0 HG01509 -0.010586 0.0249773 0.000421202 0.0224876 0.0168665 0.000517201 0.00263484 -0.00861438 0.0244423 0.00244094 IBS EUR
0 HG01510 -0.010847 0.0243389 0.000337397 0.0198025 0.0149061 0.000125035 0.000574209 -0.00669373 0.0171597 -0.000884532 IBS EUR
0 HG01512 -0.0115205 0.0252415 0.00113153 0.0199388 0.0130313 -0.00193491 0.0054034 -0.0113522 0.0289032 0.00111803 IBS EUR
0 HG01513 -0.0121961 0.0257813 -0.000329285 0.0214407 0.0143673 -0.000690109 0.00551277 -0.00788659 0.0269867 0.00485553 IBS EUR
0 HG01515 -0.0122714 0.0251527 -0.00160503 0.0207063 0.0130466 6.22233e-05 0.00455133 -0.0055679 0.0224382 -0.00284449 IBS EUR
0 HG01516 -0.0123775 0.0258745 0.000123581 0.0223608 0.0126187 0.00104813 -0.000464858 -0.00419796 0.0155567 -0.000982969 IBS EUR
0 HG01518 -0.0129049 0.0270435 -0.000692248 0.0253147 0.0149175 -0.00528482 0.00325128 -0.00539127 0.0231673 0.00284548 IBS EUR
0 HG01519 -0.0118132 0.0258446 -0.00121062 0.0223335 0.0132082 0.000110774 -0.000142879 -0.00469844 0.0180277 -0.00179132 IBS EUR
0 HG01521 -0.0125251 0.02628 0.000247117 0.0226943 0.010407 -0.00248319 0.00149757 -0.00902891 0.0264943 -0.00328496 IBS EUR
0 HG01522 -0.012342 0.026434 -0.00015367 0.0220763 0.0120937 -0.000818265 0.00429913 -0.0042066 0.0121082 -0.00139938 IBS EUR
0 HG01524 -0.0117606 0.0256789 0.000251388 0.0217728 0.0150084 0.000641876 0.00439596 -0.00525033 0.0215245 0.000882996 IBS EUR
0 HG01525 -0.0109303 0.0262204 0.00152471 0.0227116 0.0145064 -0.00330545 0.00668173 -0.00785774 0.0198689 0.000767031 IBS EUR
0 HG01527 -0.0109149 0.0257843 0.00143307 0.0199992 0.0139643 -0.000766328 0.0033115 -0.00896526 0.0256774 -0.00390879 IBS EUR
0 HG01528 -0.00998491 0.0249057 0.000109384 0.0215769 0.0147715 -4.12369e-05 0.00161095 -0.00871775 0.0259852 0.0034538 IBS EUR
0 HG01530 -0.0106001 0.0250899 0.000601921 0.0223447 0.0142788 -0.00233172 0.00301403 -0.00536234 0.0201073 0.00416057 IBS EUR
0 HG01531 -0.0116647 0.0238912 0.000151905 0.0214351 0.0144689 -6.1885e-05 0.00293866 -0.00926331 0.0162846 -0.00151311 IBS EUR
0 HG01536 -0.0115893 0.024773 0.00220052 0.0211481 0.0161124 -0.00333015 -0.000446829 -0.0011837 0.00266775 -0.00309397 IBS EUR
0 HG01537 -0.012447 0.026081 -0.000281686 0.0226467 0.0177572 0.00054839 0.00614869 -0.00887971 0.0260121 -0.00113832 IBS EUR
0 HG01550 -0.0104182 0.0173794 -0.0162762 0.00419543 0.0112975 -0.00319039 0.00449463 -0.0105408 0.0235177 0.00344141 CLM AMR
0 HG01551 0.00284418 0.00147929 -0.0383518 -0.0155085 0.00787438 -0.00438871 0.00145721 -0.00989743 -0.00018942 -0.00924251 CLM AMR
0 HG01556 0.00057684 0.006662 -0.0226 -0.00643606 0.0117956 -0.00318559 0.00373536 -0.00261996 0.0141991 0.00980913 CLM AMR
0 HG01565 -0.0140522 0.00150548 -0.0563905 -0.0270884 0.0142941 -0.00401583 -0.00302887 -0.00257669 0.00840338 0.00904749 PEL AMR
0 HG01566 -0.0124467 0.00460596 -0.0495717 -0.0213647 0.0162101 -0.00325018 -0.00357777 -0.0038745 0.00489307 -0.00258635 PEL AMR
0 HG01571 -0.0137476 -0.00423145 -0.0698407 -0.040592 0.0135786 -0.003951 -0.000177376 0.00333923 -0.0116624 -0.00208093 PEL AMR
0 HG01572 -0.0154028 -0.0130524 -0.0936624 -0.0576499 0.0132463 -0.00320252 0.00214172 0.00574345 -0.0136702 0.0040207 PEL AMR
0 HG01577 -0.0141274 0.0021776 -0.0570763 -0.0255376 0.0095482 -0.000970735 0.0059937 -0.00145458 0.002716 0.00165525 PEL AMR
0 HG01578 -0.012408 0.0076569 -0.0422932 -0.0153556 0.00983583 -0.00472647 0.00246131 -0.000890014 -0.000695743 0.000694946 PEL AMR
0 HG01583 -0.0109603 0.0112326 0.0184968 -0.021063 -0.00217641 0.000479922 0.00206874 0.00128009 -0.000792145 6.88605e-05 PJL SAS
0 HG01586 -0.0111179 0.0109866 0.0185836 -0.0211382 -0.00228115 -0.000357527 0.00257259 0.00307991 -0.00479644 -0.00050898 PJL SAS
0 HG01589 -0.0113943 0.0112733 0.0157802 -0.0211433 -0.000506041 0.000827342 0.000429678 -6.81005e-05 0.00271445 0.00385298 PJL SAS
0 HG01593 -0.010982 0.0108471 0.0216872 -0.0266546 -0.00471057 0.000143369 -0.00201346 -0.00171673 0.00385551 0.00131354 PJL SAS
0 HG01595 -0.0133001 -0.034061 0.00685754 0.011729 0.0188562 0.000735065 0.0300136 -0.00228097 -0.00359068 -0.00560969 KHV EAS
0 HG01596 -0.0132831 -0.0286011 0.0095353 0.00766428 0.0176471 0.00175217 0.0272648 0.000276023 -0.00413119 -0.00560594 KHV EAS
0 HG01597 -0.0138558 -0.0355158 0.00683092 0.0123329 0.0206683 0.00067374 0.0449635 0.000208215 -0.0077567 -0.00226878 KHV EAS
0 HG01598 -0.0138612 -0.0335801 0.00610374 0.0110023 0.019424 9.99639e-05 0.0363005 -0.00207058 -0.00199059 -0.00422851 KHV EAS
0 HG01599 -0.0142415 -0.0353658 0.00227534 0.0213562 -0.0351283 0.0126469 0.0471284 -0.00302877 -0.00679166 -0.000127028 KHV EAS
0 HG01600 -0.0142284 -0.0354257 0.00134115 0.0236327 -0.0489045 0.012721 0.0510556 -0.00339042 -0.00346325 0.00362853 KHV EAS
0 HG01602 -0.0116542 0.025261 0.00124609 0.0207247 0.015468 -0.00259361 0.00349078 -0.00942897 0.0261057 0.00231236 IBS EUR
0 HG01603 -0.0106159 0.0246232 0.000682017 0.0187675 0.0158584 -0.0031318 0.0037257 -0.00936547 0.0241067 0.000917407 IBS EUR
0 HG01605 -0.0121039 0.0260897 0.00100945 0.0207844 0.0180047 -0.00228163 0.00364025 -0.0071259 0.028993 0.0101028 IBS EUR
0 HG01606 -0.0115635 0.0251301 0.00135347 0.021319 0.0177776 0.0007731 0.000968325 -0.00562383 0.016284 0.00304368 IBS EUR
0 HG01607 -0.0114639 0.0256592 0.00168453 0.0200645 0.0155371 0.000196026 0.00484393 -0.00842295 0.0277153 0.00426644 IBS EUR
0 HG01608 -0.0108265 0.0247434 0.00110086 0.019084 0.0158223 -0.000584755 0.00190346 -0.0089265 0.0218897 0.00277111 IBS EUR
0 HG01610 -0.0101677 0.0244436 0.00143336 0.0210622 0.0174751 0.00022589 0.00439544 -0.0106201 0.0237143 0.00499507 IBS EUR
0 HG01612 -0.0110879 0.0244509 0.00148968 0.0194125 0.016002 -0.00175945 0.000957906 -0.00724431 0.0152435 0.00174257 IBS EUR
0 HG01613 -0.0112862 0.024804 0.00210809 0.0185712 0.0162185 -0.000547366 0.00455567 -0.00979107 0.0331001 6.55888e-05 IBS EUR
0 HG01615 -0.0117111 0.0251859 -0.000118758 0.0192513 0.0165842 -0.00165443 0.00229952 -0.0122258 0.0310238 0.00784437 IBS EUR
0 HG01617 -0.0117365 0.0256948 0.0009687 0.0197279 0.0161171 -0.00102038 0.000249949 -0.00278562 0.00777532 0.00668127 IBS EUR
0 HG01618 -0.0112205 0.0251403 0.00114257 0.0183365 0.0171914 -0.00119825 0.00423562 -0.0139542 0.0308765 0.00766657 IBS EUR
0 HG01619 -0.0116552 0.0257954 0.00103365 0.0193076 0.0178584 0.00278309 0.00147404 -0.00930956 0.0281648 0.00444548 IBS EUR
0 HG01620 -0.0108453 0.0253034 0.000697121 0.0207158 0.0172383 0.000710361 0.0012163 -0.00997992 0.0292372 -0.00134463 IBS EUR
0 HG01623 -0.0121426 0.0252096 0.000987642 0.0204505 0.0165147 -0.00335511 0.000866827 -0.00587027 0.0207719 0.00411053 IBS EUR
0 HG01624 -0.0110516 0.0258993 0.00156303 0.0201321 0.0168377 -0.00264616 0.00368837 -0.0158968 0.0305723 0.000159948 IBS EUR
0 HG01625 -0.0119226 0.0263228 -6.15338e-05 0.0193264 0.0174189 -0.00304556 0.00247237 -0.00947952 0.0288156 0.00327977 IBS EUR
0 HG01626 -0.01066 0.0240726 0.00154546 0.0183947 0.015833 -0.00306103 0.00424241 -0.01331 0.0337754 0.00430619 IBS EUR
0 HG01628 -0.0099538 0.0238593 0.00179416 0.0161345 0.0162076 -0.00294741 -0.00180748 -0.00923224 0.0107294 0.00164722 IBS EUR
0 HG01630 -0.00968396 0.02444 0.000861264 0.0183744 0.0178301 -0.004366 0.00219595 -0.0133337 0.0314839 0.00438728 IBS EUR
0 HG01631 -0.0125319 0.0266198 -0.000496413 0.0225758 0.0157335 -0.000774474 0.00567155 -0.00527646 0.0196713 0.00385569 IBS EUR
0 HG01632 -0.0118559 0.0247081 0.00174898 0.0225099 0.015304 -0.000913247 0.00325533 -0.00821257 0.0289621 -0.00226623 IBS EUR
0 HG01668 -0.0109192 0.0251843 0.00112678 0.0193022 0.0170513 -1.13632e-06 0.00108607 -0.00346025 0.0100586 0.00186586 IBS EUR
0 HG01669 -0.0100653 0.0241163 -0.000299491 0.0171293 0.0168149 -0.00289069 -0.000290312 -0.00800815 0.0158527 -0.00109508 IBS EUR
0 HG01670 -0.0111727 0.0252268 -0.000315334 0.0213904 0.0175085 -0.00293945 0.00142642 -0.0089865 0.0227626 0.00634999 IBS EUR
0 HG01672 -0.0121428 0.025347 0.00311276 0.0184053 0.0171501 -0.00207329 0.000573858 -0.00700933 0.0190689 0.00460231 IBS EUR
0 HG01673 -0.0119683 0.0233029 -0.00268868 0.0314178 -0.0530853 0.00990206 0.0169111 -0.0132038 0.0297928 0.0058042 IBS EUR
0 HG01675 -0.012979 0.0256085 -0.00396582 0.0343382 -0.0541907 0.0108338 0.0220709 -0.00760387 0.0189728 0.00970643 IBS EUR
0 HG01676 -0.0130972 0.0262168 -0.00414825 0.0358212 -0.0482276 0.0105337 0.01456 -0.00803072 0.00305523 0.0094135 IBS EUR
0 HG01678 -0.0126687 0.0239288 -0.0044602 0.0343939 -0.0603197 0.0118222 0.0184321 -0.00590108 0.0106952 0.00916865 IBS EUR
0 HG01679 -0.012168 0.0250137 -0.00372877 0.0333689 -0.0531289 0.0138809 0.019602 -0.00544497 0.0271802 0.00581875 IBS EUR
0 HG01680 -0.0122385 0.0242054 -0.00522009 0.0345035 -0.0508718 0.00994312 0.017551 -0.00365719 0.0187178 0.00523202 IBS EUR
0 HG01682 -0.0118352 0.0248792 -0.00128083 0.0270853 -0.0179771 0.00537504 0.0163986 -0.00563737 0.0160887 0.00395972 IBS EUR
0 HG01684 -0.0118538 0.0255317 -0.00196896 0.0301663 -0.0193787 0.00419183 0.009631 -0.00550979 0.01072 0.00828616 IBS EUR
0 HG01685 -0.0116845 0.0230186 -0.00265581 0.026043 -0.0265783 0.00792529 0.0133781 -0.009124 0.00711343 0.00294615 IBS EUR
0 HG01686 -0.0115009 0.0243084 -0.00216515 0.0254411 -0.0242323 0.00571916 0.0160392 -0.00511895 0.00500119 0.00367799 IBS EUR
0 HG01694 -0.00819193 0.0216542 -0.00242031 0.0270581 -0.024213 0.0108174 0.0153433 -0.0101886 0.0248647 1.78511e-05 IBS EUR
0 HG01695 -0.0108705 0.0233559 -0.00185165 0.0278037 -0.0251427 0.00345988 0.0175061 -0.00961736 0.01998 -0.00318898 IBS EUR
0 HG01697 -0.00958414 0.0234035 0.000442605 0.0165271 0.0162093 0.00209344 -0.000194124 -0.00600539 0.0145689 0.000766671 IBS EUR
0 HG01699 -0.0107021 0.026255 0.000228934 0.0227849 0.0174959 -0.0026749 0.00124092 -0.0104524 0.0247367 0.000882895 IBS EUR
0 HG01700 -0.0125199 0.0249191 -0.000371849 0.0225454 0.0151321 -6.29994e-05 0.00449099 -0.00319806 0.0118826 0.00161093 IBS EUR
0 HG01702 -0.0122473 0.0252444 0.00153214 0.0191191 0.0137965 0.0026826 0.0100944 -0.00528423 0.0232446 0.00677945 IBS EUR
0 HG01704 -0.0105505 0.0248376 0.00138314 0.0187444 0.0167236 -0.000457586 0.00391487 -0.0128184 0.0234681 -0.00543343 IBS EUR
0 HG01705 -0.0107051 0.0252976 -0.00014929 0.0219261 0.0174496 -0.00113364 0.00212237 -0.0159246 0.0360335 0.00575455 IBS EUR
0 HG01707 -0.0107721 0.0248336 0.00105285 0.0195812 0.0151053 -0.00194279 0.00429611 -0.00693502 0.0252875 0.00157761 IBS EUR
0 HG01708 -0.0114537 0.0257043 0.00185312 0.0191265 0.0156212 -0.00142769 0.000769677 -0.00972777 0.0223362 0.000533689 IBS EUR
0 HG01709 -0.0107357 0.0256113 0.00164165 0.020613 0.0164254 -0.00205428 0.00227219 -0.00881734 0.0288075 -0.00151158 IBS EUR
0 HG01710 -0.0102721 0.0253642 0.00166591 0.0200902 0.0163323 -0.000178037 0.0023684 -0.0093399 0.0212519 0.00380387 IBS EUR
0 HG01746 -0.0112795 0.0259226 0.00198758 0.0225524 0.0171996 -0.0012868 0.00221394 -0.0106548 0.0272843 -0.00125329 IBS EUR
0 HG01747 -0.0117492 0.0247521 -0.000445619 0.0197981 0.0169384 -0.0016432 -5.06506e-05 -0.00793755 0.016414 0.000262506 IBS EUR
0 HG01756 -0.0101241 0.024381 -0.000205159 0.019881 0.0179931 0.00040119 0.00464809 -0.0135426 0.032541 0.00053821 IBS EUR
0 HG01757 -0.0115932 0.025353 0.000968116 0.0205121 0.0191284 -0.00304046 0.00379256 -0.0133514 0.0363006 0.00351059 IBS EUR
0 HG01761 -0.0118933 0.0262287 0.000920828 0.0219418 0.0175583 -0.00328024 0.00400578 -0.0124986 0.0360284 0.00215384 IBS EUR
0 HG01762 -0.0110353 0.025645 0.00235543 0.019157 0.0172531 -0.00396786 0.000269612 -0.00709262 0.0255408 0.00522821 IBS EUR
0 HG01765 -0.0112462 0.0254108 0.00260475 0.0190879 0.0163621 -0.000532051 0.00020357 -0.00937174 0.0219517 0.00264038 IBS EUR
0 HG01766 -0.0107776 0.0251957 0.00200517 0.0199776 0.0176543 0.00223362 -0.000157698 -0.0180782 0.0408113 0.0040043 IBS EUR
0 HG01767 -0.0107423 0.0251516 0.00121846 0.0185094 0.0160515 -0.00150389 -0.0010229 -0.0068397 0.0160925 -0.00312806 IBS EUR
0 HG01768 -0.0111146 0.0254988 0.000612623 0.0198491 0.0180269 -0.000646161 -0.000529573 -0.00892056 0.0291526 -0.00116433 IBS EUR
0 HG01770 -0.0112299 0.0253374 0.00239396 0.0188476 0.0165995 -0.00289931 0.000388404 -0.00678965 0.0215148 0.00504677 IBS EUR
0 HG01771 -0.0108156 0.0255666 0.00100307 0.0190471 0.0184738 -0.00175258 -0.00136804 -0.0108374 0.024471 0.00377657 IBS EUR
0 HG01773 -0.0120637 0.0259164 0.00249618 0.0185112 0.0162247 -0.00150804 -0.000705913 -0.00665784 0.0163482 0.00736723 IBS EUR
0 HG01775 -0.0117409 0.0257692 0.0011802 0.0207494 0.018284 -0.000894651 0.00300703 -0.00780522 0.0238836 -0.00163445 IBS EUR
0 HG01776 -0.0125291 0.0253319 0.00230312 0.0181617 0.016016 -0.000449835 0.00231399 -0.00635307 0.0174157 0.00679113 IBS EUR
0 HG01777 -0.0120351 0.0253007 0.000446684 0.0193048 0.0186943 -0.0037898 0.00126455 -0.00632207 0.0247064 0.00382346 IBS EUR
0 HG01779 -0.0110401 0.0257433 0.00151426 0.0222384 0.0178548 0.00161747 -0.000986455 -0.00800344 0.020186 -0.000763189 IBS EUR
0 HG01781 -0.0120325 0.0255683 0.000704788 0.0226733 0.0187155 -0.00303906 0.00293041 -0.00811688 0.0274015 0.00249193 IBS EUR
0 HG01783 -0.0101413 0.0251044 0.00192861 0.0175656 0.0177007 -0.0021248 0.00179712 -0.0132049 0.0298466 0.00464957 IBS EUR
0 HG01784 -0.0114156 0.0252042 0.00080845 0.0203476 0.0186173 0.000102269 0.00132398 -0.00879784 0.0244346 0.00530159 IBS EUR
0 HG01785 -0.0121101 0.0246974 0.000211342 0.0203032 0.0178929 -0.000603625 -0.00152103 -0.00390411 0.00384075 0.00251003 IBS EUR
0 HG01786 -0.0121684 0.025857 0.00220032 0.0187024 0.0182522 -0.00418474 -0.000469609 -0.0103423 0.0314243 0.00169851 IBS EUR
0 HG01789 -0.0129839 0.0255816 6.50862e-06 0.0197608 0.018872 -0.00180897 -0.004155 0.0048883 -0.00881381 0.00603303 GBR EUR
0 HG01790 -0.012156 0.0257075 0.000626017 0.0193412 0.0170743 -0.00248437 -0.00376849 0.00593316 -0.0105823 0.00457494 GBR EUR
0 HG01791 -0.0120448 0.0247987 0.000666414 0.0185985 0.0150773 -0.00110089 -0.00234287 0.00791855 -0.0118976 -0.00184361 GBR EUR
0 HG01794 -0.0134877 -0.0351405 0.00597184 0.011739 0.020819 0.00123343 0.0395366 -0.00240523 -0.00850064 -0.0051098 CDX EAS
0 HG01795 -0.0137246 -0.0351972 0.0073647 0.0116799 0.0210061 0.000924482 0.0427835 -0.000556421 -0.0086766 -0.00432771 CDX EAS
0 HG01796 -0.0138177 -0.034746 0.00734682 0.0124827 0.0206415 0.00345708 0.0371529 -0.00326824 -0.00622327 -0.00552393 CDX EAS
0 HG01797 -0.0136549 -0.0343425 0.00901313 0.00986298 0.020901 0.00130072 0.0471335 -0.00164448 -0.00650907 -0.00562282 CDX EAS
0 HG01798 -0.0142238 -0.0353695 0.00470068 0.011349 0.018489 0.00081845 0.0126596 0.00111228 0.000546253 -0.00038727 CDX EAS
0 HG01799 -0.0138933 -0.036182 0.00841272 0.0120984 0.0213213 0.00350448 0.0462504 -0.00170017 -0.00662434 -0.00807543 CDX EAS
0 HG01800 -0.0133765 -0.0344298 0.00734195 0.0112995 0.0234094 0.0023076 0.0437328 -0.00173423 -0.00534355 -0.00559747 CDX EAS
0 HG01801 -0.0138955 -0.0349996 0.00669104 0.0111915 0.0213928 0.00230905 0.0360023 0.000442484 -0.00837401 -0.00519962 CDX EAS
0 HG01802 -0.0134197 -0.0340065 0.00692336 0.0100592 0.0184379 0.000434892 0.0266667 -0.000115101 -0.00554833 -0.00197783 CDX EAS
0 HG01804 -0.0133804 -0.034717 0.00931121 0.0118393 0.0202774 0.000477789 0.0430464 -0.00328894 -0.00574763 -0.0030937 CDX EAS
0 HG01805 -0.0136187 -0.0354405 0.00835563 0.0127554 0.0219065 0.0016641 0.0370545 -0.00119206 -0.00509705 -0.00224688 CDX EAS
0 HG01806 -0.0139226 -0.0368503 0.00824499 0.0127638 0.0217441 0.00176261 0.0426898 0.00110286 -0.00701808 -0.00799312 CDX EAS
0 HG01807 -0.0135518 -0.0350472 0.00760842 0.0111572 0.0203688 3.34338e-05 0.0405103 -0.00134487 -0.00815877 -0.00515197 CDX EAS
0 HG01808 -0.0134632 -0.0365546 0.0103631 0.0132131 0.022534 0.00206911 0.0470007 -0.00231364 -0.00383247 -0.00623125 CDX EAS
0 HG01809 -0.0137709 -0.0347848 0.00831717 0.0124495 0.020764 0.000573425 0.028898 0.00019216 -0.00522337 -0.0031721 CDX EAS
0 HG01810 -0.0135122 -0.0346239 0.00842714 0.0119899 0.0206243 0.00169945 0.0436908 0.00121626 -0.00969983 -0.00893032 CDX EAS
0 HG01811 -0.0136364 -0.0344541 0.00786818 0.0122804 0.020951 0.00115154 0.0459657 0.000140561 -0.0083338 -0.0062217 CDX EAS
0 HG01812 -0.0131276 -0.0339307 0.00720295 0.0115777 0.02168 0.001576 0.0388732 0.00111418 -0.00730444 -0.00626123 CDX EAS
0 HG01813 -0.0135301 -0.0347348 0.0077011 0.0110541 0.0207276 0.000150873 0.0326041 0.000600068 -0.00546842 -0.00416682 CDX EAS
0 HG01815 -0.0133981 -0.0346258 0.00735922 0.0117002 0.0200797 0.0014298 0.0422365 -0.0020721 -0.00496011 -0.00320257 CDX EAS
0 HG01816 -0.0138795 -0.0352399 0.00819414 0.013307 0.0216417 0.000330208 0.0370013 0.000834163 -0.00680795 -0.00508689 CDX EAS
0 HG01817 -0.0135798 -0.0361335 0.00946395 0.0149148 0.022603 0.000491937 0.0447718 -0.00390666 -0.00199898 -0.00184708 CDX EAS
0 HG01840 -0.014193 -0.034001 0.00529724 0.0188753 -0.0329472 0.0112735 0.0448965 0.000149782 -0.00901771 -0.00050902 KHV EAS
0 HG01841 -0.0140459 -0.0355127 0.00254872 0.022022 -0.0359378 0.00819091 0.0455502 0.000361027 -0.0095588 0.000638872 KHV EAS
0 HG01842 -0.0141651 -0.0344951 0.00414851 0.0211657 -0.0314547 0.0095366 0.0405001 -0.00179848 -0.0100384 -0.00528997 KHV EAS
0 HG01843 -0.0136847 -0.0350513 0.00335788 0.0204454 -0.0321914 0.011668 0.0449887 -0.00172585 -0.00638583 0.00163754 KHV EAS
0 HG01844 -0.0139108 -0.0363635 0.0040168 0.0213025 -0.0351757 0.0101191 0.0487874 -0.00082816 -0.00904597 -0.00182636 KHV EAS
0 HG01845 -0.0138805 -0.0365488 0.000772041 0.0262881 -0.0635802 0.0187745 0.069967 0.000406647 -0.014206 0.00641461 KHV EAS
0 HG01846 -0.0140507 -0.0350893 0.00184409 0.0190161 -0.0309244 0.00900759 0.0390134 -0.00280641 -0.0068728 0.000380205 KHV EAS
0 HG01847 -0.0142457 -0.035537 0.00367634 0.0209273 -0.0329398 0.00917073 0.0542241 -0.000124973 -0.00904066 -0.000824143 KHV EAS
0 HG01848 -0.0139716 -0.0369324 0.00422344 0.0222734 -0.0340173 0.0106576 0.0505177 0.00160886 -0.011159 -0.00244699 KHV EAS
0 HG01849 -0.0143653 -0.0349413 0.00265385 0.0197429 -0.0355281 0.0103716 0.0400811 -0.00274704 -0.00409309 -1.92622e-05 KHV EAS
0 HG01850 -0.0139873 -0.0348373 0.00324327 0.0191433 -0.0290693 0.00822101 0.0334258 0.000106431 -0.0108116 -0.00159329 KHV EAS
0 HG01851 -0.0144755 -0.0349835 0.00335062 0.0199564 -0.0318076 0.0104967 0.04774 0.000793473 -0.00673544 -0.00257396 KHV EAS
0 HG01852 -0.0146706 -0.0364238 0.00340053 0.0257402 -0.0549466 0.0164564 0.0714353 0.000336491 -0.0140812 0.0039774 KHV EAS
0 HG01853 -0.0144018 -0.036122 0.00337453 0.0273569 -0.0596272 0.0157618 0.0580556 0.000391383 -0.0106238 0.00184123 KHV EAS
0 HG01855 -0.0143644 -0.0359409 0.00260253 0.0252828 -0.0567936 0.0152609 0.0670381 -0.00157691 -0.0104455 0.00236074 KHV EAS
0 HG01857 -0.0145534 -0.0361673 0.000457502 0.0251376 -0.0526351 0.0162254 0.0583283 -0.00179294 -0.00951177 0.00361593 KHV EAS
0 HG01858 -0.013972 -0.0356877 0.00266101 0.0249577 -0.0596594 0.0167475 0.0599485 -0.00210681 -0.0125163 0.00300554 KHV EAS
0 HG01859 -0.0145464 -0.0347429 0.00131671 0.0244901 -0.0493145 0.0144469 0.0551162 -0.000629146 -0.0143252 0.00398045 KHV EAS
0 HG01860 -0.0137516 -0.034062 0.00652217 0.0104827 0.0205698 0.000698276 0.0371127 0.0002073 -0.00127155 0.000756222 KHV EAS
0 HG01861 -0.0134511 -0.033609 0.00741648 0.0112042 0.0191307 0.001411 0.0364106 -0.00257638 -0.00577906 -0.00146703 KHV EAS
0 HG01862 -0.0134754 -0.0336055 0.00842973 0.00896311 0.0210339 0.000703145 0.0244757 -0.00158974 -0.0033738 0.000142545 KHV EAS
0 HG01863 -0.0131299 -0.0321368 0.00766589 0.00752616 0.0192539 -0.000316039 0.0236043 -0.00192927 -0.00290503 -0.000372466 KHV EAS
0 HG01864 -0.0134303 -0.0334168 0.00678806 0.00842649 0.0211158 -0.00139738 0.0215636 -0.00418093 0.00211078 -0.00264631 KHV EAS
0 HG01865 -0.0134814 -0.0347482 0.00651058 0.0103659 0.0233888 0.000677475 0.0410917 -0.00327888 -0.0055195 -0.00108126 KHV EAS
0 HG01866 -0.0130144 -0.0315465 0.00802684 0.00646462 0.0196953 0.000158268 0.0271333 -0.00238397 -0.00175051 -0.00427813 KHV EAS
0 HG01867 -0.0135361 -0.0337655 0.00757796 0.008229 0.0213944 0.00260515 0.0338754 -0.0036593 -0.00139107 -0.0034345 KHV EAS
0 HG01868 -0.0135484 -0.0331333 0.0083769 0.00971121 0.0227382 0.000613875 0.0425329 -0.00203319 -0.00227548 0.00028953 KHV EAS
0 HG01869 -0.013501 -0.0347556 0.00783646 0.0100448 0.0224184 0.00160839 0.0275936 0.00195147 -0.00638145 -0.00451532 KHV EAS
0 HG01870 -0.0136024 -0.0341587 0.00692767 0.00910418 0.024817 0.0028195 0.0413992 -0.00299403 -0.000389264 -0.00314674 KHV EAS
0 HG01871 -0.013597 -0.0346792 0.00779629 0.0102814 0.0235116 0.00166 0.0226085 -0.00307642 -0.00148905 0.00233335 KHV EAS
0 HG01872 -0.0138269 -0.0322284 0.0072051 0.00759576 0.0225353 0.000701739 0.023807 -0.0022127 0.000627413 0.00269409 KHV EAS
0 HG01873 -0.0135 -0.0344175 0.00750874 0.0115812 0.0236602 0.00160062 0.0207779 -0.00183266 0.00190599 -0.00219056 KHV EAS
0 HG01874 -0.0131873 -0.0328936 0.00755384 0.00666245 0.0212713 0.000335828 0.0290614 -0.00527347 -0.00262363 0.000246983 KHV EAS
0 HG01878 -0.0132827 -0.0337569 0.00880133 0.0112949 0.0241655 0.00219295 0.036508 -0.00274955 -0.00317648 -0.00195666 KHV EAS
0 HG01879 0.027544 0.00122667 -0.00170096 0.00669151 -0.0198399 -0.01272 0.0153188 0.0322766 0.0041862 6.04226e-05 ACB AFR
0 HG01880 0.0128561 6.91844e-05 0.00732613 -0.00686924 -0.0402974 -0.00453076 0.0195623 0.0138415 -0.0106097 -0.0103146 ACB AFR
0 HG01882 0.0323366 -0.00213065 -7.40554e-05 0.00220764 0.00282968 -0.0175593 0.00867437 0.0222193 0.00593588 0.00674897 ACB AFR
0 HG01883 0.0319198 -0.00222483 3.16797e-06 0.00176526 0.00332341 -0.00326215 0.00532136 0.0121254 -0.00177235 0.046495 ACB AFR
0 HG01885 0.0315134 0.000214202 -0.000976919 0.00120053 0.0040166 -0.00594837 0.00285184 0.0189204 0.0104566 -0.0147643 ACB AFR
0 HG01886 0.0338608 -0.00180104 -0.000762513 0.000492494 0.0048397 0.00506309 0.000130324 0.0158696 0.00371346 0.062602 ACB AFR
0 HG01889 0.0349193 -0.001762 -0.000729369 0.000140447 0.00597285 -0.00179324 -0.000809709 0.00980016 0.00475983 0.0154062 ACB AFR
0 HG01890 0.0317635 -0.00112041 0.000167064 0.00154106 0.00650479 0.00425531 0.000286416 0.0171457 0.00852081 0.00749349 ACB AFR
0 HG01892 -0.0127025 -0.00872608 -0.0805804 -0.0306495 -0.0643223 0.0121545 0.0265397 0.0100304 -0.0250594 0.00412241 PEL AMR
0 HG01893 -0.00342897 0.00067792 -0.0471665 -0.0073466 -0.0572889 0.00543646 0.0339772 -0.000209344 0.00227823 0.00776881 PEL AMR
0 HG01894 0.0265048 0.00268714 -2.39431e-05 0.00318214 0.00750383 0.00269461 9.17229e-05 0.0107995 -0.00313183 0.0112279 ACB AFR
0 HG01896 0.0346457 -0.00298662 -0.00161166 0.00498264 -0.0170356 0.00425999 0.0179708 0.032215 0.00501375 -0.0066651 ACB AFR
0 HG01912 0.0324367 -0.000269367 -0.000187886 0.000149268 0.00527126 -0.00168933 0.00263661 0.0178591 -0.000116336 0.000222897 ACB AFR
0 HG01914 0.0304969 -0.000633821 -0.00456449 0.0142167 -0.0540086 0.0223424 0.0198465 0.00631442 -0.00784642 0.042238 ACB AFR
0 HG01915 0.0332684 -0.00155601 -0.00267337 0.00751842 -0.0265287 0.00171664 0.0176353 0.0172363 -0.00317732 0.0101565 ACB AFR
0 HG01917 -0.0152278 -0.00817387 -0.0848232 -0.0341757 -0.0658055 0.0137014 0.0366576 0.00614895 -0.0237178 0.0120124 PEL AMR
0 HG01918 -0.015335 -0.000752347 -0.0669669 -0.015757 -0.071308 0.0150474 0.0393627 0.00568271 -0.0202199 0.00807492 PEL AMR
0 HG01920 -0.0164727 -0.0161082 -0.104409 -0.0461686 -0.0747405 0.0163628 0.0381133 0.0119452 -0.03322 0.0063079 PEL AMR
0 HG01921 -0.0149826 -0.0024462 -0.0713353 -0.0193359 -0.0677117 0.0145646 0.0362101 0.0031864 -0.0191755 -0.00312725 PEL AMR
0 HG01923 -0.0154297 -0.0092923 -0.0856406 -0.0501179 0.00967277 -0.00391141 -0.00169383 0.00492793 -0.00961554 0.00688228 PEL AMR
0 HG01924 -0.011061 -0.00587537 -0.0686889 -0.0391983 0.00832139 0.00173369 0.00102342 0.00275874 -0.0177081 -0.00553245 PEL AMR
0 HG01926 -0.0142011 -0.0118706 -0.0882381 -0.054776 0.0124069 -0.000193779 0.00496347 0.00643498 -0.0222877 0.00235165 PEL AMR
0 HG01927 -0.0156368 -0.0101325 -0.0905844 -0.054031 0.0113868 -0.00207426 0.00042107 0.0121237 -0.0299122 -0.00312902 PEL AMR
0 HG01932 -0.0146138 -0.00508912 -0.0737995 -0.0413602 0.0118926 -0.00105121 0.00137672 0.0020084 0.00104357 0.00716148 PEL AMR
0 HG01933 -0.0101842 -0.00665833 -0.0641465 -0.0347476 0.0130693 -0.00282869 0.000547993 -0.000389456 -0.00281712 0.00372868 PEL AMR
0 HG01935 -0.0142925 -0.00567398 -0.0741951 -0.0415591 0.0151937 -0.00369201 0.00209872 0.00336877 -0.0086605 0.00487608 PEL AMR
0 HG01936 -0.0142658 0.00175543 -0.0599057 -0.0295747 0.0123142 -0.00183779 0.0043353 0.00165888 -0.00176907 -0.00748481 PEL AMR
0 HG01938 -0.015408 -0.0130131 -0.092715 -0.0559821 0.01187 -0.00155353 -0.00435043 0.00482375 -0.0161155 0.00128499 PEL AMR
0 HG01939 -0.0132175 -0.00635685 -0.0781671 -0.0450609 0.0126523 -2.9774e-05 0.00311775 0.000780491 -0.0111594 0.000795911 PEL AMR
0 HG01941 -0.005129 -0.00737676 -0.0633856 -0.0375233 0.00978253 -0.00428111 -0.00131676 0.00675758 -0.00849016 -0.00892612 PEL AMR
0 HG01942 -0.0143367 -0.00594298 -0.0777962 -0.0456931 0.0115694 -0.00261149 -0.00143002 -0.00117071 -0.00193979 -0.000449725 PEL AMR
0 HG01944 -0.0145411 -0.013381 -0.0674757 -0.0394542 0.0143602 -0.00351611 -0.00453559 0.00160414 -0.00947166 -0.00248497 PEL AMR
0 HG01945 -0.0147132 -0.00415305 -0.0689041 -0.0381286 0.0138284 -0.00152113 0.0015238 0.00358731 -0.0148481 0.00556435 PEL AMR
0 HG01947 -0.0135505 0.000829963 -0.0563675 -0.0295028 0.0127686 -0.002579 0.00154357 0.000358468 -0.00381065 -0.0061599 PEL AMR
0 HG01948 -0.00962694 -0.00270684 -0.0648457 -0.0363344 0.0123316 -0.00467235 0.00136223 0.000322559 -0.00608619 -0.000887623 PEL AMR
0 HG01950 -0.0145478 -0.0119064 -0.0844232 -0.0511522 0.0116882 -0.0018055 0.000255091 0.00353002 -0.013914 0.000830278 PEL AMR
0 HG01951 -0.0108806 -0.00916478 -0.0727407 -0.0435467 0.0114076 0.000949317 0.000149095 0.00498707 -0.00989078 0.00409076 PEL AMR
0 HG01953 -0.0139968 -0.000231086 -0.064172 -0.0356278 0.0133369 -0.00243935 0.0012046 0.00141973 -0.00326042 0.00696031 PEL AMR
0 HG01954 -0.014523 -0.00717738 -0.0799207 -0.0489857 0.0141796 -0.00136783 0.00313456 0.00160894 -0.00657886 0.00048023 PEL AMR
0 HG01956 0.0352372 -0.00219717 -0.000515303 -0.000135105 0.00262262 -0.00824467 0.00299005 0.0213247 0.0079619 0.00941496 ACB AFR
0 HG01958 0.0242682 0.0029788 -0.00250484 0.0134307 -0.0309853 -0.00173954 0.019731 0.0116163 -0.0136406 0.00992989 ACB AFR
0 HG01961 -0.0151659 -0.0130616 -0.0976775 -0.0615309 0.0119307 -0.00241322 0.00267769 0.00166525 -0.0124819 3.74525e-05 PEL AMR
0 HG01965 -0.0100223 -0.00176899 -0.0561655 -0.0299428 0.0134213 -0.00251701 -0.00136007 -0.00326078 0.00294697 -0.00602721 PEL AMR
0 HG01967 -0.0136174 0.00200216 -0.0592589 -0.0303573 0.0149672 -0.00187021 0.00152877 -0.0016052 0.00399414 0.0070903 PEL AMR
0 HG01968 -0.0155909 -0.0115455 -0.0891647 -0.0518637 0.0134024 -0.0034577 0.00300494 0.00330839 -0.0123233 0.00906591 PEL AMR
0 HG01970 -0.0130078 0.00661751 -0.0441271 -0.0148748 0.0169978 -0.00262468 -0.00203085 -0.00118824 0.000456042 -0.00880295 PEL AMR
0 HG01971 -0.00423596 -0.00184941 -0.05288 -0.0270533 0.0115354 0.00366439 0.00467336 0.00316308 -0.00222808 -0.00983156 PEL AMR
0 HG01973 -0.0144099 -0.00771709 -0.080813 -0.0491095 0.013244 -0.00123345 0.00328551 0.00474781 -0.0174995 7.67802e-05 PEL AMR
0 HG01974 -0.0152767 -0.0143079 -0.0935025 -0.0573453 0.0130512 -0.00293216 -0.00173395 0.00714224 -0.0199098 -0.00109539 PEL AMR
0 HG01976 -0.013014 -0.00352573 -0.0684678 -0.0383399 0.0143324 -0.0025146 -0.00080652 -0.000127468 -0.00739746 0.0047859 PEL AMR
0 HG01977 -0.013569 -0.000828372 -0.0656309 -0.0367824 0.0135604 -0.00121432 0.00503789 -0.000736588 -0.000649508 0.00478877 PEL AMR
0 HG01979 -0.0145423 -0.00697118 -0.0840489 -0.0499903 0.0142298 -0.00263243 -0.00135259 0.0014327 -0.00466862 -0.00479249 PEL AMR
0 HG01980 -0.0100419 -0.000642509 -0.0620936 -0.0346729 0.0115433 -0.0035387 -0.00111392 0.00138938 -0.00195557 -0.0016872 PEL AMR
0 HG01982 -0.015521 -0.00500787 -0.0767483 -0.0309559 -0.0393872 0.00648963 0.0139423 0.00827401 -0.0170766 0.0220998 PEL AMR
0 HG01985 0.0319452 -0.000664419 -0.00303387 0.00670615 -0.0302124 0.0032101 0.0149186 0.0152615 0.00470673 0.00957455 ACB AFR
0 HG01986 0.0271662 0.00243974 -0.00270883 0.00915824 -0.0271981 -0.000747485 0.017895 0.0202662 0.00367128 0.0266681 ACB AFR
0 HG01988 0.0149452 0.0107412 -9.74727e-05 0.00861898 0.00930077 0.00509728 0.000739639 0.0061102 0.00220438 0.00925008 ACB AFR
0 HG01989 0.0345312 -0.00203296 0.000309187 0.000196895 0.00232413 -0.00907661 0.00149749 0.024784 0.00689223 0.0286626 ACB AFR
0 HG01990 0.0333046 -0.00230586 -0.000107228 0.00112194 0.00193166 -0.00511791 0.00781365 0.0284775 0.00212694 -0.0106654 ACB AFR
0 HG01991 -0.0140729 -0.006035 -0.0735043 -0.0436144 0.0137611 -0.00323052 -0.00523815 0.00115054 -0.00291439 0.00440552 PEL AMR
0 HG01992 -0.0149124 -0.00854085 -0.0818232 -0.047545 0.0129371 -0.00278679 -0.000326974 0.000429238 -0.00255478 0.0050617 PEL AMR
0 HG01997 -0.014507 -0.00874104 -0.0791767 -0.047662 0.0130683 -0.00299019 0.000725041 0.0059646 -0.0143296 -0.00757612 PEL AMR
0 HG02002 -0.014129 -0.00137267 -0.0648363 -0.0354926 0.0139826 -0.000775359 0.00611574 -0.00253794 0.00336234 -0.00128699 PEL AMR
0 HG02003 -0.0139856 -0.00378969 -0.0676772 -0.0381078 0.0122261 -0.001156 0.00380099 0.00099807 -0.00141999 -0.00229575 PEL AMR
0 HG02006 0.0111761 -0.000846996 -0.0303382 -0.0159434 0.00870662 -0.00472733 0.00303746 -0.00497126 -0.00341077 0.00159596 PEL AMR
0 HG02008 -0.0141591 -0.00980554 -0.0860821 -0.0515041 0.0113581 -0.00276906 -0.00089884 0.00457325 -0.0142708 -0.00426851 PEL AMR
0 HG02009 0.0181815 0.00759988 0.00048382 0.00622102 0.00836468 0.00309666 -0.000336214 0.012743 0.00279183 0.014249 ACB AFR
0 HG02010 0.0289506 0.00124002 0.00042762 0.00269534 0.00653157 0.00435214 -0.00121019 0.014875 -0.000212509 0.0220001 ACB AFR
0 HG02012 0.0236813 0.00507188 -0.00132621 0.00667497 0.0065376 0.000341611 0.00349874 0.0156321 -0.00322587 0.00932323 ACB AFR
0 HG02013 0.0352319 -0.00314456 -0.00221815 0.00544583 -0.0281858 -0.00175954 0.0223466 0.0273298 0.00613485 0.0193253 ACB AFR
0 HG02014 0.0302797 0.00138601 -0.000332353 0.00247483 0.00576908 -0.00923009 0.00512172 0.0190183 -4.90366e-05 0.02311 ACB AFR
0 HG02016 -0.0133533 -0.0311441 0.00980199 0.00608656 0.0223355 0.000505312 0.0436777 -0.00309407 -0.00266379 -0.000556685 KHV EAS
0 HG02017 -0.0134463 -0.0326378 0.00823421 0.00959319 0.0213277 0.000136903 0.0357857 -0.00427198 -0.00707094 -0.0034376 KHV EAS
0 HG02019 -0.0136645 -0.03337 0.00954092 0.00917649 0.0234241 -0.000668004 0.0409073 -0.00484624 -0.00229909 -0.002389 KHV EAS
0 HG02020 -0.0135638 -0.0355572 0.00924788 0.0121557 0.025835 0.000896022 0.0363506 -0.00447686 -0.000448277 -0.000497351 KHV EAS
0 HG02023 -0.0133817 -0.0340682 0.00891923 0.0109868 0.0234302 0.00323107 0.0404007 -0.00187733 -0.00553626 -0.00106631 KHV EAS
0 HG02025 -0.0132923 -0.0343026 0.00823532 0.00908319 0.0227815 -0.000376286 0.0288758 -0.00312825 -0.00355806 -0.00113721 KHV EAS
0 HG02026 -0.0136605 -0.0346045 0.00679096 0.00920987 0.0237066 0.000706059 0.0352413 0.00070028 -0.00447908 9.31619e-05 KHV EAS
0 HG02028 -0.0132455 -0.0336583 0.00611829 0.00977438 0.0223553 0.00384409 0.0357554 -0.0028846 -0.00429904 -0.00268918 KHV EAS
0 HG02029 -0.0134297 -0.0349955 0.00572366 0.010958 0.0228446 0.000978611 0.0187617 9.80941e-05 -0.00188179 0.00111717 KHV EAS
0 HG02031 -0.0134548 -0.0356349 0.00696097 0.0116628 0.0196621 0.00171127 0.0360736 -0.00120456 -0.00424509 -0.00329592 KHV EAS
0 HG02032 -0.0139321 -0.0357057 0.00697425 0.0127385 0.0209295 -0.00033501 0.0154423 9.38348e-05 -0.00157637 -0.000489545 KHV EAS
0 HG02035 -0.0138553 -0.034817 0.00731425 0.00978007 0.0238639 0.00298682 0.0363523 -0.00398065 -0.00123077 0.000376169 KHV EAS
0 HG02040 -0.0136543 -0.0341783 0.00806622 0.0102769 0.0244559 0.00201757 0.0291241 0.000166943 -0.0031877 0.000103647 KHV EAS
0 HG02047 -0.0139101 -0.0346487 0.00787297 0.00965558 0.0224112 -0.000727397 0.0314704 -0.00527699 -0.00300209 -0.000135889 KHV EAS
0 HG02048 -0.0137601 -0.034304 0.0080339 0.00949323 0.0239583 0.00147765 0.0342069 -0.00134189 0.00215312 -0.00327735 KHV EAS
0 HG02049 -0.013589 -0.0349259 0.0090706 0.01101 0.0246064 0.00176422 0.0443854 -0.00432265 -0.00414696 -0.000672863 KHV EAS
0 HG02050 -0.0138472 -0.0356452 0.00754579 0.0121938 0.0220086 -0.000249304 0.0399624 -0.0015127 -0.00346831 -0.0049634 KHV EAS
0 HG02051 0.0345976 -0.00278537 -0.00268341 0.00638038 -0.0287986 0.0138231 0.0164017 0.0232561 0.00268804 0.0174677 ACB AFR
0 HG02052 0.0353097 -0.00137914 -0.000465073 -0.000572307 0.00340178 -0.00239449 0.00354014 0.0112176 0.000276972 0.0516996 ACB AFR
0 HG02053 0.0297526 0.0010789 -0.000439418 0.00378783 0.00230029 -0.00192569 0.00364985 0.022149 -0.00486356 0.0230516 ACB AFR
0 HG02054 0.0284695 0.00106969 1.12419e-05 0.00341931 0.00718506 -0.00181085 0.00591055 0.0369906 0.00881393 0.00169895 ACB AFR
0 HG02057 -0.0133557 -0.0364733 0.00745782 0.0117737 0.0246468 0.00106625 0.0337759 -0.00149577 -0.00332085 -0.00264618 KHV EAS
0 HG02058 -0.0133306 -0.0334695 0.00918706 0.00954321 0.0222917 -0.000635448 0.0236338 -0.000198402 -0.00211392 -0.000214135 KHV EAS
0 HG02060 -0.0135918 -0.0341629 0.00396863 0.0167837 -0.0234663 0.0127507 0.0546219 -0.00198989 -0.00813952 -0.00339117 KHV EAS
0 HG02061 -0.0143068 -0.0335968 0.00287165 0.0180427 -0.0230114 0.0114573 0.0530545 -0.000839006 -0.00972699 -0.00239314 KHV EAS
0 HG02064 -0.0138439 -0.0355475 0.00501451 0.021712 -0.0382387 0.0138582 0.0677363 0.000163486 -0.0140186 -0.000159797 KHV EAS
0 HG02067 -0.0142327 -0.0336865 0.00505673 0.0195682 -0.0325832 0.0131617 0.0666397 -0.000649024 -0.0134666 0.00165772 KHV EAS
0 HG02069 -0.013213 -0.0339512 0.00719536 0.00766897 0.0228095 0.00137612 0.0319177 -0.00429658 -0.000758362 -0.00380441 KHV EAS
0 HG02070 -0.0133508 -0.035629 0.00855425 0.0108809 0.0241242 0.00183543 0.0326016 -0.00180344 -0.0035464 -0.00134255 KHV EAS
0 HG02072 -0.0135879 -0.0330859 0.00827878 0.00956703 0.0240221 0.00209561 0.033685 -0.00197018 -0.000859781 -0.00108058 KHV EAS
0 HG02073 -0.0139016 -0.0344272 0.00952446 0.00851395 0.0229805 0.00259118 0.0319765 -0.00279203 -0.000143865 -0.0001162 KHV EAS
0 HG02075 -0.0132124 -0.032719 0.00862315 0.0075811 0.0225484 -0.000939753 0.0255055 -0.00141312 -0.00217175 -0.00254711 KHV EAS
0 HG02076 -0.0138355 -0.0355479 0.00809759 0.0104588 0.0250676 0.000988684 0.0317967 -0.00362338 -0.00177907 -2.99544e-05 KHV EAS
0 HG02078 -0.0138987 -0.0338655 0.00704078 0.0105313 0.0255124 0.00152507 0.040598 -0.00422127 -0.00341472 -0.00178375 KHV EAS
0 HG02079 -0.0136432 -0.0347466 0.00764397 0.0100879 0.0227187 0.000569634 0.0294287 -0.00295646 8.94526e-05 -8.65955e-05 KHV EAS
0 HG02081 -0.0134469 -0.033341 0.00640833 0.00815111 0.0227009 -0.000710864 0.0295824 -0.00184374 -0.00348207 -0.00215285 KHV EAS
0 HG02082 -0.0135871 -0.0347239 0.00734264 0.0114206 0.0243467 -0.00157117 0.0220418 -0.0022765 0.000106204 0.000878805 KHV EAS
0 HG02084 -0.0132412 -0.0319367 0.00983621 0.00745165 0.0224503 0.000215734 0.0306376 -0.00293196 -0.00328977 -0.00155466 KHV EAS
0 HG02085 -0.0136637 -0.0343381 0.00600954 0.0085212 0.022558 -0.00132884 0.0241367 -0.000705005 -0.00202769 0.00205743 KHV EAS
0 HG02086 -0.0133671 -0.035248 0.00810539 0.00862721 0.0220682 0.000537073 0.0349035 -0.00150227 -0.00213713 -0.00189404 KHV EAS
0 HG02087 -0.0131532 -0.0334164 0.00899154 0.00746991 0.0217127 5.94657e-06 0.0302983 -0.00209138 -0.00459791 0.00142471 KHV EAS
0 HG02088 -0.0129985 -0.034279 0.00721314 0.0096859 0.0231534 -0.000574232 0.0203961 -0.00113345 -5.10362e-05 -0.000674404 KHV EAS
0 HG02089 -0.0137374 0.0038536 -0.0494953 -0.0225841 0.0146328 -0.00316832 0.00068988 -0.00462433 0.0134581 -0.0124698 PEL AMR
0 HG02090 -0.00243917 0.00283117 -0.0374957 -0.0169916 0.0119091 -0.00861434 0.00320345 0.00501785 0.00994295 0.00941521 PEL AMR
0 HG02095 0.0307328 0.000236417 0.000534684 0.00132262 0.00479606 0.000974893 0.00224785 0.0241717 0.0068151 -0.0141724 ACB AFR
0 HG02102 -0.0126323 -0.00640077 -0.073909 -0.0433187 0.0118936 -0.00045597 -0.00886015 0.00329806 -0.00671359 -0.006308 PEL AMR
0 HG02104 -0.0148463 -0.00868319 -0.0870501 -0.0524629 0.0147486 -0.00235782 0.0068074 0.00593421 -0.0187038 0.00332107 PEL AMR
0 HG02105 -0.0153949 -0.0130698 -0.0982447 -0.0605967 0.0139132 -0.00138339 0.00185442 0.0103476 -0.0294942 0.000376619 PEL AMR
0 HG02107 0.032465 -0.000915181 0.000359834 0.000345625 0.00369217 -0.0161475 0.00711012 0.017977 0.00511959 0.0315744 ACB AFR
0 HG02108 0.0241865 0.0045554 0.000556158 0.00325353 0.00691038 0.00515112 -0.000420001 0.00372352 -0.0043818 0.0195699 ACB AFR
0 HG02111 0.0321955 -0.000231412 -0.0011023 0.000773526 0.00477127 -0.00674172 0.000464411 0.0214818 0.00798652 0.0208015 ACB AFR
0 HG02113 -0.0132925 -0.0329227 0.00735347 0.00843128 0.0239414 -0.00126684 0.0250632 -0.00112057 -7.07521e-05 -0.00240248 KHV EAS
0 HG02116 -0.0136157 -0.0352123 0.00631057 0.00922354 0.0245936 0.000240272 0.0303534 -0.0019318 -0.000842307 -0.00230681 KHV EAS
0 HG02121 -0.0134247 -0.0334817 0.00755032 0.00700611 0.0200178 0.00255055 0.0242525 -0.005044 0.00267508 0.00251809 KHV EAS
0 HG02122 -0.0135191 -0.0345775 0.00744273 0.00946394 0.0228089 -0.000336608 0.0160294 -0.00440977 -0.00117831 0.00168256 KHV EAS
0 HG02127 -0.0136416 -0.0357026 0.00851082 0.0122392 0.0252356 0.000108668 0.0342572 -0.00386395 0.00141247 4.33147e-05 KHV EAS
0 HG02128 -0.0135355 -0.0340901 0.00706059 0.00968657 0.0246706 -0.000649221 0.0399874 -0.00287755 -0.0053224 0.000860605 KHV EAS
0 HG02130 -0.0140576 -0.034297 0.00269465 0.0209221 -0.033596 0.0139666 0.0574822 0.00060883 -0.0122942 0.0021202 KHV EAS
0 HG02131 -0.0139273 -0.0312985 0.00471672 0.0170746 -0.0338109 0.0132097 0.0658721 -0.00263187 -0.0127693 0.00505416 KHV EAS
0 HG02133 -0.014413 -0.0364118 0.00408243 0.0212158 -0.0309728 0.01535 0.0718007 0.00262049 -0.0126478 -0.00102229 KHV EAS
0 HG02134 -0.0141505 -0.0339842 0.00382992 0.0224612 -0.0499972 0.0180174 0.0666247 -0.00048879 -0.0131733 0.00467688 KHV EAS
0 HG02136 -0.0140126 -0.0350975 0.00503992 0.0193458 -0.0302904 0.0122222 0.0631671 -0.000360095 -0.0127691 0.00387502 KHV EAS
0 HG02137 -0.0146325 -0.0342971 0.00171878 0.0193701 -0.0383483 0.0140344 0.0624621 0.000973058 -0.00958473 0.000806502 KHV EAS
0 HG02138 -0.013147 -0.0330715 0.00696377 0.0093387 0.0218694 -0.00150734 0.0258686 -0.00385542 -0.00199363 0.00380434 KHV EAS
0 HG02139 -0.0131599 -0.0325429 0.00820989 0.00695076 0.0213469 -0.00125887 0.0312186 -0.0034506 -0.00383741 1.28235e-05 KHV EAS
0 HG02140 -0.0134001 -0.0353209 0.00886107 0.0106715 0.0247066 0.000456659 0.0416494 -0.00295876 -3.19417e-05 0.00144235 KHV EAS
0 HG02141 -0.013875 -0.0339068 0.00875344 0.0104668 0.0245606 -0.000233535 0.0273867 -0.00343206 -7.43281e-05 0.00268582 KHV EAS
0 HG02142 -0.0135007 -0.0331589 0.00740727 0.0104988 0.0195268 0.00425261 0.0438342 -0.000416524 -0.00540404 -0.00143949 KHV EAS
0 HG02143 0.0314093 0.000719823 -0.000253491 0.00236466 0.00436463 -0.003046 0.000394266 0.0264036 0.00616532 0.0229494 ACB AFR
0 HG02144 0.0322972 -0.00170571 -0.000955223 0.000328039 0.00412402 0.00121496 0.00165536 0.016543 0.000175555 0.00508761 ACB AFR
0 HG02146 -0.0165802 -0.0135792 -0.100338 -0.0458753 -0.0526111 0.0129759 0.0382292 0.0101561 -0.0266602 0.0060926 PEL AMR
0 HG02147 -0.0156767 -0.0111053 -0.0896085 -0.0337856 -0.0684156 0.0153603 0.0435934 0.0104528 -0.0304829 -0.000415649 PEL AMR
0 HG02150 -0.0155029 -0.0126485 -0.089967 -0.0569821 0.0111208 -0.00197591 -0.00495247 0.00531918 -0.0137415 0.00313218 PEL AMR
0 HG02151 -0.0135289 -0.0367361 0.00803409 0.0131707 0.0237864 0.000881515 0.0410791 -0.000560618 -0.00562 -0.00288618 CDX EAS
0 HG02152 -0.0138239 -0.0353893 0.00715337 0.0112992 0.0234883 0.000631356 0.0328708 -0.00308208 -0.00503345 0.000836085 CDX EAS
0 HG02153 -0.0132163 -0.0336256 0.00635133 0.00847826 0.0225296 -0.00156253 0.0356815 -0.00203617 -0.0040333 0.000269477 CDX EAS
0 HG02154 -0.0133147 -0.0354269 0.00829293 0.00962488 0.0241852 0.000282181 0.0398917 -0.000679879 -0.00253021 -0.0006321 CDX EAS
0 HG02155 -0.013335 -0.032862 0.00853739 0.00991132 0.0229369 -0.000902358 0.0310192 -0.00185925 0.000970636 0.000702664 CDX EAS
0 HG02156 -0.0137467 -0.0358238 0.0100789 0.0101051 0.0249695 -5.4726e-06 0.0412024 -0.00268907 -0.00430782 0.00145338 CDX EAS
0 HG02164 -0.0138323 -0.0350809 0.00850632 0.0111316 0.0241412 5.80858e-05 0.038593 -0.00352803 -0.00433315 -0.00183938 CDX EAS
0 HG02165 -0.0133244 -0.0320342 0.00890338 0.00947641 0.0215506 0.00107185 0.0356429 -0.000986516 -0.00595316 -0.00380121 CDX EAS
0 HG02166 -0.0134767 -0.0355527 0.00732878 0.0102884 0.0244145 0.000995101 0.0453452 -0.00214498 -0.0085928 -0.00563687 CDX EAS
0 HG02178 -0.013547 -0.0349856 0.00762351 0.00896619 0.0231291 1.93596e-05 0.0414386 -0.00191503 -0.00395408 -0.000884106 CDX EAS
0 HG02179 -0.0135184 -0.034471 0.00795685 0.00950218 0.0237238 -0.000307396 0.0373225 -0.00215464 -0.00533648 0.000983539 CDX EAS
0 HG02180 -0.0135406 -0.0344544 0.00809327 0.00927768 0.023611 0.000165082 0.038944 -0.00490183 -0.00410432 -0.00124102 CDX EAS
0 HG02181 -0.0133214 -0.0353923 0.0087069 0.0113806 0.0258328 0.00166865 0.0473488 -0.00410419 -0.00291842 0.000350092 CDX EAS
0 HG02182 -0.014079 -0.0345046 0.00910095 0.00992803 0.0233015 -0.000153064 0.0418438 -0.0038479 -0.00409675 -0.00281002 CDX EAS
0 HG02184 -0.013984 -0.0355394 0.00903529 0.0122671 0.0257591 0.00144506 0.0347486 -0.00441866 -0.00169426 -0.000867302 CDX EAS
0 HG02185 -0.0135605 -0.0352559 0.00810183 0.0110104 0.0238547 0.000960629 0.0450916 -0.00516965 -0.00492029 9.60903e-05 CDX EAS
0 HG02186 -0.0135038 -0.03372 0.00926383 0.00981527 0.0241999 0.00185933 0.0402393 0.000713213 -0.00439238 -0.00308509 CDX EAS
0 HG02187 -0.01347 -0.033794 0.00700077 0.00824686 0.0243145 -0.00125613 0.0350417 -0.00189323 -0.00607438 -0.00129774 CDX EAS
0 HG02188 -0.0139151 -0.0360907 0.00746348 0.00968222 0.0261968 0.000583065 0.0510792 -0.00221381 -0.00743943 -0.00289705 CDX EAS
0 HG02190 -0.0134366 -0.0340171 0.00699191 0.00894711 0.0239339 0.00160194 0.0314703 -0.00506844 0.000450435 0.000883954 CDX EAS
0 HG02215 -0.0131197 0.0240222 -0.00383382 0.0302196 -0.0629235 0.0165403 0.0308419 0.00779302 -0.0265576 0.0100468 GBR EUR
0 HG02219 -0.0110913 0.0252002 0.0022579 0.0168272 0.0169808 0.00156082 0.00139361 -0.00577086 0.0155622 0.00174051 IBS EUR
0 HG02220 -0.0119771 0.0245825 0.000722983 0.0196661 0.01745 -0.00270494 0.00104402 -0.00670274 0.0197355 0.00125992 IBS EUR
0 HG02221 -0.0113466 0.0253329 0.00132749 0.0209577 0.0173694 -0.00179711 -0.000126434 -0.00826553 0.0281551 0.0046797 IBS EUR
0 HG02223 -0.0107723 0.0251951 0.00024014 0.0209921 0.0167752 0.000676222 0.00189366 -0.00860791 0.0327734 0.000991309 IBS EUR
0 HG02224 -0.0118392 0.0254576 0.000117913 0.0216891 0.0188702 -0.0021952 0.00213378 -0.00577523 0.0103148 0.000999862 IBS EUR
0 HG02230 -0.0121079 0.0263185 0.000945789 0.0196315 0.0162836 -0.000985016 0.00243881 -0.00429803 0.0117657 0.00465163 IBS EUR
0 HG02231 -0.011712 0.0251429 0.000238343 0.0179647 0.0163666 -0.00114894 0.000339841 -0.00738949 0.0160319 0.00365742 IBS EUR
0 HG02232 -0.0127053 0.0248731 -0.0047747 0.0316076 -0.0522309 0.014523 0.0419831 -0.00535003 0.0190027 0.00574867 IBS EUR
0 HG02233 -0.0113272 0.023938 -0.00474171 0.0352355 -0.0640192 0.0133973 0.0420413 -0.00881248 0.0254098 0.0108443 IBS EUR
0 HG02235 -0.0118855 0.0253659 0.0022255 0.018822 0.0162475 -0.00260934 0.00178024 -0.0074585 0.0218195 0.0011154 IBS EUR
0 HG02236 -0.0116699 0.0251762 0.000715459 0.0186925 0.0176047 -0.000938843 -0.000283212 -0.00592431 0.0183086 0.000821832 IBS EUR
0 HG02238 -0.0117697 0.024821 -0.00451006 0.0337626 -0.0614722 0.0190433 0.0406911 -0.00862111 0.0208258 0.0039433 IBS EUR
0 HG02239 -0.0123723 0.0241053 -0.00549873 0.0346622 -0.0631434 0.0180789 0.0423164 -0.00464658 0.0133433 0.000683957 IBS EUR
0 HG02250 -0.0133049 -0.034304 0.00789573 0.00991955 0.0213558 0.00311776 0.040467 1.48282e-05 -0.00805099 -0.00382366 CDX EAS
0 HG02252 -0.0134986 -0.000178526 -0.0555537 -0.0275133 0.0157612 -0.000399132 0.000584655 -0.000252893 0.000822653 -1.85078e-05 PEL AMR
0 HG02253 -0.0111086 0.0136133 -0.0240628 -0.00218365 0.0161714 -0.00113263 2.65247e-05 -0.00770867 0.0235786 0.0147449 PEL AMR
0 HG02255 0.029506 0.000707851 0.00134195 0.00087283 0.00428716 -0.00378358 -0.000679306 0.0202076 0.00391933 -0.00819261 ACB AFR
0 HG02256 0.0217439 0.00683981 0.000523857 0.00569923 0.00842374 -0.000844352 -0.000181215 0.0103144 0.00423883 0.00193847 ACB AFR
0 HG02259 -0.0154946 -0.0134139 -0.0941794 -0.0577701 0.00867515 -0.00207212 0.00098668 0.00785257 -0.0193151 -0.00420451 PEL AMR
0 HG02260 -0.0150759 -0.011134 -0.0934553 -0.0556303 0.009357 -0.000656586 0.0140577 0.00458958 -0.0130468 -0.00872719 PEL AMR
0 HG02262 -0.0142616 -0.0031681 -0.0610227 -0.0346867 0.013427 -0.00298255 0.000853404 -0.000306969 -0.00183085 0.00194925 PEL AMR
0 HG02265 -0.0154979 -0.011874 -0.0950227 -0.0587172 0.0103371 -0.00203894 0.00122569 0.00697772 -0.018669 -0.00147986 PEL AMR
0 HG02266 -0.0149217 -0.0146531 -0.092931 -0.0585939 0.0107132 -0.000806353 -0.000378246 0.00538098 -0.0128021 0.00263822 PEL AMR
0 HG02271 -0.0160083 -0.0153252 -0.0997762 -0.061552 0.0103633 -0.00262254 0.00936337 0.00600217 -0.0198796 -0.00106439 PEL AMR
0 HG02272 -0.0155182 -0.0125864 -0.0978914 -0.0617559 0.0117329 -0.003411 0.000532486 0.00597676 -0.0180694 0.00683416 PEL AMR
0 HG02274 -0.00652481 -0.00470244 -0.0590155 -0.0340905 0.012532 -0.00359703 0.000336339 -0.000414809 -0.0118946 0.0131739 PEL AMR
0 HG02275 -0.0154021 -0.0112072 -0.0899778 -0.0555075 0.013772 -0.00267558 0.000419187 0.00517387 -0.0143331 0.00258914 PEL AMR
0 HG02277 -0.0143636 -0.00248672 -0.0698192 -0.0384337 0.0136192 -0.00187678 0.00594401 -0.00230713 0.00429601 -0.00071942 PEL AMR
0 HG02278 -0.0151689 -0.00738169 -0.0796596 -0.0449636 0.0152161 -0.00163675 0.000920242 0.00678193 -0.0200047 -0.00259277 PEL AMR
0 HG02281 0.0366719 -0.00260736 0.000805267 -0.000514789 0.00245614 -0.0168866 0.00722794 0.0374484 0.0120427 0.00423838 ACB AFR
0 HG02282 0.0311867 0.000394663 0.000464184 0.00243905 0.00541558 -0.00555289 0.00453529 0.0205878 0.00569128 0.0136688 ACB AFR
0 HG02283 0.0269192 0.00199127 -0.00060632 0.00160531 0.00573435 -0.00647955 0.00439072 0.0127774 0.00136519 0.0257743 ACB AFR
0 HG02284 0.0339927 -0.00126373 0.000620262 -0.000123573 0.00376483 -0.00645977 0.00154204 0.0218471 0.0084525 0.00205089 ACB AFR
0 HG02285 -0.0150652 -0.00768911 -0.0722226 -0.0429679 0.0126144 -0.00248163 -0.000356957 0.00433087 -0.0133459 -0.00569159 PEL AMR
0 HG02286 -0.0143738 -0.000813655 -0.0596894 -0.0321171 0.0132441 -0.00227238 -0.00740152 -0.00222299 0.00313572 0.00341835 PEL AMR
0 HG02291 -0.0157224 -0.0128747 -0.096542 -0.0599674 0.00906551 -0.00246738 -0.00176463 0.00461459 -0.0154381 -0.000616225 PEL AMR
0 HG02292 -0.0146938 -0.00769396 -0.0761384 -0.0463554 0.00848173 -0.00206314 0.00470413 -0.000403505 0.000504812 -0.00400463 PEL AMR
0 HG02298 -0.0141698 0.0012605 -0.0562985 -0.0270119 0.0105393 -0.00286105 0.00252523 0.00361899 -0.0107181 0.00857295 PEL AMR
0 HG02299 -0.0139439 -0.00426006 -0.0711027 -0.040296 0.00946941 -0.00250336 0.00150654 0.0047127 -0.0104047 0.00578125 PEL AMR
0 HG02301 -0.0140697 0.000967571 -0.0601439 -0.0333622 0.0147831 -0.00269528 0.00142823 0.000863913 -9.77292e-05 0.00643647 PEL AMR
0 HG02304 -0.0131069 -0.0111055 -0.0800558 -0.0485769 0.012004 0.000269427 -0.00145924 0.00433302 -0.00827949 0.00650284 PEL AMR
0 HG02307 0.0352747 -0.00205973 -0.00028101 -0.000571208 0.00411179 0.00417771 0.00320801 0.0169173 -0.000317561 0.0168729 ACB AFR
0 HG02308 0.0340901 -0.00158395 2.40331e-05 6.07446e-05 0.00313019 -0.010293 0.00460358 0.0197109 0.00689053 0.0103975 ACB AFR
0 HG02309 0.0319069 3.51894e-06 -0.000250762 0.00154567 0.0036523 -0.0174039 0.00489366 0.0196927 0.00966263 0.0356341 ACB AFR
0 HG02312 -0.0139343 -0.00434108 -0.0734084 -0.04221 0.0147761 -0.002713 0.00228268 0.0010198 0.000891339 -0.00526235 PEL AMR
0 HG02314 0.0319207 -0.000181355 -0.000185525 0.00184418 0.00503153 -0.00141107 0.00713427 0.025869 0.0116219 0.0278304 ACB AFR
0 HG02315 0.031893 0.000186673 6.53959e-05 0.000189488 0.00394606 -0.003687 0.00112515 0.017834 0.000493897 0.0100988 ACB AFR
0 HG02317 0.0320795 -0.0016158 0.00102038 0.000946459 0.0063284 -0.00132054 0.0045645 0.0203123 0.005129 0.00635933 ACB AFR
0 HG02318 0.0358259 -0.00355756 0.00102276 -0.000117749 0.00469359 -0.00449839 0.00730957 0.0294082 0.00728292 -0.0125394 ACB AFR
0 HG02322 0.0247686 0.00312288 0.00144888 0.00127272 0.00478197 -0.00691314 0.000230446 0.0324308 0.00129174 0.0106092 ACB AFR
0 HG02323 0.0290319 0.00154449 0.000481363 0.00489475 0.00627739 -0.0130414 0.00457051 0.0265526 -0.00196493 -0.00586829 ACB AFR
0 HG02325 0.0346153 -0.00180003 0.000402203 1.60016e-05 0.00357693 -0.00868612 0.00410503 0.0265864 0.00856399 0.0179546 ACB AFR
0 HG02330 0.0296564 0.000548085 -0.00119915 0.00236927 0.00542657 -0.00942628 0.00276661 0.00380067 0.00823403 -0.0247017 ACB AFR
0 HG02332 0.035386 -0.00226474 -0.000205502 -0.000371249 0.00401445 0.007534 -0.000982364 0.0247641 0.0128715 -0.000814406 ACB AFR
0 HG02334 0.0292189 0.000566794 -0.000356972 0.00257178 0.00531915 -0.00941795 0.00102269 0.011436 0.00305063 0.020193 ACB AFR
0 HG02337 0.023855 0.00424732 -0.000669612 0.00607872 0.00893174 0.00876339 0.000191978 0.0110085 -0.00381839 0.00922906 ACB AFR
0 HG02339 0.0351278 -0.00232776 -0.000659907 0.000592411 0.00441862 -0.0082397 0.00727153 0.0218679 0.00707103 0.0155384 ACB AFR
0 HG02343 0.0213168 0.0057542 -0.000342827 0.00403267 0.00730613 -0.008507 -0.000571708 0.0138303 0.00353815 0.000297546 ACB AFR
0 HG02345 -0.0092248 -0.0070639 -0.0590713 -0.0317176 0.0124044 -0.00669116 0.00308597 -0.00224107 -0.00262237 -0.00274264 PEL AMR
0 HG02348 -0.0146393 -0.00469947 -0.0714023 -0.0409185 0.0146352 -0.000960644 0.000827183 0.00237343 -0.0106949 -0.00556995 PEL AMR
0 HG02351 -0.0139422 -0.0358492 0.00941357 0.0136507 0.0241838 0.00155029 0.0544816 -0.00339937 -0.00612403 -5.31652e-05 CDX EAS
0 HG02353 -0.0137474 -0.034405 0.00788824 0.0105382 0.0220081 0.00120564 0.0394398 -0.000281552 -0.00884308 -0.00393123 CDX EAS
0 HG02355 -0.0133936 -0.0348306 0.00920355 0.0115595 0.0225024 0.0016807 0.0378263 -0.00115676 -0.00533774 0.000163484 CDX EAS
0 HG02356 -0.0133156 -0.0351532 0.00712473 0.0115608 0.02068 -0.0011247 0.0343089 0.00211428 -0.0102268 -0.00421851 CDX EAS
0 HG02360 -0.0138518 -0.0347218 0.00681019 0.0113643 0.0178913 0.00119289 0.037892 -0.00126806 -0.0062346 -0.000158886 CDX EAS
0 HG02364 -0.0137007 -0.0338786 0.0068186 0.00992401 0.0186314 0.00129615 0.0399807 0.000865094 -0.00371216 -0.00659156 CDX EAS
0 HG02367 -0.0135238 -0.0350308 0.0084038 0.0124001 0.0214256 0.000557248 0.0317739 -0.00116294 -0.0052822 -0.00252681 CDX EAS
0 HG02371 -0.0141192 -0.0359545 0.00638003 0.0131782 0.0215994 0.00326681 0.0403652 -0.000969992 -0.00602982 -0.00482104 CDX EAS
0 HG02373 -0.0132756 -0.0334049 0.00724416 0.0104586 0.020708 -7.65476e-06 0.0339797 8.70719e-05 -0.00741661 -0.00448662 CDX EAS
0 HG02374 -0.0138638 -0.0348135 0.00746678 0.0121904 0.0210041 0.000962686 0.0397992 -0.00426203 -0.00574104 -0.00628944 CDX EAS
0 HG02375 -0.0133911 -0.0346379 0.00701997 0.0114751 0.0212087 0.00127478 0.0512729 -0.00113221 -0.00805089 -0.00543234 CDX EAS
0 HG02379 -0.0134723 -0.0353137 0.00891243 0.0129792 0.0218901 0.00269855 0.0505368 -0.00178213 -0.00847491 -0.0049864 CDX EAS
0 HG02380 -0.0138855 -0.0373123 0.00761523 0.0137261 0.0243708 0.00166323 0.0447007 -0.00435735 -0.00321477 -0.00480905 CDX EAS
0 HG02382 -0.0134398 -0.035075 0.00797094 0.00981625 0.0204632 0.00237704 0.0375527 -0.00173858 -0.00665583 -0.00256274 CDX EAS
0 HG02383 -0.0133989 -0.0341355 0.00868826 0.0114135 0.0194348 0.000941673 0.0347514 0.000727036 -0.00491122 -0.00349572 CDX EAS
0 HG02384 -0.013344 -0.034306 0.00816816 0.0114465 0.0214722 0.00135417 0.0422132 -0.00164742 -0.0019652 -0.00242779 CDX EAS
0 HG02385 -0.0137902 -0.0354021 0.00821441 0.0114305 0.0196914 0.00213702 0.0391958 -0.00122229 -0.00563415 -0.00404655 CDX EAS
0 HG02386 -0.0133565 -0.0348201 0.0063626 0.0102859 0.0215804 8.78164e-05 0.0317006 -0.000244768 -0.00566111 -0.00498512 CDX EAS
0 HG02389 -0.013653 -0.0346007 0.00736272 0.00997789 0.0210621 0.00126964 0.0467113 -0.00213945 -0.00907846 -0.000670681 CDX EAS
0 HG02390 -0.0135403 -0.0349042 0.00779677 0.0112902 0.0235486 0.0014242 0.0512378 -0.00177283 -0.00449477 -0.00465643 CDX EAS
0 HG02391 -0.0138265 -0.0360021 0.00845495 0.0129314 0.0233204 0.000925538 0.0455326 -0.00109259 -0.0055764 -0.00196362 CDX EAS
0 HG02392 -0.0133528 -0.0353419 0.00754669 0.0122374 0.0227002 0.000637772 0.0332037 -0.00228516 -0.00527145 -0.00435273 CDX EAS
0 HG02394 -0.0132254 -0.0344384 0.00826754 0.0106685 0.0223126 -0.000462215 0.041868 -0.00316478 -0.00639985 -0.00407459 CDX EAS
0 HG02395 -0.0134383 -0.0346197 0.00786184 0.0106653 0.0215462 0.00150081 0.0465137 0.0010019 -0.00967998 -0.00284455 CDX EAS
0 HG02396 -0.0137874 -0.0352326 0.00982164 0.0112431 0.0230757 0.000948051 0.0481716 -0.00156015 -0.0060909 -0.00354845 CDX EAS
0 HG02397 -0.0136276 -0.0348422 0.0071342 0.0108379 0.0212454 -0.000654888 0.0333174 -0.000234509 -0.00220829 -0.00219086 CDX EAS
0 HG02398 -0.0140313 -0.0351561 0.00821988 0.0121547 0.0224944 0.00283982 0.0478457 -0.00123563 -0.00540491 -0.00127702 CDX EAS
0 HG02399 -0.0131358 -0.03429 0.00877843 0.0115427 0.0211644 0.00155834 0.050171 -0.00214047 -0.00813821 -0.00530594 CDX EAS
0 HG02401 -0.0134604 -0.0358959 0.00881733 0.0134795 0.0241168 0.00190105 0.0446481 -0.00166123 -0.00138504 -0.00384486 CDX EAS
0 HG02402 -0.0137147 -0.0342684 0.00751894 0.0124427 0.0237072 -8.72063e-05 0.0426548 0.000175467 -0.00794718 -0.0028705 CDX EAS
0 HG02406 -0.013665 -0.0352671 0.0077988 0.0105734 0.0209768 0.00292077 0.0406071 -0.00140621 -0.00507588 -0.000524588 CDX EAS
0 HG02407 -0.0133111 -0.0348624 0.00758774 0.0110761 0.0227442 0.000916563 0.0453076 -0.000776929 -0.00750343 -0.00331889 CDX EAS
0 HG02408 -0.01357 -0.0346027 0.0072684 0.00896339 0.0251454 0.0035007 0.0361655 -0.00280649 -0.00223842 -0.00126184 CDX EAS
0 HG02409 -0.01326 -0.0335956 0.00864506 0.0111312 0.0226881 0.00123109 0.0365694 -0.00286968 -0.00406326 -0.00406793 CDX EAS
0 HG02410 -0.013829 -0.0339181 0.00912499 0.0102353 0.0239408 0.00265909 0.0369732 -0.00353173 -0.00272222 -0.00204455 CDX EAS
0 HG02419 0.0360004 -0.00154164 0.000386906 -0.000151717 0.00446724 0.00210185 0.00263527 -0.00290266 -0.000739505 0.0230918 ACB AFR
0 HG02420 0.0122312 0.0128007 -0.000529472 0.0115445 0.0127633 0.0152482 -0.00335602 0.00967144 0.00761907 0.00488727 ACB AFR
0 HG02425 -0.0130548 0.00208857 -0.0524348 -0.0263379 0.0139065 -0.0016588 -0.00408184 0.00102604 0.00282044 0.00477908 PEL AMR
0 HG02427 0.0313521 0.000647488 0.000344341 0.00107853 0.00534344 4.69276e-06 0.00376904 0.0207402 -0.000186398 -0.00467805 ACB AFR
0 HG02429 0.0319299 0.000453227 0.000188314 0.00258834 0.00635449 -0.00499664 0.001203 0.0291388 0.00804584 0.118705 ACB AFR
0 HG02433 0.0251511 0.00365453 0.000756694 0.0031271 0.00686998 0.00188276 -0.00265887 0.00802347 -0.000443812 0.0045776 ACB AFR
0 HG02439 0.0310442 -0.000270812 -0.00117964 0.000424973 0.00523146 -0.00998558 0.00434586 0.0119355 0.00933631 0.0137377 ACB AFR
0 HG02442 0.0353364 -0.0019204 -0.000360433 -0.000466375 0.00531053 0.00601991 0.0037367 0.0322063 0.01289 0.0309555 ACB AFR
0 HG02445 0.0339246 -0.0009965 -0.000270976 0.000797029 0.00414205 -0.00179726 0.00480303 0.0196292 -0.002782 0.00477243 ACB AFR
0 HG02449 0.0332331 -0.00162986 -0.000618421 0.00216114 -0.0071029 -0.00309516 0.00662238 0.0256268 0.0107373 0.0165583 ACB AFR
0 HG02450 0.0327033 -1.27053e-05 -0.00032165 0.00196123 0.00337074 0.00571212 0.00344985 0.0171747 -0.00508483 0.0517422 ACB AFR
0 HG02455 0.0289768 0.00156525 0.000137797 0.00128765 0.00471794 -0.00333572 0.00331727 0.0198042 0.000412712 0.0289415 ACB AFR
0 HG02461 0.0340464 -0.00114572 4.09525e-05 -2.26758e-05 0.00750883 0.063161 -0.0109171 -0.0400767 -0.0124163 -0.0590908 GWD AFR
0 HG02462 0.0351606 -0.00157143 0.000657112 -0.000247974 0.00751811 0.0670432 -0.00951122 -0.0406169 -0.0121827 -0.0491081 GWD AFR
0 HG02464 0.0343781 -0.00202603 0.000532779 -0.00113271 0.00687105 0.0516982 -0.0105814 -0.0237663 -0.00862522 -0.000243269 GWD AFR
0 HG02465 0.0334479 -0.00199191 0.00101192 -0.00124877 0.00723702 0.0497829 -0.010412 -0.0353144 -0.0111537 -0.0311679 GWD AFR
0 HG02470 0.0343836 -0.00137908 -0.00128297 -0.000929884 0.0027909 -0.00174388 0.00142935 0.00895255 -0.000592277 -0.00473248 ACB AFR
0 HG02471 0.025412 0.00237626 -0.00108001 0.00583804 0.00468808 0.00475504 -0.00276144 0.0175031 -0.00550937 0.00345101 ACB AFR
0 HG02476 0.0265605 0.00175286 0.000373929 0.00307446 0.00488452 -0.0107324 0.000949973 0.026186 0.00557893 0.00578482 ACB AFR
0 HG02477 0.028309 0.00247766 -0.000155988 0.00268238 0.00548473 -0.00425964 0.00121407 0.0325402 0.0111376 0.0218098 ACB AFR
0 HG02479 0.0351815 -0.00122406 -0.00045152 0.000583769 0.00516927 -0.00307081 0.00313578 0.0356685 0.0156952 0.117653 ACB AFR
0 HG02481 0.0334353 -0.00228024 -0.000371261 -0.000162789 0.00274676 -0.0101173 0.00191282 0.0243265 0.00935239 -0.00347186 ACB AFR
0 HG02484 0.0301564 0.00123928 -0.000393654 0.00277189 0.00751366 0.0066205 0.000311178 0.0188377 0.00524052 0.00814321 ACB AFR
0 HG02485 0.024038 0.00423786 0.000172023 0.00408312 0.00588057 -0.0112931 0.00504457 0.0205398 0.00358377 -0.0115707 ACB AFR
0 HG02489 0.0247709 0.00279513 0.000181874 0.00561288 0.00239695 0.00332011 -0.00017195 0.0262215 -0.00444046 -0.00597661 ACB AFR
0 HG02490 -0.0112538 0.0124069 0.0157466 -0.0182245 -0.000719602 0.00154065 -0.000633393 0.00207905 -0.00506005 0.00185152 PJL SAS
0 HG02491 -0.0107478 0.0105381 0.019443 -0.0260456 -0.00475763 -9.75155e-05 0.00182123 0.00082475 0.00794137 0.00518331 PJL SAS
0 HG02493 -0.0109718 0.0131797 0.0180563 -0.0198741 -0.00224861 0.00146475 0.0028178 0.000896995 0.00440483 5.34689e-05 PJL SAS
0 HG02494 -0.011106 0.0124859 0.018091 -0.0219503 -0.00220787 0.0006298 0.000133476 0.000410898 0.00235807 0.00409966 PJL SAS
0 HG02496 0.0316711 -0.00164562 -0.00056402 0.00202216 0.00542403 -0.00394595 0.00681167 0.0265837 0.00889221 0.0383902 ACB AFR
0 HG02497 0.0303086 -0.000222804 -0.000292704 0.000806377 0.00614752 -0.00542357 0.00167607 0.0261905 0.0181746 0.0104747 ACB AFR
0 HG02501 0.0234564 0.00355908 0.000107567 0.00393415 0.00642547 -0.0102939 0.00664326 0.0196635 0.00769057 0.00764486 ACB AFR
0 HG02502 0.0275925 0.0014701 0.000299721 0.00128392 0.00704719 0.0117262 -0.00243074 -0.00121513 -0.0046832 0.000508914 ACB AFR
0 HG02505 0.0339152 -0.00175085 0.0002844 0.000107426 0.00395562 -0.0194011 0.00910531 0.0205663 -0.00202049 0.0141933 ACB AFR
0 HG02508 0.0342832 -0.00156806 -0.000280184 -1.16973e-05 0.00477394 -0.00764857 0.0016769 0.031387 0.0102885 -0.00076689 ACB AFR
0 HG02511 0.0270663 0.0016466 -0.00184777 0.00197404 0.00890135 -0.00285826 0.00180038 0.0115975 0.00318263 0.0193048 ACB AFR
0 HG02512 -0.0137345 -0.0334898 0.00934052 0.00960201 0.0224733 0.000748132 0.030182 -0.00310877 0.000833649 -0.00063859 KHV EAS
0 HG02513 -0.0138388 -0.0350283 0.00856951 0.0113678 0.0251443 0.00157155 0.0418688 -0.00450214 -0.00643731 -0.00378616 KHV EAS
0 HG02521 -0.0132675 -0.0341123 0.00882132 0.00948665 0.0223494 0.00244736 0.033675 -0.00525074 -9.41168e-05 -0.00428644 KHV EAS
0 HG02522 -0.0133479 -0.0350564 0.00754931 0.0097352 0.0232823 -8.73884e-05 0.0287423 -0.0040503 -0.00218257 -0.00342935 KHV EAS
0 HG02536 0.0280851 0.00201137 0.000472255 0.00210049 0.00516198 -0.00899565 0.00391994 0.0383219 0.00352664 0.0230021 ACB AFR
0 HG02537 0.0353772 -0.00189108 0.000557617 -0.000485068 0.00303824 -0.00351404 0.00258905 0.0189257 0.00198616 0.00526076 ACB AFR
0 HG02541 0.0244783 0.00367835 0.000292044 0.00279332 0.0067014 -0.00603018 0.00250564 0.0183256 0.00188095 -0.0189852 ACB AFR
0 HG02545 0.0346463 -0.00246057 0.000296222 -0.00156949 0.00443442 0.00415152 0.002541 0.0185618 0.00570889 -0.0136792 ACB AFR
0 HG02546 0.0312253 -0.000397 0.000304874 -0.000595903 0.0053756 0.000752187 -0.000431585 0.0205308 -0.00129457 0.0190635 ACB AFR
0 HG02549 0.0365825 -0.00174755 -0.000276185 -0.000873822 0.00311387 1.75425e-06 -3.92919e-08 0.0200911 0.00290734 0.0135394 ACB AFR
0 HG02554 0.0322203 0.000429341 -0.000486909 0.00165485 0.00527285 0.00400802 -0.00125028 0.0241436 0.00379786 0.0277785 ACB AFR
0 HG02555 0.0348024 -0.0024284 -0.00038457 -0.00116309 0.00316105 -0.00482886 0.000755527 0.0173317 0.00448513 0.0272462 ACB AFR
0 HG02557 0.03397 -0.00120613 -1.92305e-05 0.000203445 0.00506847 -0.00271743 0.000164065 0.00387242 0.000309922 0.000430985 ACB AFR
0 HG02558 0.0229888 0.00383246 -0.000811077 0.00351316 0.0071817 -0.00112236 0.000893804 0.0045872 0.00594648 0.0400072 ACB AFR
0 HG02561 0.0333024 -0.000923028 0.000160879 0.00117323 0.00811845 0.0658729 -0.0132708 -0.0494803 -0.0130418 -0.050087 GWD AFR
0 HG02562 0.0320173 -0.00149088 0.000262158 -0.000175049 0.00626482 0.0530282 -0.00811654 -0.0156793 -2.40916e-05 -0.0545817 GWD AFR
0 HG02568 0.0306209 7.61656e-05 -0.000206207 0.00196765 0.00920215 0.0534306 -0.00831999 -0.0251432 0.00157286 -0.0417402 GWD AFR
0 HG02570 0.0350681 -0.00205985 0.000620087 -0.00157953 0.00481116 0.0554618 -0.00921882 -0.0243202 -0.00964378 -0.0245958 GWD AFR
0 HG02571 0.0343471 -0.00212456 0.00106718 0.000313249 0.00760828 0.0520123 -0.00534373 -0.0170163 -0.00322588 -0.0161553 GWD AFR
0 HG02573 0.0339587 -0.00164994 0.000837188 -0.000924973 0.00627507 0.0516904 -0.00810104 -0.0214027 -0.00831038 -0.0595548 GWD AFR
0 HG02574 0.0345705 -0.00189359 -0.000143396 -0.000412139 0.00675142 0.0466433 -0.00904128 -0.0245519 -0.00695875 -0.0117023 GWD AFR
0 HG02577 0.0230682 0.00492967 -0.000277669 0.00375588 0.00725854 -0.00487311 0.001358 0.0145937 0.00793035 0.0170708 ACB AFR
0 HG02580 0.0306687 0.000977903 -0.000726864 0.00214205 0.00544176 -0.00651953 0.00248032 0.0150946 0.00386217 0.0280269 ACB AFR
0 HG02582 0.0331315 -0.00155098 -0.000537548 -0.000632115 0.00795839 0.0642479 -0.0138629 -0.0457427 -0.00709747 -0.0590019 GWD AFR
0 HG02583 0.0350769 -0.00162099 0.000390306 -0.00012945 0.00711879 0.0540337 -0.0101578 -0.0378592 -0.00731547 -0.0602881 GWD AFR
0 HG02585 0.0347214 -0.00149203 0.000993272 -0.00145705 0.0059173 0.073649 -0.0102754 -0.0350576 -0.00841303 -0.0758818 GWD AFR
0 HG02586 0.0346628 -0.00189503 0.00022495 -0.000260109 0.0076147 0.0625788 -0.0116045 -0.038843 -0.0151224 -0.0405991 GWD AFR
0 HG02588 0.0337703 -0.00111753 9.44693e-05 0.000248317 0.00699743 0.0579625 -0.00960362 -0.0321432 -0.00888758 -0.0508215 GWD AFR
0 HG02589 0.0337947 -0.00173587 -0.000444217 0.000312203 0.00676964 0.0566875 -0.00912795 -0.0240272 -0.00203636 -0.031841 GWD AFR
0 HG02594 0.0337374 -0.00129485 0.000168478 0.00138761 0.00642494 0.036342 -0.0066434 -0.0283038 -0.00900882 -0.073442 GWD AFR
0 HG02595 0.0348348 -0.00185792 -7.15928e-05 0.000162303 0.00809403 0.0596015 -0.00792741 -0.0371622 -0.0105509 -0.0463056 GWD AFR
0 HG02597 -0.0106002 0.012691 0.0175076 -0.0180972 -0.00129452 -0.000478188 -0.000698449 -0.0014406 0.00316297 0.00359155 PJL SAS
0 HG02600 -0.0106592 0.00827708 0.0226948 -0.0332416 -0.00788455 0.00343796 -0.000193279 0.000936534 -0.00359166 -0.00367502 PJL SAS
0 HG02601 -0.0103267 0.00864018 0.0200747 -0.0230256 -0.00425008 -0.000846903 0.00119236 -0.00188282 0.00496738 -0.000237145 PJL SAS
0 HG02603 -0.0105113 0.0091517 0.020826 -0.0257802 -0.00438608 0.00153013 0.00226106 0.00118149 0.00295623 0.00249049 PJL SAS
0 HG02604 -0.0111371 0.0114736 0.0170974 -0.0218867 -0.00341895 0.00219901 0.000517609 0.000551934 0.000194096 -0.00134157 PJL SAS
0 HG02610 0.0341136 -0.00165772 0.000344225 -0.000639145 0.00590143 0.0528659 -0.0110986 -0.0328455 -0.00434465 -0.0478994 GWD AFR
0 HG02611 0.0354065 -0.00221899 0.000390646 -0.00034934 0.00675221 0.0637558 -0.0113865 -0.0444306 -0.014628 -0.0559404 GWD AFR
0 HG02613 0.0337437 -0.00157665 -0.000264232 -8.29961e-05 0.00674876 0.0562594 -0.00953448 -0.0283008 -0.00438996 -0.0378813 GWD AFR
0 HG02614 0.0290306 0.000782257 0.00047146 0.00132948 0.00835183 0.0568974 -0.0105448 -0.0356155 -0.000611307 -0.0521499 GWD AFR
0 HG02620 0.0346573 -0.00191614 0.000328626 -0.00114407 0.00599625 0.0461394 -0.0074529 -0.0221413 -0.0117119 -0.0362475 GWD AFR
0 HG02621 0.0340705 -0.00166234 0.000651159 -0.00137634 0.00707834 0.0550942 -0.0123569 -0.0402409 -0.0149386 -0.0413524 GWD AFR
0 HG02623 0.0350441 -0.00142627 -0.000887179 -6.66529e-05 0.00743525 0.0698439 -0.0100833 -0.0465292 -0.0124434 -0.0682061 GWD AFR
0 HG02624 0.0339737 -0.00193341 -1.72805e-05 -0.00117941 0.00516398 0.0486753 -0.00457827 -0.0239426 -0.00450672 -0.0339965 GWD AFR
0 HG02628 0.0354586 -0.00210878 -0.00013574 9.76236e-05 0.00762892 0.0594698 -0.0115335 -0.0538409 -0.0187723 -0.0275109 GWD AFR
0 HG02629 0.0349369 -0.00190352 0.000835917 -0.00151142 0.00585447 0.0624874 -0.013037 -0.042905 -0.0152596 -0.0387392 GWD AFR
0 HG02634 0.0337839 -0.00162357 0.000167817 -4.27784e-05 0.00625459 0.0461756 -0.00760669 -0.0309141 -0.00626617 -0.0255243 GWD AFR
0 HG02635 0.0339957 -0.00245402 -0.000427803 -0.000757713 0.00675632 0.0422857 -0.00843536 -0.0277053 -0.0154001 -0.0297296 GWD AFR
0 HG02642 0.0347512 -0.00200663 0.000426288 0.000436534 0.00700618 0.0622224 -0.012688 -0.0394051 -0.00730197 -0.0566338 GWD AFR
0 HG02643 0.0347162 -0.00212088 0.000198455 -0.000970924 0.00779867 0.065998 -0.0103743 -0.0333929 -0.00956401 -0.0453288 GWD AFR
0 HG02645 0.0334226 -0.00118613 0.000586432 -0.00102633 0.00840509 0.0702189 -0.0123156 -0.0425143 -0.00988958 -0.0599627 GWD AFR
0 HG02646 0.0341694 -0.00166853 0.000551353 -0.000745339 0.00701565 0.0614389 -0.0142403 -0.0553373 -0.0153043 -0.0465934 GWD AFR
0 HG02648 -0.0114605 0.0118933 0.0170418 -0.0167383 0.000432231 -0.000935817 -0.00723799 0.00400767 -0.00633581 0.00256425 PJL SAS
0 HG02649 -0.0109017 0.0135718 0.0142024 -0.0164807 -0.000321085 -0.000255823 -0.00213175 0.00223687 -0.00503615 -5.72783e-05 PJL SAS
0 HG02651 -0.0112533 0.0112661 0.0206499 -0.024633 -0.00570892 0.00211703 -0.00226037 0.00451094 -0.00240659 0.00143307 PJL SAS
0 HG02652 -0.0108784 0.0113883 0.0196643 -0.0263371 -0.00416889 8.1112e-05 0.000412474 0.00199368 0.00231897 0.00326527 PJL SAS
0 HG02654 -0.0111352 0.0141087 0.016186 -0.016867 -0.00078961 0.00179114 -0.00165591 -0.00217876 0.00939419 0.000843426 PJL SAS
0 HG02655 -0.0109131 0.0137723 0.0167339 -0.0191723 -0.00191305 0.00205344 0.00159912 -0.00423051 0.0059054 -0.00145312 PJL SAS
0 HG02657 -0.0110929 0.0126588 0.0201745 -0.0222908 -0.00397353 0.0014343 0.00106701 0.00129256 -0.00133755 -0.00122352 PJL SAS
0 HG02658 -0.0106129 0.010178 0.0192026 -0.02608 -0.00556024 0.00171681 0.00380372 -0.000322948 -0.00672719 -0.00662998 PJL SAS
0 HG02660 -0.0108342 0.00975001 0.0182225 -0.020689 -0.00278903 6.73315e-05 -0.0044974 0.00158878 -0.001972 -0.0026863 PJL SAS
0 HG02661 -0.0111913 0.0117725 0.0159172 -0.0223204 -0.00221333 -0.000205855 -0.000961126 0.00395467 -0.00420163 -0.00165347 PJL SAS
0 HG02666 0.0354902 -0.00170162 -0.000945565 -0.000234716 0.00701911 0.0598199 -0.0115232 -0.0399685 -0.0118808 -0.0679199 GWD AFR
0 HG02667 0.034157 -0.00227323 0.000710126 0.000497171 0.00703114 0.0619541 -0.0118015 -0.0457038 -0.0133223 -0.0684335 GWD AFR
0 HG02675 0.0343849 -0.00178782 0.00021519 -1.72058e-05 0.00747862 0.0630201 -0.00851898 -0.0330226 -0.000625074 -0.025928 GWD AFR
0 HG02676 0.0333775 -0.00134401 -0.000192148 -0.000903415 0.00598613 0.0386759 -0.00441563 -0.0225642 -0.00413126 -0.0275612 GWD AFR
0 HG02678 0.0347322 -0.000426856 -0.000494058 0.00122413 0.00787944 0.0596706 -0.0120402 -0.0528225 -0.0185643 -0.000447583 GWD AFR
0 HG02679 0.033894 -0.00153711 0.00109643 -0.000322138 0.00546335 0.0561565 -0.00761832 -0.0254082 -0.00262437 -0.0450255 GWD AFR
0 HG02681 -0.011019 0.012788 0.0177163 -0.0191316 -0.00132735 -0.000383007 -0.00141568 0.00134126 -0.00132654 -0.00224336 PJL SAS
0 HG02682 -0.0111162 0.0129978 0.0173335 -0.0193437 -0.000446023 -0.00083993 -0.00160351 0.00181449 0.00118261 4.55586e-05 PJL SAS
0 HG02684 -0.00983148 0.00913185 0.0232703 -0.0275493 -0.00527129 0.00276164 -0.00303498 -0.0013096 0.00528776 0.00133804 PJL SAS
0 HG02685 -0.0106793 0.00746627 0.0251543 -0.0331827 -0.00971174 0.00171491 0.00647576 -0.00247082 -0.00257369 -0.00151919 PJL SAS
0 HG02687 -0.0104792 0.00735704 0.0222684 -0.0302798 -0.00736303 0.00146513 0.00122934 -0.00151847 -0.000191525 0.00241544 PJL SAS
0 HG02688 -0.0107004 0.00784006 0.022667 -0.0282482 -0.00543872 0.0022758 0.00145773 -0.00142144 0.0017321 0.000106503 PJL SAS
0 HG02690 -0.0106172 0.0133401 0.0166991 -0.0187236 -0.000939649 -0.000551349 -0.00049858 -0.00481436 0.00667732 0.00265806 PJL SAS
0 HG02691 -0.0110094 0.014049 0.0167753 -0.017275 -0.000532151 -0.00103892 0.00101971 -0.00148773 0.00290508 0.00243241 PJL SAS
0 HG02694 -0.0108199 0.0143714 0.017031 -0.0172628 -0.000885608 -0.00220269 -0.00295274 -0.00306855 0.00791175 -9.64973e-05 PJL SAS
0 HG02696 -0.0110083 0.00918614 0.0193215 -0.0274572 -0.0054062 0.00107416 0.0015683 0.000952201 0.000882645 0.00393529 PJL SAS
0 HG02697 -0.0114307 0.0139422 0.0182238 -0.0194553 -0.00112109 -0.00091112 0.000957582 -3.07905e-06 0.00292996 -0.00396964 PJL SAS
0 HG02699 -0.0108915 0.012528 0.016832 -0.0187306 -0.00158995 0.00133572 -0.000719542 0.00188244 0.00201621 0.00293826 PJL SAS
0 HG02700 -0.0112455 0.0127441 0.0184008 -0.0207422 -0.00198206 0.00149703 0.00300859 0.00337855 0.0060406 0.000718308 PJL SAS
0 HG02702 0.0339474 -0.00139819 0.000501781 -0.000268987 0.00660837 0.0609959 -0.00951026 -0.0322869 -0.00915023 -0.0680415 GWD AFR
0 HG02703 0.0345533 -0.00178146 0.000790889 -0.000521167 0.00641991 0.0647606 -0.0103001 -0.0464032 -0.0154127 -0.0247152 GWD AFR
0 HG02715 0.0331726 -0.00119298 0.000251185 -0.00069385 0.00641432 0.06833 -0.0134455 -0.0334489 -0.0111869 -0.0395741 GWD AFR
0 HG02716 0.0350104 -0.00182385 -0.000188739 -0.000520065 0.00713547 0.0503322 -0.0155417 -0.0433572 -0.0160686 -0.0165468 GWD AFR
0 HG02721 0.0341792 -0.00218752 8.27585e-05 0.000416811 0.00700873 0.0499505 -0.0114316 -0.0243071 -0.00742343 -0.0239548 GWD AFR
0 HG02722 0.0350136 -0.00188994 -0.000722178 -0.000820702 0.00741774 0.056395 -0.00962624 -0.0319855 -0.0130719 -0.00710817 GWD AFR
0 HG02724 -0.010684 0.0062117 0.0213412 -0.0278657 -0.00580117 7.38489e-05 -0.00421359 -0.00320795 0.0023573 0.00213051 PJL SAS
0 HG02725 -0.0108099 0.00526372 0.0234484 -0.0315794 -0.00843213 0.00228932 0.00392252 0.000776337 0.00149968 -0.00252375 PJL SAS
0 HG02727 -0.0103317 0.00636144 0.02428 -0.0320399 -0.00771018 0.000893091 -0.00351919 0.00222801 -0.00430283 -0.00078704 PJL SAS
0 HG02728 -0.010531 0.00642467 0.0224288 -0.0287457 -0.006295 0.00107545 -0.000264478 0.00103336 0.000322904 0.000777145 PJL SAS
0 HG02731 -0.0111703 0.00877974 0.0214423 -0.0273501 -0.00464243 -0.0019593 -0.000596942 -0.00091848 0.00310761 0.000357276 PJL SAS
0 HG02733 -0.0112328 0.0119346 0.0211213 -0.0269693 -0.00519288 0.0033514 0.000850443 -0.00203445 -0.00111746 -0.00348689 PJL SAS
0 HG02734 -0.0114208 0.0125119 0.0157054 -0.0197156 -0.00120938 0.00199499 -0.00160477 0.00525845 -0.00957327 0.000612852 PJL SAS
0 HG02736 -0.0111535 0.0109035 0.0172599 -0.0207968 -0.00154296 0.00163127 -0.00113121 0.00682986 -0.0124785 0.00282538 PJL SAS
0 HG02737 -0.0112654 0.0111316 0.0202331 -0.0251904 -0.00524282 0.00361974 -0.0041782 0.000629939 0.000798982 0.00213091 PJL SAS
0 HG02756 0.0356323 -0.00236052 -0.000291699 0.000174298 0.00743537 0.0591113 -0.0112624 -0.0495967 -0.0175117 -0.0691297 GWD AFR
0 HG02757 0.0324685 -5.68789e-05 2.38762e-05 0.00127492 0.00695672 0.0576191 -0.0123639 -0.0456639 -0.0117147 -0.050552 GWD AFR
0 HG02759 0.0343962 -0.00196549 -0.000524676 -0.000902371 0.00685104 0.0357323 -0.00374308 -0.0253457 -0.00558685 -0.0185487 GWD AFR
0 HG02760 0.0346257 -0.00227358 -0.000494891 -0.00113022 0.00736457 0.0479442 -0.0121172 -0.0377566 -0.0147304 -0.0256736 GWD AFR
0 HG02763 0.0340552 -0.00225186 -7.89489e-06 -0.000984028 0.00836505 0.0560645 -0.00647972 -0.0295942 -0.00858632 -0.0495905 GWD AFR
0 HG02768 0.0353837 -0.00232735 -0.000112679 -0.000363768 0.00639282 0.0649214 -0.0112885 -0.0316051 -0.0133028 -0.0223425 GWD AFR
0 HG02769 0.0345748 -0.00251045 -0.000234646 -0.000523469 0.00910629 0.0603275 -0.00815465 -0.0385148 -0.0129753 -0.0161611 GWD AFR
0 HG02771 0.0361645 -0.00222169 -0.000874753 -0.00110185 0.0070003 0.0558571 -0.00854546 -0.021047 -0.00554409 -0.0300688 GWD AFR
0 HG02772 0.0349201 -0.00152151 0.000249847 -0.00125316 0.00723715 0.0623039 -0.00882326 -0.0275318 -0.00882987 -0.0233931 GWD AFR
0 HG02774 -0.0104074 0.00842517 0.0227113 -0.0294325 -0.00560147 -0.000180039 0.00188426 -0.00192547 0.00689159 0.000898377 PJL SAS
0 HG02775 -0.010619 0.00768102 0.0239282 -0.0297592 -0.0075895 0.00316074 0.000686778 -0.000261641 0.00233177 -8.92528e-06 PJL SAS
0 HG02778 -0.0104924 0.00608853 0.024628 -0.0309916 -0.00754773 -2.11003e-05 -0.00411546 0.00211287 -0.00624975 0.00275614 PJL SAS
0 HG02780 -0.0107848 0.00654068 0.022029 -0.0276435 -0.00501514 0.00101542 0.00171919 0.00104348 0.000304421 -0.00117508 PJL SAS
0 HG02783 -0.0102069 0.0062065 0.0245758 -0.0349495 -0.00950084 0.00214062 -0.00153017 -0.00213663 -0.000482839 -0.00127295 PJL SAS
0 HG02784 -0.010219 0.00743616 0.0223317 -0.0315794 -0.00859629 0.00315033 0.000432158 0.000135791 -0.00191096 0.00235721 PJL SAS
0 HG02786 -0.010296 0.00604059 0.0231889 -0.0309322 -0.00771169 0.00028307 0.000338912 -0.00117668 -0.00138225 -0.000224031 PJL SAS
0 HG02787 -0.0109763 0.00563733 0.0239575 -0.0315099 -0.00726349 0.00186325 -0.00243199 -0.000871509 -0.00149127 -0.00144901 PJL SAS
0 HG02789 -0.0111574 0.00597228 0.0237798 -0.0334978 -0.00794108 0.00166617 -0.00131321 0.00305625 -0.00580913 -0.00413247 PJL SAS
0 HG02790 -0.0106369 0.00742029 0.0228277 -0.0298439 -0.00799021 0.000585049 -0.000649195 -0.000620182 0.000475822 -0.000703959 PJL SAS
0 HG02792 -0.0106236 0.00502957 0.0252212 -0.0315128 -0.00735451 0.000961906 0.00127263 -0.00259534 0.00332956 0.00348516 PJL SAS
0 HG02793 -0.0102099 0.0095822 0.0219292 -0.0274671 -0.00506846 -0.000429897 0.000189974 0.00298273 -0.00573947 0.0002684 PJL SAS
0 HG02798 0.0341685 -0.00205264 0.000481165 0.000135296 0.00670634 0.0555045 -0.00973406 -0.0449475 -0.0138817 -0.0427249 GWD AFR
0 HG02799 0.0345619 -0.00114583 1.71956e-05 -0.00138911 0.00628349 0.0546277 -0.0109036 -0.0444133 -0.0110945 -0.000313612 GWD AFR
0 HG02804 0.0349337 -0.00197343 -0.000227659 -6.06153e-05 0.00763864 0.0662431 -0.0115285 -0.0412022 -0.00947799 -0.0456753 GWD AFR
0 HG02805 0.0346337 -0.00263694 6.00103e-05 -0.000157916 0.00699042 0.058299 -0.0109569 -0.0498434 -0.0232074 -0.0496426 GWD AFR
0 HG02807 0.0348954 -0.00173536 -6.18416e-05 -0.00165862 0.00559089 0.0461558 -0.00524695 -0.0257458 -0.0131569 -0.00910397 GWD AFR
0 HG02808 0.0341907 -0.00134102 -0.000128217 -0.000434077 0.00726157 0.0584398 -0.0095364 -0.0296418 -0.00583606 -0.0312577 GWD AFR
0 HG02810 0.0341188 -0.0010094 -0.000309071 0.00133466 0.00704051 0.0507754 -0.00432151 -0.0298165 -0.00587482 -0.0252628 GWD AFR
0 HG02811 0.0351063 -0.00237854 0.000620326 -0.000370307 0.00735541 0.0629376 -0.0119952 -0.0411044 -0.0155757 -0.0273612 GWD AFR
0 HG02813 0.0337991 -0.00141752 0.000174502 -0.000216779 0.00758072 0.0523169 -0.00719996 -0.0429333 -0.00985767 -0.0560866 GWD AFR
0 HG02814 0.0333693 -0.00135223 0.000766945 0.000286963 0.00715949 0.0488103 -0.00630027 -0.0328169 -0.00701748 -0.0170284 GWD AFR
0 HG02816 0.0344585 -0.00233201 0.00075795 -0.000924239 0.00697561 0.0567514 -0.0126165 -0.0323784 -0.0101504 -0.0276907 GWD AFR
0 HG02817 0.033589 -0.00173862 -0.000207175 -0.000970516 0.00652877 0.0468343 -0.0050561 -0.0257382 -0.00569574 -0.0300921 GWD AFR
0 HG02819 0.0346617 -0.00238472 -3.77478e-05 -0.000244714 0.00908011 0.061344 -0.0128083 -0.036852 -0.0124129 -0.0320476 GWD AFR
0 HG02820 0.0345672 -0.0022072 0.000882015 -0.00194434 0.00715609 0.060969 -0.0124487 -0.0306338 -0.0116527 -0.0445777 GWD AFR
0 HG02836 0.0347606 -0.00128316 0.000908942 -0.00121567 0.00769755 0.0678773 -0.010599 -0.0248811 -0.0132751 -0.0100192 GWD AFR
0 HG02837 0.0349084 -0.00227665 0.000169498 0.000115583 0.00907914 0.0694443 -0.0124677 -0.0431412 -0.0151786 -0.0211175 GWD AFR
0 HG02839 0.0328572 -0.000833182 0.000744446 0.000616761 0.0076851 0.054665 -0.00474264 -0.0385087 -0.00407405 -0.0448844 GWD AFR
0 HG02840 0.0347079 -0.00158594 0.000763108 -0.0013012 0.00758643 0.0506806 -0.00625106 -0.0249082 -0.00771056 -0.0233839 GWD AFR
0 HG02851 0.0344127 -0.00139109 -0.000602161 -0.000530457 0.00438775 0.0235604 -0.0045105 -0.00745031 0.0012367 -0.00568616 GWD AFR
0 HG02852 0.0335011 -0.00170424 -1.63475e-05 -0.0004621 0.00913456 0.0669271 -0.0108954 -0.0331184 -0.0138511 -0.0345135 GWD AFR
0 HG02854 0.0346812 -0.00212076 0.00017854 -0.00156292 0.00755845 0.0539174 -0.0121615 -0.0214505 -0.00648192 -0.0145085 GWD AFR
0 HG02855 0.0337791 -0.00129339 0.0010595 -0.00136037 0.00753991 0.0643573 -0.0197438 -0.0485147 -0.0146949 -0.0608815 GWD AFR
0 HG02860 0.0338337 -0.00174858 0.000978049 -0.00209823 0.00588328 0.0393453 -0.00672132 -0.0370696 -0.0100626 -0.0376251 GWD AFR
0 HG02861 0.0339966 -0.00166208 1.24614e-05 -0.000230182 0.00825062 0.0633624 -0.00879568 -0.0383769 -0.00675549 -0.019262 GWD AFR
0 HG02870 0.03454 -0.00170057 0.000347407 -0.00184884 0.00502695 0.042639 -0.00563031 -0.0224196 -0.0128974 -0.0315047 GWD AFR
0 HG02878 0.0338411 -0.00185041 0.000204562 -0.000269981 0.00766839 0.0623538 -0.00840161 -0.0448036 -0.00883024 -0.0442148 GWD AFR
0 HG02879 0.0341818 -0.00177116 0.00112679 -0.000971644 0.00704495 0.0638981 -0.0151926 -0.0295485 -0.00766271 -0.0427674 GWD AFR
0 HG02881 0.0345802 -0.00287728 0.000781829 -0.000803741 0.00769151 0.0641785 -0.0128958 -0.0220984 -0.00668516 -0.00605805 GWD AFR
0 HG02882 0.0344199 -0.00191805 -1.7702e-05 -0.000781398 0.00795111 0.0609714 -0.00904738 -0.0357698 -0.0100077 -0.0261331 GWD AFR
0 HG02884 0.0333186 -0.00171625 0.00122106 -0.000383799 0.00801118 0.0511728 -0.0109224 -0.0326893 -0.0115281 -0.0232009 GWD AFR
0 HG02885 0.0337281 -0.00167443 0.000713573 0.00024821 0.00845774 0.0624539 -0.011919 -0.0312456 -0.00549667 -0.0407997 GWD AFR
0 HG02887 0.0351294 -0.00262649 0.000611678 -0.00117639 0.007676 0.0639933 -0.0103868 -0.0417779 -0.0131831 -0.0483261 GWD AFR
0 HG02888 0.0344256 -0.00194223 0.00124789 0.000469304 0.00722662 0.0555767 -0.0120649 -0.0481759 -0.0171608 -0.035612 GWD AFR
0 HG02890 0.0354813 -0.00173273 -0.000374967 -0.00126786 0.00665054 0.0537782 -0.00651709 -0.0251134 -0.0055508 -0.0256853 GWD AFR
0 HG02891 0.0345493 -0.00218823 0.000572705 -0.000797858 0.00621288 0.0517276 -0.00955319 -0.030986 -0.00612924 -0.0164489 GWD AFR
0 HG02895 0.0333475 -0.00192428 0.000460943 -0.000852651 0.00713846 0.0623598 -0.0118601 -0.0541506 -0.0188994 -0.0561407 GWD AFR
0 HG02896 0.0340058 -0.00160461 0.000421904 0.000318173 0.00780762 0.0618482 -0.0118338 -0.045208 -0.0101395 -0.055835 GWD AFR
0 HG02922 0.036346 -0.00282858 -0.000264861 -0.00150237 0.00258117 -0.01834 0.00720926 0.046646 0.0142997 -0.0128671 ESN AFR
0 HG02923 0.0352509 -0.00280337 4.34403e-05 9.29381e-05 0.00275536 -0.0120791 0.00822135 0.0462114 0.0180081 -0.024619 ESN AFR
0 HG02938 0.0350187 -0.00180964 -0.00108479 0.000140363 0.0032269 -0.018356 0.00756881 0.042586 0.0219384 -0.0349544 ESN AFR
0 HG02941 0.0355618 -0.0028551 0.00015189 -0.00165981 0.00338159 -0.0124734 0.00371694 0.0424986 0.0156427 -0.0192923 ESN AFR
0 HG02943 0.0352759 -0.00215887 0.000491219 -0.000523919 0.00385652 -0.0200478 0.00534821 0.0383517 0.0132377 -0.0295304 ESN AFR
0 HG02944 0.0351577 -0.00200912 0.000254444 -0.00130651 0.00143366 -0.0203252 0.00501216 0.0460234 0.0140787 -0.0297479 ESN AFR
0 HG02946 0.0364768 -0.00250302 0.000425722 -0.0013498 0.0040263 -0.0168862 0.00688495 0.0705244 0.0241477 -0.0368726 ESN AFR
0 HG02947 0.0357909 -0.00211948 0.000316712 -0.00142437 0.00282234 -0.0161789 0.00358889 0.0391581 0.0115267 -0.0215132 ESN AFR
0 HG02952 0.0354275 -0.00222912 0.000295019 -0.00158485 0.00369058 -0.0132564 0.00682237 0.0534802 0.0174789 -0.0505687 ESN AFR
0 HG02953 0.0344639 -0.00268506 -0.000861689 0.0006236 0.00449697 -0.0206486 0.00445322 0.0297838 0.0155338 -0.0383596 ESN AFR
0 HG02968 0.0350145 -0.00207018 0.000528329 -0.000534426 0.00249271 -0.0107506 0.000682745 0.0357668 0.0141117 0.0105754 ESN AFR
0 HG02970 0.0355485 -0.0021294 -0.000304885 -0.000922444 0.00203694 -0.014888 0.00417269 0.037916 0.0106887 -0.0445873 ESN AFR
0 HG02971 0.0360682 -0.00206079 -0.000528144 -0.00116341 0.00187028 -0.016584 0.0047119 0.0443526 0.0143776 0.000388366 ESN AFR
0 HG02973 0.0355139 -0.00204122 -0.000344527 -0.000884907 0.00244565 -0.00584479 0.00661951 0.0370272 0.0122347 -0.0344226 ESN AFR
0 HG02974 0.0365604 -0.00162094 5.80635e-05 -0.000820472 0.00249494 -0.0178159 0.00828851 0.0440447 0.013599 -0.00617677 ESN AFR
0 HG02976 0.035332 -0.00267818 0.00015365 -0.00185973 0.0025525 -0.0136597 0.00402657 0.0320102 0.00509989 -0.00604507 ESN AFR
0 HG02977 0.0364189 -0.00255417 0.000113947 0.000643122 0.00425155 -0.0131529 0.00386412 0.0482777 0.00865605 -0.0196323 ESN AFR
0 HG02979 0.0352653 -0.00192652 -6.21288e-05 -0.000350007 0.00361112 -0.0154868 0.00203254 0.0288445 0.00439118 -0.00979229 ESN AFR
0 HG02981 0.0359307 -0.0030177 0.000405655 -0.000764185 0.00228375 -0.0201981 0.00520879 0.0420866 0.00961098 -0.00864546 ESN AFR
0 HG02982 0.0330871 -0.00159597 0.000294575 -0.000748367 0.00724966 0.0546027 -0.00980878 -0.0346076 -0.0111708 -0.0451849 GWD AFR
0 HG02983 0.0344115 -0.00112258 0.000513749 -0.000994677 0.00701876 0.0594907 -0.0122227 -0.0297923 -0.0106457 -0.0566208 GWD AFR
0 HG03006 -0.0107202 0.00400038 0.0221304 -0.0278141 -0.00422009 0.00205836 0.00353812 0.00276339 -0.00385 0.000215012 BEB SAS
0 HG03007 -0.0116428 0.00501008 0.0204476 -0.0261455 -0.00352229 0.00150922 -0.00205354 0.0010204 0.00350832 0.00398342 BEB SAS
0 HG03009 -0.0110795 0.00173488 0.0242574 -0.0310458 -0.00664582 0.00141922 -0.0027278 0.00342378 -0.0018376 0.00534048 BEB SAS
0 HG03012 -0.0109788 0.00226716 0.020652 -0.0291148 -0.00427611 0.00189638 0.00138741 0.00265956 -0.00294119 0.00086781 BEB SAS
0 HG03015 -0.0112196 0.00684495 0.0228845 -0.0314198 -0.00715163 0.00138947 -0.00129648 0.00236596 -0.00476179 0.00177406 PJL SAS
0 HG03016 -0.0109928 0.00690162 0.0217305 -0.0323045 -0.0080854 0.000393594 -0.00133149 -0.00207395 0.00184621 0.00311215 PJL SAS
0 HG03018 -0.0106861 0.00798348 0.0210198 -0.0271751 -0.00483013 0.000557888 0.00190161 -0.00263657 0.00436689 -0.000456543 PJL SAS
0 HG03019 -0.0106561 0.00593645 0.0218388 -0.0318961 -0.00711244 0.0011974 -0.00542158 0.00256247 -0.00723725 0.0036027 PJL SAS
0 HG03021 -0.0110697 0.00943812 0.0217573 -0.0303799 -0.00700143 0.000287383 0.000385054 -0.00206177 0.0053563 0.00559815 PJL SAS
0 HG03022 -0.0111447 0.00867127 0.0222814 -0.0281035 -0.00592108 0.000262297 -0.00390164 -0.00035982 0.00210736 -0.00163021 PJL SAS
0 HG03024 0.0355639 -0.00196951 -0.000416197 -0.000575337 0.00780785 0.0605594 -0.0118513 -0.0435615 -0.0144522 -0.0369364 GWD AFR
0 HG03025 0.0354454 -0.00151045 0.000323918 -0.000685522 0.00627782 0.0551597 -0.0112401 -0.037704 -0.0139972 0.00493265 GWD AFR
0 HG03027 0.0346585 -0.00181303 -0.000114957 -0.000665332 0.00767496 0.0593045 -0.0112063 -0.0314 -0.0032362 -0.0357343 GWD AFR
0 HG03028 0.0355025 -0.00240348 -0.000110569 0.000276079 0.00700919 0.0554949 -0.00669969 -0.0412755 -0.0131865 -0.0131896 GWD AFR
0 HG03039 0.033692 -0.00176458 -0.000427395 -0.000238935 0.00690043 0.053921 -0.00185865 -0.0279142 -0.00595414 -0.0207417 GWD AFR
0 HG03040 0.034342 -0.00174208 0.00016875 0.00033911 0.0069413 0.0297738 -0.00493369 -0.0156941 -0.00806634 0.00698771 GWD AFR
0 HG03045 0.0335878 -0.00182591 -0.00017253 0.000767323 0.00835167 0.0566242 -0.0120719 -0.0283383 -0.00535429 -0.0490613 GWD AFR
0 HG03046 0.0343154 -0.00136915 0.00047006 -0.000165007 0.00749532 0.0647804 -0.0106701 -0.0451019 -0.0131034 -0.0298416 GWD AFR
0 HG03048 0.0342538 -0.00194386 -0.000588026 -0.000927684 0.00731653 0.0597462 -0.0107256 -0.0242652 -0.00899924 -0.0558093 GWD AFR
0 HG03049 0.0344863 -0.00267949 0.000168318 -0.00041462 0.00719881 0.0643149 -0.0133361 -0.0535485 -0.015733 -0.0586526 GWD AFR
0 HG03052 0.0362419 -0.00211055 0.00075629 -0.000598805 0.00593127 0.0377569 -0.00125014 -0.00436519 -0.0134622 0.077083 MSL AFR
0 HG03054 0.035679 -0.00255757 0.000531218 -0.00108767 0.0084859 0.047795 -0.00733031 -0.0134171 -0.00760742 0.0824432 MSL AFR
0 HG03055 0.035984 -0.00300707 -3.92925e-05 2.72208e-05 0.00725678 0.028841 -0.006082 -0.0178212 -0.011963 0.0835411 MSL AFR
0 HG03057 0.0347103 -0.00196155 -0.00117998 0.000161899 0.00693918 0.0383885 -0.0057919 -0.0287809 -0.0138548 0.047712 MSL AFR
0 HG03058 0.0362452 -0.00235048 0.00043505 -0.000418944 0.00550551 0.0352431 -0.00459627 0.00962618 -0.000199075 0.0817346 MSL AFR
0 HG03060 0.0360873 -0.00276112 0.000171347 -0.00135024 0.00700586 0.0421634 -0.00744993 -0.0180388 -0.0163082 0.0678551 MSL AFR
0 HG03061 0.0341863 -0.00237153 -0.00027473 -0.000336413 0.00637554 0.0264654 -0.00592267 -0.0114632 -0.00742877 0.0512748 MSL AFR
0 HG03063 0.0357607 -0.00262273 0.000389656 -0.00101509 0.00656567 0.0433088 -0.00688605 -0.0168109 -0.0102298 0.0451383 MSL AFR
0 HG03064 0.0359395 -0.00224153 6.9493e-05 -0.000572091 0.00481281 0.0257014 -0.00498207 -0.0157445 -0.00769862 0.0637403 MSL AFR
0 HG03066 0.0354328 -0.00162242 -0.000501976 -0.000450076 0.00602258 0.0421969 -0.00901832 -0.017781 -0.0086901 0.0825529 MSL AFR
0 HG03069 0.0358395 -0.00257566 -0.00119371 -0.000769471 0.00584689 0.0359719 -0.00870425 -0.0117622 -0.00573957 0.0713309 MSL AFR
0 HG03072 0.0358891 -0.00227779 -0.000340458 -0.00101175 0.00587277 0.0464164 -0.00590682 -0.00793725 -0.00652568 0.079159 MSL AFR
0 HG03073 0.0354643 -0.00277718 -0.00100639 -0.00126497 0.00649263 0.0343583 -0.0069519 -0.018106 -0.011718 0.0643471 MSL AFR
0 HG03074 0.0354115 -0.00237989 0.00116189 -0.00140444 0.00609438 0.0377223 -0.00287626 -0.00268315 -0.00425762 0.100089 MSL AFR
0 HG03077 0.0364203 -0.00200626 -0.000290563 -0.000795137 0.00620393 0.0399911 -0.00482959 -0.00947161 -0.00514986 0.0831335 MSL AFR
0 HG03078 0.0349976 -0.00231186 -0.000449854 -0.00196444 0.00520415 0.0361397 -0.00489081 -0.0032305 -0.00698825 0.070329 MSL AFR
0 HG03079 0.0361372 -0.00221741 0.000141415 -0.000347772 0.00527414 0.0308607 -0.00537362 0.0112846 -0.00328058 0.0536979 MSL AFR
0 HG03081 0.0352793 -0.00227673 -0.000539157 -0.000329768 0.00609675 0.028228 -0.00393604 -0.00475248 -0.0058293 0.0510292 MSL AFR
0 HG03082 0.0358463 -0.00196775 -3.00731e-05 -0.00126366 0.00555937 0.0384569 -0.00384937 -0.0155868 -0.0116204 0.0537758 MSL AFR
0 HG03084 0.0355303 -0.00130374 0.0010772 -0.000156225 0.00548193 0.0507234 -0.00685796 -0.02622 -0.0113901 0.0337982 MSL AFR
0 HG03085 0.0347506 -0.00221437 0.000319019 -0.00121147 0.00496436 0.0307972 -0.00125081 -0.00823382 -0.00627817 0.0877083 MSL AFR
0 HG03086 0.0356983 -0.003059 -9.70305e-05 -0.000850251 0.00561579 0.0380898 -0.00249677 -0.0104901 -0.00901797 0.0757802 MSL AFR
0 HG03088 0.0358346 -0.00209576 0.000404873 -0.000317559 0.00524605 0.0383051 -0.00351814 -0.00726105 -0.00120381 0.0561113 MSL AFR
0 HG03091 0.0355034 -0.00261988 0.00059186 0.000136453 0.00619434 0.0370352 -0.00605899 0.00614709 -0.00255547 0.0714885 MSL AFR
0 HG03095 0.0363867 -0.00278092 0.000366955 -0.00166648 0.00465125 0.0171764 -0.00196898 -0.0239308 -0.00952998 0.0667534 MSL AFR
0 HG03096 0.0349816 -0.00227099 0.000412397 -0.000245095 0.00498922 0.0400308 -0.00719228 -0.0124444 -0.00797315 0.0412783 MSL AFR
0 HG03097 0.0355687 -0.0023948 -0.000216348 0.000163152 0.00533433 0.0339996 -0.00237447 -0.00416112 -0.00856115 0.116392 MSL AFR
0 HG03099 0.0360239 -0.00275014 -0.000601354 -0.00101647 0.00191658 -0.00807048 0.00679226 0.0508573 0.0157102 -0.0295863 ESN AFR
0 HG03100 0.0352935 -0.00248308 0.000194961 -0.00167926 0.00152091 -0.0187197 0.00469079 0.0521774 0.0226979 0.00412829 ESN AFR
0 HG03103 0.0354471 -0.00217779 -0.000685933 -0.00018205 0.00351221 -0.00991913 0.00616502 0.0451024 0.0170348 -0.0237868 ESN AFR
0 HG03105 0.0352082 -0.00271886 0.000257115 -0.000513317 0.00316879 -0.0154674 0.00457046 0.025832 0.00827163 -0.0368171 ESN AFR
0 HG03108 0.0356447 -0.00228182 -0.000231336 -0.000766283 0.00459355 -0.018118 0.0056819 0.0535669 0.019947 -0.0258412 ESN AFR
0 HG03109 0.0366134 -0.00280334 0.000768321 -0.000793147 0.00214824 -0.0134325 0.00382976 0.0560467 0.0174244 -0.0209272 ESN AFR
0 HG03111 0.0357298 -0.00309219 0.000180149 -0.000873913 0.00174645 -0.0275623 0.00321291 0.029331 0.00772121 -0.000118549 ESN AFR
0 HG03112 0.0362906 -0.00245568 -0.000251302 -0.00154289 0.00127073 -0.0225157 0.00434767 0.0309236 0.0107572 -0.024903 ESN AFR
0 HG03114 0.0351297 -0.00200674 -0.000330252 -0.000541509 0.00216366 -0.0206796 0.00678059 0.0463679 0.0136039 -0.0342674 ESN AFR
0 HG03115 0.0363012 -0.00210422 -0.000468575 -0.00125711 0.000924514 -0.0122494 0.00880952 0.032398 0.0124083 -0.0257785 ESN AFR
0 HG03117 0.0351105 -0.00240311 0.000468313 -0.000688858 0.00327948 -0.0107324 0.00261377 0.0350815 0.0161045 -0.017864 ESN AFR
0 HG03118 0.034961 -0.0027545 -0.000165164 -0.000110166 0.00201269 -0.019016 0.00506627 0.0342527 0.00568204 -0.025479 ESN AFR
0 HG03120 0.0359515 -0.00201943 0.000798168 -0.000914119 0.00176842 -0.0224929 0.00642826 0.051745 0.018727 -0.0329914 ESN AFR
0 HG03121 0.0361683 -0.00214305 0.000469346 -0.00106551 0.00202156 -0.0159828 0.00901545 0.0564522 0.0182228 -0.0341652 ESN AFR
0 HG03123 0.035103 -0.00228065 -0.000453386 0.000450259 0.0041502 -0.00758268 0.00347288 0.0404107 0.0168812 -0.022194 ESN AFR
0 HG03124 0.0349799 -0.00272008 -8.2695e-05 -0.00108257 0.00325105 -0.0121733 0.00453953 0.0553313 0.0190054 -0.0333332 ESN AFR
0 HG03126 0.0350974 -0.00201145 0.00026791 -0.001238 0.00207053 -0.0133824 0.00442127 0.0463067 0.0176154 -0.0221751 ESN AFR
0 HG03127 0.0362868 -0.0025852 -0.0010764 3.15168e-05 0.00402978 -0.0124734 0.00431457 0.0349123 0.0173943 0.00672857 ESN AFR
0 HG03129 0.0347736 -0.00188591 -0.000170762 -0.000342742 0.00227036 -0.0114315 0.00611344 0.0305373 0.0107604 -0.0534403 ESN AFR
0 HG03130 0.0348363 -0.00173102 0.00014897 -0.000211055 0.00298284 -0.016339 0.00650175 0.0267692 0.00958415 0.00165069 ESN AFR
0 HG03132 0.035507 -0.00202698 -8.60154e-05 -0.000413925 0.00304885 -0.0135884 0.00401339 0.0463078 0.0215359 -0.019751 ESN AFR
0 HG03133 0.0358053 -0.00163114 0.00081952 -8.21155e-05 0.00304599 -0.0138589 0.00554178 0.0392888 0.0127008 -0.0250649 ESN AFR
0 HG03135 0.0351099 -0.00198806 -0.000100225 -0.000908806 0.000744975 -0.0213655 0.00259254 0.0365868 0.0124389 -0.0219706 ESN AFR
0 HG03136 0.0358237 -0.0029999 -0.000774216 0.000281167 0.00241309 -0.0148831 0.00422352 0.0407037 0.0103207 -0.0102764 ESN AFR
0 HG03139 0.0358085 -0.00263268 -0.000518938 -0.00141567 0.00293414 -0.0208736 0.00358925 0.030275 0.0129078 -0.00896431 ESN AFR
0 HG03157 0.0352976 -0.00166681 -0.000883992 -0.00137387 0.00276185 -0.0135336 0.00712204 0.0361599 0.0120959 0.00613665 ESN AFR
0 HG03159 0.0352094 -0.00251025 0.000304822 -0.00146877 0.00231328 -0.0195298 0.0035881 0.0284736 0.00879419 -0.00426467 ESN AFR
0 HG03160 0.0350258 -0.00204739 0.000399856 0.000412176 0.00328577 -0.01216 0.00401124 0.0398197 0.0162721 -0.0172111 ESN AFR
0 HG03162 0.035102 -0.00219844 0.00118286 -0.000757888 0.00290603 -0.00820138 0.00272406 0.0335681 0.0060088 -0.0312353 ESN AFR
0 HG03163 0.0357776 -0.00237988 0.00072145 -0.00151475 0.003203 -0.013617 0.00413628 0.0420177 0.0120536 0.0074627 ESN AFR
0 HG03166 0.0352356 -0.00198332 -0.000966109 -0.00155619 0.00301893 -0.0133607 0.00210882 0.0290849 0.0105347 -0.012758 ESN AFR
0 HG03168 0.0346173 -0.00228113 0.00108841 -0.000307944 0.00240649 -0.026084 0.00615767 0.0520241 0.0137978 -0.0214209 ESN AFR
0 HG03169 0.0361969 -0.0027573 -0.000627172 -0.0012814 0.00246033 -0.00732641 0.00559835 0.0493608 0.0184016 0.0223899 ESN AFR
0 HG03172 0.0351075 -0.00237585 -0.00027206 -0.00131092 0.00264937 -0.0197002 0.00518244 0.0368589 0.0171145 -0.00464314 ESN AFR
0 HG03175 0.0343757 -0.00222318 -0.000364576 -0.000493575 0.00342913 -0.0147984 0.00609676 0.0767456 0.0267824 -0.061344 ESN AFR
0 HG03189 0.0355565 -0.00243359 0.000413427 -0.000660904 0.00206054 -0.0156036 0.00914187 0.0477471 0.0188681 0.00479661 ESN AFR
0 HG03190 0.0359826 -0.0020735 0.000344146 5.05686e-05 0.00230027 -0.023357 0.00309799 0.0370973 0.0106601 -0.0270197 ESN AFR
0 HG03193 0.0358519 -0.00246192 -0.000239889 -0.00126852 0.00399047 -0.023038 0.00681678 0.0600697 0.0195786 -0.0465646 ESN AFR
0 HG03195 0.0358913 -0.00241631 0.000553791 -0.000123581 0.00325165 -0.0257712 0.00609569 0.044058 0.0132213 -0.0384049 ESN AFR
0 HG03196 0.0355086 -0.00246194 -4.46276e-05 0.000312026 0.00213898 -0.0273306 0.0051995 0.0484534 0.00754785 -0.0208884 ESN AFR
0 HG03198 0.0344256 -0.00236204 2.16532e-05 -0.000459219 0.0011839 -0.0273666 0.00678863 0.0342834 0.0119837 -0.0256673 ESN AFR
0 HG03199 0.0348747 -0.0021721 -0.00064134 -0.000406573 0.00255551 -0.0184534 0.0024849 0.0466074 0.0153779 -0.0221956 ESN AFR
0 HG03202 0.0343372 -0.00188515 -0.000135658 -0.00056529 0.00341989 -0.0126245 0.00249449 0.0261678 0.00861662 -0.0226664 ESN AFR
0 HG03209 0.0363128 -0.00264137 0.000285313 -0.000840582 0.00555361 0.0278963 -0.00701549 0.00555123 -0.00556028 0.0478204 MSL AFR
0 HG03212 0.0362447 -0.00292112 -0.000144169 -0.00126246 0.00529171 0.0319958 -0.0046665 -0.00599766 -0.00648582 0.064596 MSL AFR
0 HG03224 0.0354764 -0.0021579 0.000673337 -0.000757629 0.00586897 0.030459 -0.00407576 -0.00512466 -0.00653782 0.0978192 MSL AFR
0 HG03225 0.0354198 -0.00269056 0.000851555 -0.00115543 0.00551261 0.0235452 -0.00443455 -0.0148173 -0.00773027 0.0778549 MSL AFR
0 HG03228 -0.0105789 0.00776978 0.0224639 -0.0273534 -0.00607289 -0.0021826 0.00110949 0.000199206 -0.00384387 -0.000323746 PJL SAS
0 HG03229 -0.0101423 0.00740002 0.0224968 -0.026641 -0.00549485 0.000404254 0.00393115 9.12178e-05 0.00594426 0.00229674 PJL SAS
0 HG03234 -0.0111728 0.0110147 0.0183039 -0.0245005 -0.00329944 0.000823738 0.00279345 0.00362052 -0.00485196 -0.00109478 PJL SAS
0 HG03235 -0.0108284 0.00962389 0.0172675 -0.0210589 -0.001832 0.00172536 0.000115533 -0.000866535 0.00446203 -0.00391728 PJL SAS
0 HG03237 -0.0107776 0.0140036 0.018959 -0.018904 -0.00193086 -0.00100738 0.00111236 0.00148347 0.00627346 -0.00176279 PJL SAS
0 HG03238 -0.0111682 0.013283 0.0184241 -0.0197053 -0.00179937 -0.000562935 -3.40887e-06 -0.00110423 0.00706829 0.00350815 PJL SAS
0 HG03240 0.0346015 -0.00195386 0.00069013 -0.000711759 0.00835737 0.0687554 -0.0103911 -0.0289024 -0.00922325 -0.0418033 GWD AFR
0 HG03241 0.0358342 -0.00112967 -0.000538375 -0.00018986 0.00679287 0.0508973 -0.00943298 -0.0217973 -0.00412824 -0.0519253 GWD AFR
0 HG03246 0.0326535 -0.0011652 -0.0005995 -0.000293897 0.00914487 0.0711995 -0.0106868 -0.0484198 -0.0117685 -0.0592999 GWD AFR
0 HG03247 0.0336652 -0.00123534 -0.00051804 -4.1477e-05 0.00837013 0.0470999 -0.00720733 -0.0355525 -0.0053951 -0.0566264 GWD AFR
0 HG03258 0.0351364 -0.00189107 0.000105754 0.000154112 0.0062538 0.0506982 -0.00646235 -0.0258204 -0.00595603 -0.0480889 GWD AFR
0 HG03259 0.0335135 -0.00111856 0.000574766 0.00151754 0.00593123 0.032206 -0.00551894 -0.0316508 -0.0063384 -0.0404737 GWD AFR
0 HG03265 0.0355148 -0.00220476 2.76599e-05 -0.00140351 0.0026345 -0.0203436 0.00875406 0.0489006 0.0183836 -0.0357958 ESN AFR
0 HG03267 0.0346669 -0.00236036 0.000168577 -0.000774383 0.00329813 -0.0223237 0.00872625 0.0401005 0.015244 -0.0265153 ESN AFR
0 HG03268 0.0354925 -0.00257038 -0.000415623 -0.00138196 0.00371559 -0.00876466 0.00587064 0.0398105 0.0113138 -0.0267904 ESN AFR
0 HG03270 0.0356236 -0.00262522 -0.000191011 -0.000600084 0.00212158 -0.0270118 0.00941783 0.0446278 0.0157102 -0.0104426 ESN AFR
0 HG03271 0.0358901 -0.00266141 0.000354838 -0.000715841 0.00220288 -0.0250049 0.00785679 0.0462873 0.0125982 -0.00552069 ESN AFR
0 HG03279 0.0354349 -0.00295001 1.54584e-05 -0.00119239 0.00201887 -0.0216788 0.00510875 0.0396551 0.0123336 -0.0234152 ESN AFR
0 HG03280 0.0352553 -0.00244625 3.32152e-05 -0.000718791 0.00285335 -0.0204861 0.00910747 0.0467259 0.0157641 0.000365315 ESN AFR
0 HG03291 0.0358909 -0.00291203 0.000182515 0.000159393 0.00220985 -0.0167369 0.0058815 0.0473641 0.0139056 -0.00724152 ESN AFR
0 HG03294 0.0360495 -0.0026078 -0.000301518 -0.000479653 0.00352686 -0.0202554 0.00455018 0.0517049 0.0225892 -0.00548907 ESN AFR
0 HG03295 0.0350675 -0.00218849 0.000720847 -0.000695313 0.00277714 -0.0147054 0.00674785 0.0438002 0.01918 -0.00334001 ESN AFR
0 HG03297 0.035118 -0.00252213 -0.000285802 -0.000435803 0.00365767 -0.0152222 0.00319172 0.0445863 0.0156015 -0.0187842 ESN AFR
0 HG03298 0.0352624 -0.00206671 0.000913869 -0.000107915 0.00145032 -0.0259801 0.00754535 0.0414499 0.019016 -0.0386102 ESN AFR
0 HG03300 0.0354283 -0.00291939 -0.000289019 -0.00190866 0.00227471 -0.0219986 0.00833719 0.0483668 0.0153627 -0.0256893 ESN AFR
0 HG03301 0.0359422 -0.0020339 -4.92229e-05 0.000102382 0.00382533 -0.0163637 0.00606043 0.057781 0.0232928 -0.0284983 ESN AFR
0 HG03303 0.0343008 -0.00203882 0.000522097 0.000161293 0.00383467 -0.00680052 0.00338185 0.0384558 0.0203397 -0.0291096 ESN AFR
0 HG03304 0.0354804 -0.00201868 -8.10641e-05 -0.000836192 0.00162825 -0.0148307 0.00575126 0.0514432 0.0217532 -0.0219373 ESN AFR
0 HG03311 0.0350364 -0.0023708 0.000543223 -0.000127684 0.0032799 -0.0213371 0.00817405 0.043654 0.0176785 -0.0244697 ESN AFR
0 HG03313 0.0360678 -0.00238179 0.000305829 -0.0013538 0.00266448 -0.0124008 0.00605956 0.0454292 0.0186622 -0.0346468 ESN AFR
0 HG03342 0.0354375 -0.00308183 0.000674889 -0.00106747 0.00252436 -0.00956903 0.00435321 0.0546545 0.0173497 -0.0340439 ESN AFR
0 HG03343 0.0355425 -0.00298682 0.000447318 -0.000424835 0.0043345 -0.0184087 0.00449404 0.0505334 0.0165172 -0.0421351 ESN AFR
0 HG03351 0.0355125 -0.00236932 0.000358054 -0.00118301 0.00384511 -0.0142085 0.00280556 0.0348576 0.012688 -0.0225705 ESN AFR
0 HG03352 0.0364389 -0.0024058 -0.000358241 -0.000639298 0.00221 -0.0216196 0.00339305 0.0323104 0.0115654 -0.0427705 ESN AFR
0 HG03354 0.0365269 -0.00248953 -7.64096e-05 -0.000440889 0.00333322 -0.0161417 0.00219355 0.0399316 0.0154175 -0.0215068 ESN AFR
0 HG03363 0.0346205 -0.0024329 1.26731e-05 -0.000664274 0.00354046 -0.0142327 0.00487968 0.0488317 0.0213977 -0.0241401 ESN AFR
0 HG03366 0.0346157 -0.00218474 -0.000541889 -0.000138416 0.00339979 -0.0239337 0.00681952 0.0540661 0.0142352 -0.00378987 ESN AFR
0 HG03367 0.0361243 -0.00176836 0.000908444 -0.00199543 0.00310267 -0.0184847 0.00793759 0.0618912 0.0210268 0.00629901 ESN AFR
0 HG03369 0.0352723 -0.00253225 0.000240805 -0.00173152 0.00366024 -0.0128962 0.00593521 0.0422216 0.0189014 -0.0183858 ESN AFR
0 HG03370 0.0359021 -0.00239496 -3.49501e-05 -0.00129572 0.00321907 -0.0264116 0.00677571 0.0492489 0.0154204 -0.0318374 ESN AFR
0 HG03372 0.0360901 -0.00239698 -0.000253302 -0.00107638 0.00278701 -0.0254423 0.0072931 0.0573173 0.0204852 -0.0308928 ESN AFR
0 HG03376 0.0351938 -0.00203408 -0.000250701 -0.0012816 0.00608471 0.0444596 -0.00605081 -0.0154049 -0.0093837 0.0546503 MSL AFR
0 HG03378 0.0350279 -0.00284889 0.000951231 -0.00213655 0.0046512 0.0338817 -0.00748305 -0.00634484 -0.0110285 0.0795783 MSL AFR
0 HG03380 0.0363319 -0.00294873 -9.46237e-05 -0.00144549 0.00574484 0.0336501 -0.00340446 -0.0139252 -0.0134654 0.0497789 MSL AFR
0 HG03382 0.0350201 -0.0017667 0.000344736 -0.0016583 0.00522085 0.0331746 -0.00417306 -0.00407699 -0.00319415 0.0554883 MSL AFR
0 HG03385 0.0363423 -0.00148727 0.000155174 -0.00100709 0.00679255 0.0190012 -0.00240518 -0.00648084 -0.00703663 0.0946532 MSL AFR
0 HG03388 0.0357706 -0.00265739 0.000442255 -0.00113146 0.00703635 0.0427107 -0.00675657 -0.0118837 -0.00608625 0.0716239 MSL AFR
0 HG03391 0.0358745 -0.00187587 0.000408425 -0.000938928 0.00644028 0.0342405 -2.32369e-05 -0.00255059 -0.0037539 0.0452458 MSL AFR
0 HG03394 0.0359147 -0.00232305 7.18131e-05 -0.000709612 0.00564471 0.0324079 -0.00698763 -0.0158875 -0.0150026 0.0735894 MSL AFR
0 HG03397 0.0354212 -0.0020177 -0.00111385 -0.000603661 0.00558317 0.0353048 -0.00425902 -0.0198949 -0.00283844 0.0574418 MSL AFR
0 HG03401 0.0362749 -0.00217947 -0.000760566 -0.00080445 0.00736338 0.0434575 -0.00679598 -0.0121925 -0.00634461 0.0713158 MSL AFR
0 HG03410 0.034865 -0.00281618 -0.000198391 -0.00145984 0.00533682 0.0293434 -0.00413114 -0.00791425 -0.0113225 0.0732758 MSL AFR
0 HG03419 0.0352909 -0.00159436 0.000297504 -0.000566979 0.00563266 0.0329491 -0.00574528 -0.00940951 -0.00283197 0.0862627 MSL AFR
0 HG03428 0.0359153 -0.00234645 0.000642471 -0.00173681 0.00581587 0.0412635 -0.0057475 -0.0235066 -0.0113021 0.0628034 MSL AFR
0 HG03432 0.034711 -0.00250363 0.00106469 -0.0013301 0.00576913 0.03837 -0.00300548 -0.00655052 -0.0100363 0.0520152 MSL AFR
0 HG03433 0.0361658 -0.00199242 0.000293996 -0.00186064 0.00472961 0.0252627 -0.00526097 -0.0223028 -0.00898384 0.0870527 MSL AFR
0 HG03436 0.0372795 -0.002533 -0.000319903 -0.000581377 0.00696593 0.0391185 -0.00743997 -0.00315414 -0.00909349 0.0769894 MSL AFR
0 HG03437 0.0343943 -0.00222462 0.000275906 -0.000680569 0.00558291 0.0377386 -0.00405076 -0.0165747 -0.00731626 0.0456424 MSL AFR
0 HG03439 0.0360202 -0.00319213 -0.00131056 -0.00125983 0.00675367 0.0388236 -0.00435111 0.00395642 -0.00303538 0.0670668 MSL AFR
0 HG03442 0.0358765 -0.0026804 -2.46006e-05 -0.000186011 0.00532095 0.0245069 -0.00618518 -0.0119954 -0.0107347 0.07282 MSL AFR
0 HG03445 0.0363721 -0.00288384 0.000711288 -0.000573092 0.00344903 0.0240753 -0.00427582 -0.0102404 -0.00611197 0.0517866 MSL AFR
0 HG03446 0.0360423 -0.00235618 8.01963e-05 -0.000422532 0.00626685 0.0356185 -0.0047475 -0.00587655 -0.00395815 0.0555189 MSL AFR
0 HG03449 0.0358366 -0.00182896 -0.000154151 -0.000319503 0.00666602 0.0372402 -0.00496753 -0.00195829 -0.00577441 0.0873232 MSL AFR
0 HG03451 0.0353438 -0.00268379 8.46207e-05 0.000841992 0.00630397 0.0403776 -0.00436947 -0.0186306 -0.00878898 0.061178 MSL AFR
0 HG03452 0.0358236 -0.00284199 8.46922e-05 -0.00185473 0.00431306 0.0289462 -0.00357626 -0.016808 -0.0118633 0.0581108 MSL AFR
0 HG03455 0.0359971 -0.00272529 9.5882e-05 -0.000464178 0.00622772 0.0359168 -0.00527308 0.0010482 -0.000464819 0.0786365 MSL AFR
0 HG03457 0.0350119 -0.00179012 0.000145952 -0.000742211 0.00614642 0.0273994 -0.0044384 -0.0204202 -0.0107078 0.0688911 MSL AFR
0 HG03458 0.0361717 -0.00318731 -2.20664e-05 -0.000767652 0.00468402 0.0337785 -0.00426643 -0.00148719 -0.00538276 0.0785711 MSL AFR
0 HG03460 0.0346258 -0.00248928 0.000189132 -0.00150832 0.00461186 0.0258732 -0.0049276 0.00296413 -0.00239915 0.0638632 MSL AFR
0 HG03461 0.0365919 -0.00213605 -0.000261141 0.00032652 0.00543551 0.0339366 -0.00649239 -0.00792463 -0.0119184 0.0714525 MSL AFR
0 HG03464 0.035693 -0.00247823 0.00102315 -0.000866124 0.00530044 0.0348769 -0.00619712 -0.00754313 -0.00844116 0.0507324 MSL AFR
0 HG03469 0.035692 -0.00255866 0.00083795 -0.00132222 0.00595013 0.0358301 -0.00247396 -0.00525225 -0.00350636 0.0580257 MSL AFR
0 HG03470 0.0354426 -0.00181766 -0.00025922 -0.0011983 0.00739059 0.0425005 -0.00370331 0.0087254 -0.00306604 0.0711451 MSL AFR
0 HG03472 0.0361946 -0.00213012 0.00102487 0.000259095 0.00603478 0.0381293 -0.00686337 -0.00394807 -0.0081393 0.0546887 MSL AFR
0 HG03473 0.0351825 -0.00169775 0.000449319 -0.00137923 0.00496153 0.0282587 -0.00424295 -0.0148589 -0.00732676 0.0526962 MSL AFR
0 HG03476 0.0359391 -0.00211675 0.000578011 -0.000353715 0.00233825 0.0271791 -0.00439131 -0.0102334 -0.00985028 0.0739129 MSL AFR
0 HG03478 0.0359509 -0.00232141 0.000326614 -0.00136921 0.00726849 0.0296742 -0.00347987 0.00478738 0.00176722 0.0824788 MSL AFR
0 HG03479 0.0352017 -0.00228546 0.000780103 -0.00179882 0.0040877 0.0345613 -0.00431613 -0.0121483 -0.0106065 0.0340328 MSL AFR
0 HG03484 0.0352012 -0.00187855 6.52233e-05 -0.00156145 0.00585687 0.0372251 -0.00943768 -0.00157708 -0.00917905 0.0515012 MSL AFR
0 HG03485 0.03613 -0.0021879 -2.86987e-05 -8.4052e-05 0.00778096 0.0364785 -0.00243949 -0.00930523 -0.0054107 0.0454823 MSL AFR
0 HG03488 -0.0116442 0.0087452 0.0174841 -0.0199016 -0.000474755 -0.0015522 -0.00134693 0.00200604 -0.00165067 -0.000965155 PJL SAS
0 HG03490 -0.0112208 0.0106441 0.0182291 -0.0238644 -0.0035282 -0.000512324 0.000216538 -0.000285438 0.00154925 -0.00187914 PJL SAS
0 HG03491 -0.0109781 0.00694789 0.0227928 -0.0294027 -0.00506703 0.00213802 -0.00448216 0.00356565 0.000736766 0.00504352 PJL SAS
0 HG03499 0.0355638 -0.00208092 -0.000320094 -0.000238098 0.00346536 -0.0116565 0.00376524 0.0369821 0.0158435 0.00143666 ESN AFR
0 HG03511 0.0360128 -0.00222262 -0.000502216 -0.00150728 0.00185856 -0.0240064 0.00490586 0.0336436 0.0112142 -0.0036221 ESN AFR
0 HG03514 0.0354112 -0.00161116 -0.000102692 -0.000726616 0.0025591 -0.0120696 0.00614369 0.0360277 0.0119304 -0.0241794 ESN AFR
0 HG03515 0.0358817 -0.00262712 0.000404447 -0.000318822 0.00261215 -0.0284846 0.00487545 0.0302212 0.0106977 -0.0167525 ESN AFR
0 HG03517 0.0357323 -0.00237173 0.000845293 -0.00128157 0.00313452 -0.00716538 0.00430761 0.0509459 0.0180117 -0.00158988 ESN AFR
0 HG03518 0.0352146 -0.0026001 0.000592424 -0.000776024 0.00390852 -0.012932 0.00448626 0.0420375 0.0144931 -0.0202876 ESN AFR
0 HG03520 0.0355618 -0.00269435 -0.000173336 -0.000895914 0.00343123 -0.0034867 0.000385836 0.0385786 0.0160514 -0.0151268 ESN AFR
0 HG03521 0.0365369 -0.00200793 0.000137268 -0.00091808 0.00339099 -0.0104349 0.00487455 0.0272737 0.0106045 -0.00812401 ESN AFR
0 HG03538 0.0342773 -0.00204531 0.000103011 -0.000987741 0.0076288 0.0656363 -0.0101341 -0.0395598 -0.0137176 -0.0323577 GWD AFR
0 HG03539 0.0336038 -0.000794369 0.000559651 0.000593011 0.00753647 0.0456606 -0.00780403 -0.0348306 -0.00566742 -0.0585655 GWD AFR
0 HG03547 0.0358805 -0.00245822 -0.000266367 -0.000869808 0.00649649 0.0321828 -0.00636702 -0.0201855 -0.0123024 0.0999997 MSL AFR
0 HG03548 0.0369511 -0.00331725 -0.000175511 -0.000875577 0.00612971 0.0429902 -0.0062316 -0.00173416 -0.00508527 0.08263 MSL AFR
0 HG03556 0.0358063 -0.00179667 -0.000342866 -0.000653445 0.00608507 0.0308302 -0.00744574 -0.017807 -0.0147748 0.0594297 MSL AFR
0 HG03557 0.0337313 -0.00195227 -0.000256672 -0.000788298 0.00610706 0.0295973 -0.00347673 0.00212441 0.00413223 0.0621599 MSL AFR
0 HG03558 0.0350762 -0.00202042 -0.000726273 -0.00073996 0.0075284 0.0327973 -0.00776796 0.00128887 0.00151656 0.0690016 MSL AFR
0 HG03559 0.0355503 -0.00253878 5.90742e-05 -0.00123508 0.00668681 0.0347571 -0.00682264 -0.00424181 -0.00950211 0.0652269 MSL AFR
0 HG03563 0.0356548 -0.0021321 0.000103758 -0.000543998 0.0052515 0.0311639 -0.00292554 -0.0046387 -0.00612945 0.0490982 MSL AFR
0 HG03565 0.0354516 -0.00261772 -0.000205514 -0.000734991 0.00475553 0.0301718 -0.00443407 -0.00266787 -0.00293002 0.0601104 MSL AFR
0 HG03567 0.0361047 -0.00277381 -4.21002e-05 -0.00150706 0.00598273 0.0314105 -0.00477139 -0.0217019 -0.0110106 0.0747785 MSL AFR
0 HG03571 0.0364605 -0.00225283 0.000321768 -0.000298902 0.00679981 0.0387692 -0.00373302 -0.00555952 -0.00436539 0.0459646 MSL AFR
0 HG03572 0.035942 -0.00302061 8.02504e-05 -0.00181847 0.00740807 0.0502713 -0.0054508 -0.0234751 -0.0163041 0.100539 MSL AFR
0 HG03575 0.0339886 -0.00216353 0.000531713 -0.000885431 0.00540209 0.0331079 -0.0062798 0.0033688 -0.00278149 0.0515185 MSL AFR
0 HG03577 0.0356859 -0.0020438 0.000221649 -0.00179533 0.00441668 0.0313875 -0.00494771 -0.0141787 -0.00617513 0.0290536 MSL AFR
0 HG03578 0.0354147 -0.00246489 0.000441786 -0.00136832 0.00624948 0.0437282 -0.00544015 -0.0162267 -0.0120991 0.0762742 MSL AFR
0 HG03583 0.0359325 -0.00226057 -0.000523019 -0.000587573 0.00418935 0.0385913 -0.00841097 -0.00627844 -0.00618537 0.11044 MSL AFR
0 HG03585 -0.0106176 0.00158083 0.021333 -0.025439 -0.00399634 0.000702176 0.000713143 -0.00195436 -0.00134535 -0.000573201 BEB SAS
0 HG03589 -0.0114944 0.00400086 0.0239042 -0.0299628 -0.00568547 0.00224816 -0.000952763 0.00160039 -0.00227386 0.00247586 BEB SAS
0 HG03593 -0.0105521 0.000853871 0.0211515 -0.0271944 -0.00317629 0.00217265 0.00473613 0.000242574 -0.000751216 0.0044429 BEB SAS
0 HG03594 -0.0113302 0.00197549 0.0212749 -0.0245862 -0.00250414 0.00216496 0.0035482 0.00171258 -0.00233725 -0.0010983 BEB SAS
0 HG03595 -0.0107084 0.00277777 0.0221344 -0.0292486 -0.00655916 0.00178026 0.00482041 0.00169456 -0.00267306 -0.00136904 BEB SAS
0 HG03598 -0.011376 0.00255693 0.0211687 -0.0257418 -0.00428787 0.00104843 -0.00250554 0.00477747 -0.00585525 -0.0015863 BEB SAS
0 HG03600 -0.0107353 0.00543135 0.0240591 -0.0328512 -0.00769607 8.98073e-05 0.000595632 0.00196226 -0.00722662 -0.0011538 BEB SAS
0 HG03603 -0.0109194 0.00249429 0.0235703 -0.0298353 -0.0055834 -0.000460916 -0.000571321 0.00470926 -0.0113748 0.000144432 BEB SAS
0 HG03604 -0.0105027 0.00489155 0.0202041 -0.0250672 -0.00358638 0.000231589 0.00333682 0.00129053 -9.19904e-05 -0.000734839 BEB SAS
0 HG03607 -0.0108318 0.00278491 0.0213378 -0.0244285 -0.00249295 0.000507869 0.00377071 -0.00228766 0.00272472 0.00401726 BEB SAS
0 HG03611 -0.011316 0.00443601 0.0221725 -0.0284758 -0.00473941 -0.00023694 0.000971344 0.000919367 -0.00671614 -0.00268205 BEB SAS
0 HG03615 -0.0111084 0.00117318 0.0197724 -0.0245602 -0.00303164 0.00252035 -0.00558501 -0.000132358 -0.000439959 0.00182066 BEB SAS
0 HG03616 -0.010569 0.000904941 0.0221083 -0.0298798 -0.00513025 0.000295678 0.00426514 -0.00418702 -0.00019049 0.00126454 BEB SAS
0 HG03619 -0.0115621 0.0134492 0.0154298 -0.0153169 0.000751262 -0.00152961 -0.00294212 0.00560288 -0.0138674 0.000602877 PJL SAS
0 HG03624 -0.0111185 0.0130603 0.0177173 -0.0207965 -0.00203236 -0.000493173 -0.00252036 0.00245451 -0.00319552 -0.00248975 PJL SAS
0 HG03625 -0.0112399 0.014336 0.0162752 -0.0191882 1.5515e-05 0.000226372 -0.00122492 -0.00038398 -0.00187182 0.00307936 PJL SAS
0 HG03629 -0.0109922 0.010871 0.0197912 -0.0215573 -0.00163795 -9.06551e-05 -0.00109042 0.00382333 -0.00718697 -0.00188128 PJL SAS
0 HG03631 -0.0106301 0.0102578 0.0176141 -0.0198165 -0.00169618 0.00253292 -0.00171378 0.000315952 -0.00613123 0.00160029 PJL SAS
0 HG03634 -0.0111366 0.0130385 0.0175913 -0.0190767 -0.00135365 -0.00158423 0.000223271 0.00324921 -0.00555929 -0.000345448 PJL SAS
0 HG03636 -0.0110186 0.010665 0.0201201 -0.0260836 -0.0042091 0.00169837 -0.00294238 0.00156515 -0.00280287 0.00239027 PJL SAS
0 HG03640 -0.0107419 0.00584349 0.0238993 -0.0307851 -0.00762921 0.000321398 -0.00284646 0.00157646 -0.0010578 0.00113122 PJL SAS
0 HG03642 -0.010526 0.00489181 0.0237348 -0.031726 -0.00852152 0.00173149 -0.0010346 -0.00129374 0.00671439 -0.00123031 STU SAS
0 HG03643 -0.0104712 0.00699194 0.0233292 -0.0292984 -0.00742462 0.00117766 0.00247797 -0.00144284 0.00757763 0.000603959 STU SAS
0 HG03644 -0.0105794 0.00581496 0.0237194 -0.0303863 -0.00721213 0.000139195 -0.00109292 0.000175499 0.00410164 0.00397813 STU SAS
0 HG03645 -0.0106308 0.00669901 0.0218738 -0.0307539 -0.00570818 -0.00178553 0.00525955 -0.00205274 0.00615049 -0.00166612 STU SAS
0 HG03646 -0.0104754 0.00508777 0.0254682 -0.035085 -0.0093735 0.00187258 -0.000596838 0.00138357 0.0030081 0.00225979 STU SAS
0 HG03649 -0.0108765 0.00979534 0.0196187 -0.0229351 -0.00255636 -0.000929715 -0.0013928 0.00255684 -0.00669811 0.000479104 PJL SAS
0 HG03652 -0.0109094 0.00825512 0.0195408 -0.024928 -0.00332827 -7.24643e-05 0.000425366 0.00179322 -0.00201696 0.000847434 PJL SAS
0 HG03653 -0.0107519 0.00948431 0.0201194 -0.0288992 -0.00591127 -0.000683963 -0.000930317 0.00129785 -0.00379546 -0.000335381 PJL SAS
0 HG03660 -0.0106508 0.00612848 0.0228805 -0.0302233 -0.00652505 0.00230825 -0.00465024 0.00567682 -0.00807172 0.000394763 PJL SAS
0 HG03663 -0.010795 0.00630253 0.0222423 -0.0298316 -0.00573614 -0.00131453 -0.00287765 0.000522222 0.000345899 0.00168808 PJL SAS
0 HG03667 -0.0101902 0.00332758 0.0255726 -0.0367784 -0.010864 0.000637557 -0.00184803 0.00279888 -0.000984257 0.000392089 PJL SAS
0 HG03668 -0.0106169 0.00858957 0.020481 -0.0281904 -0.00609058 0.000242084 0.00143671 0.00242333 -0.00483445 -0.000743476 PJL SAS
0 HG03672 -0.0107614 0.00846823 0.022777 -0.0317568 -0.00824827 0.00231898 0.000911945 -0.00107347 -6.20551e-05 0.000508037 STU SAS
0 HG03673 -0.0101151 0.00718726 0.0207633 -0.0275222 -0.00617781 0.00269083 0.0024984 -0.00124673 -0.00132439 -0.00170867 STU SAS
0 HG03679 -0.0105659 0.00460916 0.0233286 -0.0323068 -0.0076681 0.000815333 -0.000190266 0.000560967 -0.000562834 -0.00185388 STU SAS
0 HG03680 -0.0106821 0.00831334 0.023995 -0.0306015 -0.00810062 0.00216837 0.000865419 0.00276146 0.000596739 0.000902011 STU SAS
0 HG03681 -0.0106671 0.00489248 0.0240555 -0.0322216 -0.00942389 0.00185598 -0.00386858 -0.000771836 -0.00765866 -0.00119271 STU SAS
0 HG03684 -0.0097053 0.0022646 0.027473 -0.0378492 -0.0107234 0.000487547 0.00042448 -0.00236936 -0.00118709 0.00264664 STU SAS
0 HG03685 -0.0105766 0.0062107 0.0247894 -0.0349561 -0.00934773 -0.000344672 -0.00176531 0.000859106 -0.00458477 0.00153706 STU SAS
0 HG03686 -0.0103063 0.00359796 0.0243449 -0.0341701 -0.00838015 0.00120048 -0.00321346 0.00108953 0.00227093 -0.000301243 STU SAS
0 HG03687 -0.0106734 0.00616139 0.0242862 -0.0352511 -0.00831575 0.00327858 0.00446828 0.000572899 0.00585036 -0.00339803 STU SAS
0 HG03689 -0.0105754 0.00715938 0.0259742 -0.0362972 -0.0102618 0.000989646 -0.00157855 -0.000230079 0.000793564 0.00381358 STU SAS
0 HG03690 -0.0111669 0.00620261 0.024959 -0.0356102 -0.00897757 0.000297235 0.000168782 0.00179409 0.0024236 -0.00118041 STU SAS
0 HG03691 -0.0105673 0.0042643 0.0237906 -0.0292903 -0.00636632 0.00257668 0.00129601 -0.00309744 0.00321432 0.00195373 STU SAS
0 HG03692 -0.0104759 0.00551599 0.0252394 -0.0329003 -0.00933275 -0.00074262 -0.00247139 -0.00222958 0.00598601 -0.00521998 STU SAS
0 HG03693 -0.0101851 0.00497013 0.0230454 -0.0303681 -0.00652871 0.00201055 -0.0014842 -0.000155128 -0.00477977 -0.000929927 STU SAS
0 HG03694 -0.0108195 0.00679021 0.0235797 -0.0297505 -0.00703277 0.000776696 0.00506451 -0.00323819 0.00802813 0.00249417 STU SAS
0 HG03695 -0.0107055 0.00761083 0.022244 -0.0328006 -0.00714046 0.000553968 -0.000413437 -0.000131024 -0.00181385 0.00145634 STU SAS
0 HG03696 -0.0102923 0.00614884 0.0244763 -0.0307906 -0.00848533 -0.000334831 -0.00191504 -0.000871631 -0.0016223 0.00116804 STU SAS
0 HG03697 -0.010146 0.00606492 0.0245982 -0.0329716 -0.00859885 0.000380517 -0.000385149 -0.00148738 0.00074017 -0.000854031 STU SAS
0 HG03698 -0.0105303 0.00662899 0.0244708 -0.0328942 -0.0077115 0.0022168 -0.00304858 0.00199645 0.0012869 0.0035822 STU SAS
0 HG03702 -0.0105817 0.0082138 0.0205965 -0.0277969 -0.00627472 0.000849311 -0.000494174 0.00204036 -0.00192144 -0.00162134 PJL SAS
0 HG03703 -0.0105161 0.00821401 0.0234596 -0.0326086 -0.00827612 -0.000275293 0.00204132 0.00404243 -0.00232726 -0.00116848 PJL SAS
0 HG03705 -0.0106241 0.00394355 0.0247228 -0.0322655 -0.00747273 -0.00092432 0.00141214 0.000386343 0.00263443 -0.000487825 PJL SAS
0 HG03706 -0.0103354 0.00574593 0.0247565 -0.0360306 -0.00934041 0.000333317 -0.00238507 0.0012385 -0.0012057 -0.00392685 PJL SAS
0 HG03708 -0.0110583 0.0106437 0.0197091 -0.0244049 -0.00381888 0.000314295 -0.00246198 -0.00192061 -0.00141939 0.00443615 PJL SAS
0 HG03709 -0.0108369 0.00685557 0.0217679 -0.0297067 -0.00511695 -0.00117502 -0.00158214 0.000973179 -0.00173351 -0.00147684 PJL SAS
0 HG03711 -0.0100345 0.00722793 0.026007 -0.034957 -0.00950649 0.00017688 0.00113054 -0.00176581 0.00364814 0.00087422 STU SAS
0 HG03713 -0.0107564 0.0101019 0.0218522 -0.0290375 -0.00643885 0.00049214 3.84172e-05 0.000402587 0.00675458 -0.000996693 ITU SAS
0 HG03714 -0.0105602 0.00963548 0.021384 -0.0285332 -0.00529416 0.000885992 -0.000763541 0.00265147 -0.00941269 -0.00147497 ITU SAS
0 HG03716 -0.0103604 0.0100105 0.0208726 -0.0299136 -0.00544579 0.0016669 -0.00152625 0.00116294 -0.00257658 0.00556893 ITU SAS
0 HG03717 -0.0103642 0.00501391 0.0285448 -0.0397306 -0.0138979 -0.000246374 -0.000349107 -0.00435855 0.00177938 0.00327686 ITU SAS
0 HG03718 -0.011096 0.00591702 0.0276573 -0.0380257 -0.0106232 0.00249143 0.00146474 -0.000690216 0.00241282 0.000898844 ITU SAS
0 HG03720 -0.010798 0.00548452 0.0236561 -0.0314128 -0.00624339 0.00342627 -0.00104266 0.00357892 -0.000413401 0.00148724 ITU SAS
0 HG03722 -0.0103314 0.00691053 0.0236467 -0.0319772 -0.00744551 -0.000506575 0.000890551 7.21117e-05 0.000605341 0.00228804 ITU SAS
0 HG03727 -0.0106121 0.0050749 0.0249539 -0.0366911 -0.00986022 -0.000310401 -0.000949073 -0.000312736 0.00476719 0.000936123 ITU SAS
0 HG03729 -0.0104898 0.00824517 0.0265516 -0.0346832 -0.0108764 0.000339815 0.00287295 -0.00105723 0.00282097 0.00266935 ITU SAS
0 HG03730 -0.00991269 0.00247956 0.0252051 -0.0376301 -0.0100406 0.00328137 -0.00101419 -0.00149479 -0.000658909 -0.00208388 ITU SAS
0 HG03731 -0.0109525 0.00835685 0.023136 -0.029006 -0.00693586 0.0027635 0.000316618 -0.00399477 0.00761078 0.00117551 ITU SAS
0 HG03733 -0.0103318 0.00589741 0.0274462 -0.0369421 -0.0107288 -0.00024483 0.00237242 -0.0014929 0.00517497 0.00032603 STU SAS
0 HG03736 -0.0105634 0.00650603 0.0223965 -0.0286563 -0.0062629 -5.15921e-05 -0.000535971 -0.00157284 6.56921e-05 0.00193095 STU SAS
0 HG03738 -0.00994615 0.0059885 0.025581 -0.0355485 -0.0103415 0.00294189 -0.00279071 -0.00138769 0.00427477 -0.000584382 STU SAS
0 HG03740 -0.0101957 0.00598934 0.0267709 -0.0338903 -0.00946397 0.00250989 -0.00239432 -0.00305988 0.00339452 -0.000460731 STU SAS
0 HG03741 -0.00990451 0.00359099 0.0268506 -0.037201 -0.0107517 -0.000242747 0.00255332 -0.00278848 -0.000246625 0.00015009 STU SAS
0 HG03742 -0.0107069 0.00526543 0.0246126 -0.0330745 -0.00912869 0.000697801 -0.000282499 -0.0030988 -0.00138854 0.00368287 ITU SAS
0 HG03743 -0.0101029 0.00418379 0.026525 -0.0377484 -0.0124055 0.00188742 -0.00174396 -0.00137495 0.000277984 -0.00444044 STU SAS
0 HG03744 -0.0107039 0.00449659 0.0250572 -0.0344611 -0.00877765 0.000443263 0.00151778 -0.000130865 -0.000852411 0.000356108 STU SAS
0 HG03745 -0.0106429 0.00610634 0.0239979 -0.0305866 -0.00750383 -0.000382732 0.000399664 -0.000451017 0.00562023 0.00142758 STU SAS
0 HG03746 -0.0109093 0.0088095 0.0205961 -0.0254478 -0.0054591 0.000352399 0.000946927 0.000537743 0.00671639 -0.00140469 STU SAS
0 HG03750 -0.0101294 0.00636615 0.0242569 -0.032027 -0.00846534 0.000352821 0.00165437 -0.0036358 0.00237591 -0.000208551 STU SAS
0 HG03752 -0.0105385 0.00779428 0.0237381 -0.0292764 -0.00759678 -0.000906694 -0.0013384 0.00209338 -0.00148959 0.000600572 STU SAS
0 HG03753 -0.00967576 0.00572037 0.0252368 -0.0327379 -0.0089528 0.00182402 0.00187254 -0.00286628 0.00959843 -0.000432667 STU SAS
0 HG03754 -0.0101706 0.00680506 0.0236916 -0.0301228 -0.00824331 0.00404216 0.00387888 -0.00545976 0.00422616 -0.0011012 STU SAS
0 HG03755 -0.0103928 0.00436453 0.0261478 -0.0345487 -0.00929091 0.000834539 -0.00113569 -0.00279151 0.00151706 0.00175503 STU SAS
0 HG03756 -0.00990038 0.00475732 0.0259969 -0.0353589 -0.0101706 0.00144391 0.000467525 -0.00247995 0.00409926 -0.00270722 STU SAS
0 HG03757 -0.0096652 0.00416125 0.02631 -0.0353575 -0.00923171 0.000880065 -0.0032065 -0.000978558 0.00357054 0.0018976 STU SAS
0 HG03760 -0.010657 0.00618611 0.0231507 -0.0312308 -0.00715743 -0.000876525 0.00381652 0.00238595 -0.00460952 2.40881e-05 STU SAS
0 HG03762 -0.0101013 0.00651055 0.0234696 -0.0303756 -0.00800805 -0.00190611 -0.00261148 0.000744246 -0.00561261 9.61768e-05 PJL SAS
0 HG03765 -0.011192 0.00992765 0.0211493 -0.0264252 -0.004351 -0.00161284 0.00173238 0.000127197 0.00265637 0.00271867 PJL SAS
0 HG03767 -0.0112543 0.0145487 0.0136624 -0.0134373 0.00288266 -0.000196824 -0.00231751 0.00091508 -0.000435738 0.00134493 PJL SAS
0 HG03770 -0.0107452 0.00414413 0.0221552 -0.0271708 -0.00549596 -0.00077386 0.00538531 -0.00282558 0.00490578 -0.00110646 ITU SAS
0 HG03771 -0.0106008 0.00301765 0.0244761 -0.034904 -0.0095722 0.000471347 -0.000418779 -3.10867e-05 -0.000969082 -0.000804206 ITU SAS
0 HG03772 -0.0110622 0.00503336 0.0295203 -0.040649 -0.0128695 0.00288603 0.000379791 0.00271309 -0.00355731 -0.00156698 ITU SAS
0 HG03773 -0.0104508 0.00498802 0.0275926 -0.0371234 -0.0107502 0.00103821 0.00164684 0.000855461 -0.00360361 0.000834532 ITU SAS
0 HG03774 -0.0106867 0.00547295 0.0257836 -0.0365335 -0.0105552 0.00188917 0.00111419 0.00272008 -0.00255756 0.0023377 ITU SAS
0 HG03775 -0.0104033 0.0065885 0.0244068 -0.0331011 -0.00891022 0.00174101 -0.000188215 -0.00374869 0.00408046 -0.00149246 ITU SAS
0 HG03777 -0.0104446 0.00669809 0.0236488 -0.0335653 -0.00962834 0.000966772 -0.000482519 0.00185788 0.00180206 0.000992896 ITU SAS
0 HG03778 -0.0101983 0.00569937 0.0224799 -0.0322091 -0.00761915 -0.00116457 -0.00119059 0.000381118 -0.000595885 0.00318428 ITU SAS
0 HG03779 -0.00985229 0.00520193 0.0248178 -0.0341752 -0.00927636 0.00219844 0.00232425 -0.00108281 -0.00141645 0.00289048 ITU SAS
0 HG03780 -0.0106797 0.00661737 0.0246125 -0.033049 -0.00857744 0.00350314 -0.00110822 -0.00162404 0.00188769 -0.00121542 ITU SAS
0 HG03781 -0.0107945 0.00607441 0.0232248 -0.0299565 -0.00754527 0.000862167 -0.00166359 0.00160861 -0.00309561 0.00239919 ITU SAS
0 HG03782 -0.0106488 0.00812671 0.0253254 -0.0336031 -0.00994456 -4.69069e-05 0.00172101 -0.00406617 0.00516602 -0.00332222 ITU SAS
0 HG03784 -0.0108053 0.0056359 0.0277938 -0.0405446 -0.0128239 -0.000510576 0.00395999 0.00191289 0.00171738 0.00407243 ITU SAS
0 HG03785 -0.0110917 0.00454856 0.0276168 -0.0413037 -0.0126088 0.00148995 -0.0027285 -0.00169105 0.00272829 0.00260656 ITU SAS
0 HG03786 -0.010694 0.00521269 0.0283098 -0.0403556 -0.0133447 -0.000282623 -0.00242143 -0.000903373 0.00303242 0.00420314 ITU SAS
0 HG03787 -0.0101069 0.00346347 0.0259464 -0.0362843 -0.00996299 0.00178647 0.000444142 0.000991896 0.0016999 0.00403333 ITU SAS
0 HG03788 -0.0106844 0.0050397 0.0226472 -0.0339171 -0.00903388 0.00357096 0.000786853 -0.000101115 0.00537422 -0.0018317 ITU SAS
0 HG03789 -0.010647 0.00840458 0.0230787 -0.0306006 -0.00768566 0.00125686 -0.00085983 -0.00213923 0.0123281 -0.00396322 ITU SAS
0 HG03790 -0.0104552 0.00804374 0.0243014 -0.0324824 -0.00916403 0.00142934 -0.000542258 -0.00103389 -0.00156875 0.00143214 ITU SAS
0 HG03792 -0.010672 0.00810646 0.025116 -0.0324506 -0.00924436 -0.00241982 0.00187457 -0.00264914 -0.00028168 -0.00481508 ITU SAS
0 HG03793 -0.0113584 0.00222323 0.021406 -0.0274892 -0.00450862 0.00180473 -0.000352732 0.00062611 -0.00250644 -0.00218359 BEB SAS
0 HG03796 -0.0112791 -0.00163886 0.0200051 -0.0247051 -0.00135604 0.00166371 0.00243438 0.00181283 -0.00335841 -0.00143605 BEB SAS
0 HG03800 -0.0106604 -0.000556211 0.0212969 -0.0321981 -0.0054446 0.00180809 0.0009612 -0.000142568 -0.000921361 -0.00127289 BEB SAS
0 HG03802 -0.0102031 0.00179278 0.0211815 -0.0271885 -0.00337875 0.00140216 0.00207384 -0.000732538 -0.00437709 -0.00205811 BEB SAS
0 HG03803 -0.0105545 0.00235968 0.0213369 -0.0267331 -0.00465039 0.000950407 0.000391389 0.000483779 -0.000241733 0.000167999 BEB SAS
0 HG03805 -0.0104677 0.00347712 0.0187752 -0.0257361 -0.00386006 0.000872995 -0.00176992 -0.000393818 0.002697 -0.000563912 BEB SAS
0 HG03808 -0.0113855 0.00190288 0.0213521 -0.0286841 -0.00507803 0.00219035 -0.00385531 0.00441336 -0.00628154 0.000961693 BEB SAS
0 HG03809 -0.0107436 0.00442221 0.0213612 -0.0271398 -0.00448405 -0.00220282 -0.00344959 9.3533e-05 0.00408834 -0.0022171 BEB SAS
0 HG03812 -0.0108148 0.00217659 0.0226128 -0.0258335 -0.00482289 0.000785432 0.000636675 0.0012486 -0.00106614 0.00465535 BEB SAS
0 HG03814 -0.010851 0.00258414 0.0211909 -0.0253095 -0.00412335 0.000130188 -0.000380805 4.44652e-05 -0.00203329 0.00500183 BEB SAS
0 HG03815 -0.010661 0.00304942 0.0200587 -0.0278623 -0.00409499 0.00211618 0.00464355 4.30401e-05 -0.00275974 0.00039176 BEB SAS
0 HG03817 -0.0108996 0.00353066 0.0200044 -0.024467 -0.00307862 0.000818522 -0.00480487 0.00291838 -0.00475579 -0.000245889 BEB SAS
0 HG03821 -0.0109354 0.00552067 0.0216292 -0.0276605 -0.00513881 0.00122275 -0.000953387 0.000162292 -0.000136085 -0.00138044 BEB SAS
0 HG03823 -0.0106417 0.0053556 0.0199001 -0.0262165 -0.00440298 -0.00140768 -0.000465718 -0.000570684 -0.00383705 0.00149978 BEB SAS
0 HG03824 -0.0110068 0.00272608 0.0198852 -0.0273822 -0.00468805 0.00115087 0.00373563 -0.000107077 -0.000764238 -0.00293861 BEB SAS
0 HG03826 -0.0111353 0.0011793 0.0209604 -0.0270095 -0.00382666 0.00199284 0.00373067 -0.00010149 -0.00146529 0.00762752 BEB SAS
0 HG03829 -0.0112626 0.004645 0.0212461 -0.0272069 -0.00474783 0.0015795 0.000342065 0.00326546 -0.00442076 0.000703915 BEB SAS
0 HG03830 -0.0113 0.00144637 0.0215401 -0.0275572 -0.00269597 -1.42772e-05 0.000625628 0.000970786 -0.00580206 0.00085812 BEB SAS
0 HG03832 -0.0108861 0.00212186 0.0227839 -0.0296044 -0.00550748 -0.000395697 0.000309635 0.00172125 -0.00543753 0.00114234 BEB SAS
0 HG03833 -0.0109146 0.00187018 0.0193372 -0.0278164 -0.00297577 0.000230861 0.00562631 -0.000241728 -0.00272486 -0.00394654 BEB SAS
0 HG03836 -0.0104236 0.00644664 0.0234494 -0.0343096 -0.00968307 0.000396584 -0.00370041 0.000573825 -0.00644213 0.00350208 STU SAS
0 HG03837 -0.0104378 0.00663631 0.0233355 -0.0324791 -0.00866839 0.00097436 0.00270626 -0.0005523 0.000605393 -0.00211823 STU SAS
0 HG03838 -0.0105759 0.0053313 0.0249641 -0.0330499 -0.00811533 0.000406815 0.00090812 -0.00165993 0.00378544 -0.00173432 STU SAS
0 HG03844 -0.0101312 0.00486231 0.0239484 -0.033628 -0.00865262 0.00140182 -0.00275018 0.000519583 -0.00119284 0.000627715 STU SAS
0 HG03846 -0.0104013 0.00507819 0.0254608 -0.0357047 -0.0107016 0.00171672 0.000788634 -0.00297193 0.00311184 -0.000208836 STU SAS
0 HG03848 -0.0106515 0.00793748 0.0248548 -0.0337251 -0.00900871 -0.000109639 0.00272774 0.000275462 0.0041229 0.000529367 STU SAS
0 HG03849 -0.0105245 0.00613804 0.0232366 -0.030129 -0.00795192 0.00249578 -0.00107433 0.00013081 0.00760415 0.0040414 STU SAS
0 HG03850 -0.0100194 0.00624213 0.0222276 -0.028641 -0.00686748 0.00156113 -0.000268785 0.000677201 -0.00293243 0.00249651 STU SAS
0 HG03851 -0.0105127 0.00615764 0.0243891 -0.032724 -0.00858077 0.000630991 -0.00353214 0.000121346 -0.000761854 0.00473931 STU SAS
0 HG03854 -0.0105474 0.00749144 0.0231693 -0.030923 -0.00749449 0.00311142 0.000145382 -0.00218141 0.00489663 0.00227525 STU SAS
0 HG03856 -0.0101863 0.00286859 0.0244655 -0.0339407 -0.00948811 0.00107364 -0.00400148 -1.52607e-05 -0.00177829 -3.18126e-05 STU SAS
0 HG03857 -0.0105271 0.00573426 0.0249772 -0.0327984 -0.00821045 0.00227525 0.00202069 -0.00145913 0.0036062 0.00130276 STU SAS
0 HG03858 -0.0104192 0.00646388 0.024327 -0.0333014 -0.00918289 0.00282577 -0.00132806 -0.00241146 0.000290612 -0.00149512 STU SAS
0 HG03861 -0.0109576 0.00517323 0.0263637 -0.0371262 -0.0100048 0.00169635 0.000959997 0.000285821 -0.00155313 0.00233802 ITU SAS
0 HG03862 -0.0104663 0.00685814 0.0244742 -0.0350035 -0.0078862 0.00140872 0.00150646 0.00081749 -0.00774323 0.00227617 ITU SAS
0 HG03863 -0.0105045 0.00645806 0.0242075 -0.0353873 -0.00935273 0.00069081 -0.000172688 0.000234931 -0.00590649 0.00333294 ITU SAS
0 HG03864 -0.0103556 0.00662894 0.0231067 -0.0304118 -0.00761803 8.30209e-05 -0.00179643 -0.000563929 0.000155694 -0.00164622 ITU SAS
0 HG03866 -0.0102901 0.00607222 0.0240844 -0.032335 -0.00821514 -0.00133589 -0.0056065 6.58701e-05 0.00285164 0.00327861 ITU SAS
0 HG03867 -0.0109042 0.00505072 0.0224363 -0.0322349 -0.00733845 0.000378144 -0.00252588 0.00130759 0.00210113 0.00207953 ITU SAS
0 HG03868 -0.0106484 0.00801493 0.0254818 -0.0317937 -0.00826212 0.0026087 0.000347785 -0.0026324 0.000703848 0.00263693 ITU SAS
0 HG03869 -0.0104008 0.00694705 0.0221888 -0.0299654 -0.00640728 0.00073177 -0.00111168 -0.000901792 0.00105716 -0.000473427 ITU SAS
0 HG03870 -0.0103689 0.00844442 0.0245759 -0.0324359 -0.00755928 0.00175246 0.00080458 -0.00229634 0.0058545 -0.000999824 ITU SAS
0 HG03871 -0.0105975 0.00829895 0.0225436 -0.0307703 -0.00628083 0.000578056 0.00056253 -0.000505966 0.00313177 0.00231619 ITU SAS
0 HG03872 -0.010285 0.00765472 0.0231271 -0.0313588 -0.00792894 -9.31869e-05 -0.000763465 -0.000583654 0.00326765 -0.000708351 ITU SAS
0 HG03873 -0.0101008 0.00631036 0.0268286 -0.037224 -0.0122264 -5.38524e-06 -0.000325566 -0.000580961 -0.00180074 0.00188222 ITU SAS
0 HG03874 -0.0105981 0.00518269 0.0247952 -0.0319208 -0.00852346 0.000895379 -0.00225916 0.000886734 0.00653952 -0.00497147 ITU SAS
0 HG03875 -0.0109738 0.00943184 0.0198545 -0.0239815 -0.00399174 0.00052248 -0.00101771 0.000547341 -0.00291945 -0.00254451 ITU SAS
0 HG03882 -0.010558 0.00730458 0.0250665 -0.0344354 -0.00849825 0.00219885 -8.0721e-05 -0.00135761 0.000847205 -0.000415392 ITU SAS
0 HG03884 -0.0102842 0.00590312 0.0247024 -0.0350881 -0.00889434 -0.00114119 -0.00192934 0.000443544 0.00342769 -0.00274144 STU SAS
0 HG03885 -0.0106359 0.00723372 0.0212837 -0.0281993 -0.00582432 -0.000416657 0.0032425 -0.000669346 0.00294491 -0.000690621 STU SAS
0 HG03886 -0.0101934 0.00608011 0.0241405 -0.0338632 -0.00815445 -0.000382775 0.00137692 -0.000553505 0.00292247 0.00450881 STU SAS
0 HG03887 -0.00997417 0.0065062 0.0232478 -0.0335596 -0.0086296 0.00129576 -0.00183145 -0.00114196 0.00132809 8.19505e-05 STU SAS
0 HG03888 -0.0106691 0.0086162 0.0200601 -0.0235899 -0.00367977 -9.88684e-05 0.00142695 0.00243334 -0.00555841 0.00182145 STU SAS
0 HG03890 -0.010804 0.00657592 0.0235961 -0.029852 -0.00841476 0.000720475 0.00110817 -0.00231734 0.00251663 -0.00262308 STU SAS
0 HG03894 -0.00993572 0.00516979 0.0260854 -0.0352151 -0.0110635 -0.00155263 -0.0013063 -0.00024588 -0.00188036 0.000933344 STU SAS
0 HG03895 -0.0105941 0.00742957 0.0234475 -0.0336611 -0.00837369 -0.000310781 -0.000360235 0.00212447 0.000470765 2.15014e-06 STU SAS
0 HG03896 -0.0101174 0.00445543 0.0258704 -0.0348135 -0.0101285 0.00166373 4.71473e-05 -0.00360901 0.00661048 -0.000741904 STU SAS
0 HG03897 -0.0101752 0.00955221 0.0222681 -0.0278723 -0.0075719 -0.000588694 -0.000205314 -0.000163689 -0.00221346 0.00200791 STU SAS
0 HG03898 -0.00987679 0.0063118 0.0239687 -0.0315171 -0.00722228 -0.000861501 0.000928595 -0.00192181 0.00138571 -0.00406061 STU SAS
0 HG03899 -0.0101951 0.00503854 0.0275885 -0.0365184 -0.0101475 0.000545057 0.00394764 -0.0015542 0.00530977 -0.00266718 STU SAS
0 HG03900 -0.010362 0.00734599 0.0230068 -0.0322032 -0.00743567 0.00404946 0.00312863 -0.000753078 0.00148615 -0.000738202 STU SAS
0 HG03902 -0.0110119 0.00433812 0.0206666 -0.027895 -0.00434174 0.000611132 -0.000864967 0.00152943 -0.00426239 0.0024727 BEB SAS
0 HG03905 -0.0109673 0.00239466 0.0195395 -0.0253192 -0.00297323 0.00254041 0.000468445 -0.00040137 0.0037581 0.00301837 BEB SAS
0 HG03907 -0.0109367 0.00264528 0.0223077 -0.0273837 -0.0049786 0.00257755 0.00575464 0.000739742 -0.00215789 -0.00207957 BEB SAS
0 HG03908 -0.0106098 0.00412505 0.0206826 -0.0242295 -0.00420806 0.00145537 0.00189352 -0.000194214 -0.00203178 0.00121147 BEB SAS
0 HG03910 -0.0110538 0.00114776 0.0191386 -0.0255507 -0.00394267 0.000460035 0.00291396 -3.43664e-05 -0.000408704 0.00258352 BEB SAS
0 HG03911 -0.01138 0.00319016 0.0222381 -0.0271796 -0.00545769 0.0013747 -0.00235863 -0.000171786 0.00283968 0.00344172 BEB SAS
0 HG03913 -0.0109954 0.00519385 0.0221026 -0.0304133 -0.00686589 0.00231272 -0.00205118 0.00359799 -0.000496836 -3.82013e-05 BEB SAS
0 HG03914 -0.0110486 0.000727398 0.0236573 -0.0318758 -0.00561551 0.00101415 -0.00442241 0.00420045 -0.00521645 0.000222896 BEB SAS
0 HG03916 -0.0109426 -0.000306479 0.0218113 -0.0257549 -0.0030641 -0.00110043 0.00497611 -0.00221497 -0.00154536 -0.00318974 BEB SAS
0 HG03917 -0.0109626 0.000996091 0.0216553 -0.0254231 -0.00219272 0.000790114 -0.00191678 0.00395054 -0.00261225 0.00332249 BEB SAS
0 HG03919 -0.0110733 0.00814672 0.0203491 -0.027557 -0.00480622 0.00202057 -0.00322921 0.00294797 -0.00337064 -3.91062e-05 BEB SAS
0 HG03920 -0.0107314 0.00346847 0.0209709 -0.0271065 -0.00331364 -0.0017386 -0.000390741 0.00190474 -0.00746117 -0.00241852 BEB SAS
0 HG03922 -0.0109824 0.00207503 0.0198304 -0.0242662 -0.00178219 0.000806813 0.00336514 0.00242862 -0.00826988 -0.000167368 BEB SAS
0 HG03925 -0.0109541 0.00147325 0.0218156 -0.0253751 -0.00493521 0.00156542 -0.00195403 -0.000275666 0.00542826 0.00297221 BEB SAS
0 HG03926 -0.0109322 0.00171474 0.0197079 -0.0228864 -0.00351161 0.00137217 0.00451263 0.00199234 -0.00291219 0.00292587 BEB SAS
0 HG03928 -0.0107245 0.00244338 0.0225259 -0.0298495 -0.00570763 0.000978037 -0.00576134 0.00198184 -0.00457756 0.00220543 BEB SAS
0 HG03931 -0.011263 0.00167017 0.0227832 -0.031501 -0.00705979 0.00113366 0.00202569 0.00160172 -0.00191695 -0.000172962 BEB SAS
0 HG03934 -0.0110151 0.000814347 0.02243 -0.0274196 -0.00390056 0.00194443 0.00278822 0.00165939 -0.00448559 -0.000686702 BEB SAS
0 HG03937 -0.0111664 0.00222318 0.0197614 -0.029359 -0.00447173 0.00322152 0.00136119 0.00458979 -0.00776499 0.00205945 BEB SAS
0 HG03940 -0.0105245 0.00470021 0.0233439 -0.0313877 -0.00688811 0.00251168 0.000530761 -0.000394569 0.00146755 -0.000729465 BEB SAS
0 HG03941 -0.0108693 0.00460483 0.0264851 -0.0360121 -0.00880062 0.00226088 -0.0016202 0.000661558 -0.0021769 -0.00569582 BEB SAS
0 HG03943 -0.00984379 0.00550972 0.0257532 -0.0350783 -0.0104662 0.0027117 -0.00425512 -0.000935779 -0.000660963 -0.00172469 STU SAS
0 HG03944 -0.0100449 0.00755439 0.023482 -0.0317388 -0.00782185 -0.00263032 -0.00135163 -0.00103396 0.00343849 0.00270528 STU SAS
0 HG03945 -0.0104221 0.00650911 0.0236084 -0.0310691 -0.00682458 0.00111959 0.00392706 -0.00309686 0.00164331 0.000790537 STU SAS
0 HG03947 -0.0102174 0.0039105 0.024559 -0.0328548 -0.009111 0.000632922 -0.00146478 -0.000526971 -0.00146889 -9.23916e-05 STU SAS
0 HG03949 -0.0103831 0.00584551 0.0265644 -0.0345284 -0.0099492 0.00230439 -0.00130658 0.00218109 -0.002454 -0.00211779 STU SAS
0 HG03950 -0.0104858 0.00486376 0.024637 -0.0334351 -0.0090268 -3.42061e-05 -0.000359126 -0.000903964 0.00412189 -0.0036171 STU SAS
0 HG03951 -0.0100725 0.00513389 0.0248689 -0.0332281 -0.00836258 0.00348955 0.00204255 0.00118517 0.00291886 -0.00146085 STU SAS
0 HG03953 -0.0108167 0.00647992 0.0238955 -0.0279543 -0.00642474 0.000235242 -0.00196145 0.000403834 -0.00133916 -0.000536191 STU SAS
0 HG03955 -0.0103059 0.00759171 0.0265136 -0.0365586 -0.0109021 0.000905278 -3.71905e-05 -0.000222181 0.00112456 -0.00262339 STU SAS
0 HG03960 -0.0113159 0.00562584 0.0238312 -0.0320018 -0.00751942 0.000954352 -0.000233245 0.00316091 -0.00497615 -0.00239824 ITU SAS
0 HG03963 -0.01043 0.00761148 0.0221916 -0.0305463 -0.00742723 -0.000314077 -0.000878274 0.00100226 0.0004518 0.00345556 ITU SAS
0 HG03965 -0.0105404 0.00387851 0.0230454 -0.0299306 -0.00665802 0.000730496 4.18663e-06 -0.00217772 0.00686954 -0.000946693 ITU SAS
0 HG03967 -0.0106984 0.00755475 0.0227032 -0.0319406 -0.00711473 -1.20218e-06 -0.000177659 -0.00236516 0.00865349 0.000182991 ITU SAS
0 HG03968 -0.0108665 0.0050077 0.0255721 -0.0340708 -0.0091723 -0.00209701 0.00521205 0.00132871 -0.00322048 -0.00146103 ITU SAS
0 HG03969 -0.0104092 0.00570777 0.023753 -0.0332314 -0.00777685 0.000658866 -0.00310248 0.00302253 -0.00234014 -0.0022309 ITU SAS
0 HG03971 -0.0106645 0.00606722 0.0234242 -0.0331081 -0.00748851 -0.000743542 -0.00112141 0.000214079 0.00182225 -0.00141193 ITU SAS
0 HG03973 -0.0103506 0.00613436 0.0250863 -0.0335807 -0.00862329 -0.000472444 -0.00168195 0.000894771 0.00263475 0.00167819 ITU SAS
0 HG03974 -0.0104582 0.00785508 0.0242903 -0.0326703 -0.00767169 -0.000298883 -0.0017878 -0.00287111 0.00788457 0.000331691 ITU SAS
0 HG03976 -0.00985191 0.00730193 0.0210266 -0.0258145 -0.00483115 0.000623189 0.00307307 -0.00394399 0.00764082 -0.00117106 ITU SAS
0 HG03977 -0.010391 0.00363308 0.0264793 -0.038617 -0.00997402 -0.000378577 0.000792966 -0.000532341 0.00484098 0.00342868 ITU SAS
0 HG03978 -0.0102347 0.00486156 0.0250059 -0.0318042 -0.00767352 0.00142166 0.00156458 -0.000861394 0.000570162 0.00153747 ITU SAS
0 HG03985 -0.0101589 0.00427036 0.0231436 -0.0323784 -0.00664406 -0.00179912 -0.000857889 -0.00304401 -0.00353003 0.000734665 STU SAS
0 HG03986 -0.0100308 0.00575591 0.0244433 -0.033856 -0.00775045 0.00214384 0.00068064 -0.00146634 0.0010875 -0.000259594 STU SAS
0 HG03989 -0.0104649 0.00564897 0.025794 -0.0355022 -0.00977292 -0.00189345 -9.68547e-05 0.000233961 0.00582523 -0.000941276 STU SAS
0 HG03990 -0.010004 0.00531321 0.0238473 -0.0328199 -0.0075956 -0.000333785 -0.000235676 -0.00330633 -0.00255759 -0.00103372 STU SAS
0 HG03991 -0.0105942 0.00695323 0.0255367 -0.0331416 -0.00929915 0.000933535 -0.00126757 -0.00276976 -0.00078218 -0.00105047 STU SAS
0 HG03995 -0.0105351 0.0068791 0.0247825 -0.0345785 -0.00910219 0.000568655 -0.00256502 0.000391269 0.0014242 -0.0008585 STU SAS
0 HG03998 -0.0102606 0.00502656 0.0259801 -0.0360512 -0.0107081 -0.000921749 -0.00038424 0.000160904 -0.00446551 0.00281074 STU SAS
0 HG03999 -0.00999913 0.00650053 0.0254676 -0.0334488 -0.00945826 0.00327339 0.00101805 -0.000188832 -0.00249002 0.000285756 STU SAS
0 HG04001 -0.0103366 0.004973 0.0236412 -0.0310302 -0.00599172 0.00114256 0.00565639 -8.12953e-05 0.00114199 -0.00241986 ITU SAS
0 HG04002 -0.0103452 0.00495871 0.0254401 -0.0335772 -0.00892104 0.00293001 -0.000677914 -0.000251767 -0.00119478 0.00344466 ITU SAS
0 HG04003 -0.0108113 0.00810444 0.0221553 -0.0263339 -0.00568701 -0.00251491 -0.00183584 -0.000975419 0.000554085 -1.76641e-05 STU SAS
0 HG04006 -0.00998353 0.00356638 0.0247158 -0.0334611 -0.00903143 0.0031674 -0.0020533 -0.00371567 0.00423399 -0.00186443 STU SAS
0 HG04014 -0.0105977 0.00571987 0.0253628 -0.0307591 -0.00755842 0.000609814 0.000634323 0.00107329 -0.00197251 0.00494584 ITU SAS
0 HG04015 -0.010345 0.00801213 0.0223351 -0.0325287 -0.00787937 0.000778746 0.00288546 0.000277594 -0.000417726 0.00333368 ITU SAS
0 HG04017 -0.0103093 0.00543778 0.0263123 -0.0382792 -0.0126928 0.00286104 -1.25929e-05 0.00161973 0.000258913 0.00227121 ITU SAS
0 HG04018 -0.0104656 0.00695315 0.0257778 -0.033099 -0.00979341 0.000342733 -0.00279954 -0.00102989 -0.00214107 -0.000144906 ITU SAS
0 HG04019 -0.0109276 0.00656773 0.0242612 -0.0330818 -0.00747349 -0.000122243 0.00410145 -0.00123104 0.00163855 0.000888756 ITU SAS
0 HG04020 -0.0103048 0.0067228 0.0220149 -0.0287952 -0.005563 -0.000958999 0.0010615 0.00177905 -0.00353396 -0.00264705 ITU SAS
0 HG04022 -0.0105557 0.00836182 0.0239947 -0.0326101 -0.00872864 0.00245944 -0.00167997 0.00330966 -0.00510574 0.00651144 ITU SAS
0 HG04023 -0.0103501 0.00253477 0.0268963 -0.0375542 -0.0105898 0.00131663 -0.00151919 -0.000137001 0.000946153 0.00123249 ITU SAS
0 HG04025 -0.0105346 0.00440619 0.0279845 -0.0394898 -0.0114327 0.00272481 0.000639854 0.00121758 0.00157224 0.00158117 ITU SAS
0 HG04026 -0.010659 0.00411425 0.0282683 -0.0417827 -0.0129264 0.000622873 -0.000441709 0.000751474 -0.00318675 0.00165111 ITU SAS
0 HG04029 -0.0105089 0.0034673 0.0250102 -0.0319079 -0.00806331 0.00209125 0.00146803 5.54929e-05 -0.00574837 -0.00338776 STU SAS
0 HG04033 -0.0102447 0.00638345 0.023724 -0.0315364 -0.00809569 0.000119025 -0.00344646 -0.0012655 0.00413505 0.000883625 STU SAS
0 HG04035 -0.00997281 0.00523816 0.0258266 -0.0321541 -0.0077385 -0.000535972 0.00257197 -0.00232717 0.0034835 -0.000590247 STU SAS
0 HG04038 -0.01009 0.00576673 0.0229796 -0.0304824 -0.00715211 -0.00194634 -0.000161498 0.000325299 0.000669435 0.000800717 STU SAS
0 HG04039 -0.0108207 0.00408443 0.0245478 -0.0353187 -0.00839341 -0.00109724 -0.00233751 -8.3279e-05 0.00459169 0.000982793 STU SAS
0 HG04042 -0.010525 0.00642341 0.0229587 -0.0314487 -0.00753246 -0.000931149 0.00400277 -0.000555962 0.0028559 0.000690418 STU SAS
0 HG04047 -0.0102549 0.0048402 0.0256461 -0.0344563 -0.00910743 0.000706808 -0.000467845 0.00318297 -0.000642323 0.00491145 STU SAS
0 HG04054 -0.0103257 0.00494258 0.02829 -0.0401557 -0.0135688 -0.000229964 -0.00154886 0.00161036 -0.000518187 0.00494742 ITU SAS
0 HG04056 -0.0108047 0.00582034 0.02438 -0.0374866 -0.010071 0.00199746 0.00325562 0.000367559 -0.000464534 0.00241895 ITU SAS
0 HG04059 -0.0104229 0.00817775 0.0237043 -0.0311782 -0.0074694 0.00032353 0.00110862 -0.0018289 0.0065064 -0.00123627 ITU SAS
0 HG04060 -0.0103798 0.00817253 0.0222228 -0.0280089 -0.0068398 -0.000485414 0.00182572 0.00107686 -0.00589718 -0.00358404 ITU SAS
0 HG04061 -0.0102534 0.00159813 0.028743 -0.0406479 -0.0120084 0.000526557 0.000306516 -0.000940652 0.00293468 -0.00167524 ITU SAS
0 HG04062 -0.0104906 0.0036057 0.0243215 -0.035789 -0.00871996 0.000545824 0.00135776 -0.00209336 0.0020669 -0.00071347 ITU SAS
0 HG04063 -0.0109046 0.00558505 0.0273303 -0.0377366 -0.0111567 0.00181474 -0.000821966 0.000284564 0.00149478 0.00422936 ITU SAS
0 HG04070 -0.0109618 0.00796611 0.0225729 -0.029648 -0.00667678 0.000191507 0.00265625 -0.000378938 0.00272674 0.00591695 ITU SAS
0 HG04075 -0.0109879 0.00701781 0.0226384 -0.0281513 -0.00589965 0.000166782 0.00143896 -0.00235069 0.00141694 0.00104678 STU SAS
0 HG04076 -0.0104363 0.00436036 0.0251227 -0.0345902 -0.0077566 0.00145701 0.00420843 -0.00028366 0.00492166 0.00211774 ITU SAS
0 HG04080 -0.0109361 0.00836073 0.0206303 -0.0252256 -0.00516809 0.000519855 -0.00212668 -0.00225754 0.00345112 0.00147605 ITU SAS
0 HG04090 -0.00992647 0.00652114 0.0248056 -0.0332631 -0.00772372 -0.000554911 -0.00274929 -0.000480458 -0.00126512 -0.00147604 ITU SAS
0 HG04093 -0.0102823 0.00756157 0.0235806 -0.0322412 -0.0068289 0.00103232 -0.000999414 -0.00118148 0.00284315 0.00328213 ITU SAS
0 HG04094 -0.0110137 0.00598944 0.0228247 -0.0303747 -0.00619894 0.00120822 -0.00144495 0.00532537 -0.00287403 -0.000937942 ITU SAS
0 HG04096 -0.0103273 0.00425622 0.0291374 -0.0420521 -0.0129388 0.00370207 -0.000808189 0.00257917 -0.000391625 0.00155312 ITU SAS
0 HG04098 -0.0101932 0.00604878 0.0248429 -0.0333311 -0.00946404 -0.000414215 0.000248767 -0.00213459 0.000641273 -0.00485596 ITU SAS
0 HG04099 -0.0103058 0.00446651 0.0263564 -0.0340195 -0.00921532 0.00225824 -0.00261219 -0.00258068 0.00515586 -0.000903681 STU SAS
0 HG04100 -0.0103372 0.00453658 0.0234439 -0.0329982 -0.00772863 0.00262045 -0.00139003 0.00409795 -0.00300326 -0.00212397 STU SAS
0 HG04106 -0.0107102 0.00756512 0.0237334 -0.0296175 -0.00625066 0.00165946 -0.00155417 -0.00145932 -0.00275947 0.0030213 STU SAS
0 HG04107 -0.0101329 0.00818766 0.0246419 -0.0331806 -0.00848648 -1.44468e-05 -0.00206333 -0.000290908 -0.00670624 0.00125389 STU SAS
0 HG04118 -0.0103423 0.00564756 0.0255302 -0.0327121 -0.00864199 0.00185109 -0.00150232 -0.0034805 -0.00250232 0.000945187 ITU SAS
0 HG04131 -0.0109153 0.002698 0.0210085 -0.0257601 -0.0030045 0.000917898 0.0056049 0.000232203 0.00376185 0.00544067 BEB SAS
0 HG04134 -0.0111806 -0.000514953 0.0198004 -0.0230622 -0.000230013 0.00105272 0.00590376 -0.000111348 0.00738735 -0.00396286 BEB SAS
0 HG04140 -0.0113527 -0.000759829 0.0223189 -0.0286135 -0.00417084 0.000214217 0.0030772 0.000361403 0.00118218 0.00441912 BEB SAS
0 HG04141 -0.010737 0.00479466 0.0185862 -0.0250288 -0.00261363 0.00099703 -0.00023999 0.00481607 -0.00569094 -0.000511918 BEB SAS
0 HG04144 -0.0110903 0.00578957 0.02257 -0.0298439 -0.00561431 0.00170787 0.000559509 0.00313208 -0.00293026 0.00122768 BEB SAS
0 HG04146 -0.0111594 0.00378122 0.0182892 -0.02471 -0.00209882 0.00235441 0.00177764 0.00233663 -0.00340278 -0.000930888 BEB SAS
0 HG04152 -0.0110202 0.00351746 0.0212691 -0.0263094 -0.00383923 -0.00144066 -0.000761872 0.000601883 0.00231868 0.0014399 BEB SAS
0 HG04153 -0.0105427 0.00192985 0.0207256 -0.0260917 -0.00364415 0.00127885 -0.00093284 0.000656863 -0.00172584 0.00316172 BEB SAS
0 HG04155 -0.0107111 0.00322433 0.0200514 -0.0262965 -0.00319509 -0.000829863 0.00168024 0.000667118 -0.000839918 0.000962192 BEB SAS
0 HG04156 -0.0111206 0.00409548 0.0218504 -0.0286977 -0.00477746 -0.000580888 -0.00112607 0.00104538 0.000812707 0.00126523 BEB SAS
0 HG04158 -0.0115703 0.00247936 0.0201562 -0.0260079 -0.00366291 0.000364423 -0.00148894 0.000600121 -0.00385147 -0.00175627 BEB SAS
0 HG04159 -0.0108475 0.00503828 0.0228064 -0.0300078 -0.00553722 0.0017826 0.000337526 -0.00159661 -0.000249943 -0.00136775 BEB SAS
0 HG04161 -0.0107767 0.00102974 0.0213517 -0.0288201 -0.00498436 -0.000548028 0.00242536 2.75707e-05 0.002905 0.00530247 BEB SAS
0 HG04162 -0.0113065 0.00294181 0.0200228 -0.0264116 -0.00349166 0.000293167 -0.00132867 0.00350158 -0.00276634 0.00235385 BEB SAS
0 HG04164 -0.0108023 0.00306748 0.0214815 -0.0272214 -0.0044588 -0.000977355 -0.0010037 0.0015116 0.000419497 0.00307538 BEB SAS
0 HG04171 -0.0113472 0.00159137 0.0191444 -0.021692 -0.00269987 0.00179073 -0.000676103 0.000616352 -0.00649489 0.00291928 BEB SAS
0 HG04173 -0.0104007 0.00271727 0.0223996 -0.0275661 -0.00482066 -0.00110132 0.00386772 0.0019261 -0.00603637 -0.000758615 BEB SAS
0 HG04176 -0.0109516 0.001338 0.0199083 -0.0279012 -0.00475409 0.00132307 -0.00113677 0.00306768 -0.00252292 0.000528047 BEB SAS
0 HG04177 -0.0106776 0.00249549 0.0231261 -0.029709 -0.00667881 0.000880503 0.000611397 0.00190992 -0.0044531 -0.00265263 BEB SAS
0 HG04180 -0.0109726 0.00381833 0.0212589 -0.0233137 -0.00205459 -8.01579e-05 -0.00171857 0.00028288 -0.00724613 1.36596e-05 BEB SAS
0 HG04182 -0.0109627 0.00153624 0.0201819 -0.0265972 -0.00291388 -0.000764936 0.0015473 0.00306714 -0.00653447 -0.00284337 BEB SAS
0 HG04183 -0.0110342 0.00275502 0.0217277 -0.0274188 -0.00436315 -0.000421299 -0.00026753 -0.00348856 0.00686171 -0.00228346 BEB SAS
0 HG04185 -0.0107313 0.00543729 0.0244136 -0.0334805 -0.00825452 -0.000907561 -0.00258371 0.00158463 -0.000693427 0.00153067 BEB SAS
0 HG04186 -0.010554 0.00580519 0.0267122 -0.0370628 -0.0111487 6.43815e-05 -0.00200168 0.00024109 0.00311211 0.00194773 BEB SAS
0 HG04188 -0.0111076 0.00410864 0.0204322 -0.0289669 -0.00549031 -0.00113507 -0.00151775 0.00270315 -0.00390615 -0.00215496 BEB SAS
0 HG04189 -0.0109254 0.00108565 0.0241226 -0.0332126 -0.00691385 0.00222732 -0.000396623 0.0041238 -0.00658099 -0.000302819 BEB SAS
0 HG04194 -0.0106265 0.00428229 0.0232044 -0.028081 -0.00452494 0.00151578 0.00321292 -0.00120441 -0.00515312 -0.000557197 BEB SAS
0 HG04195 -0.0110752 0.00429454 0.0199453 -0.0229816 -0.00128077 0.00307078 -0.000115864 0.00162209 -0.004176 0.001121 BEB SAS
0 HG04198 -0.0103749 0.00784909 0.0251647 -0.0316928 -0.00789725 -0.000898435 0.00225194 -0.00208887 0.00818738 -0.000176467 ITU SAS
0 HG04200 -0.0108598 0.00765582 0.0227658 -0.0300201 -0.00758849 -0.00161103 5.98603e-06 -0.00517491 0.0109433 0.00441165 ITU SAS
0 HG04202 -0.0104417 0.00584882 0.0226825 -0.0349426 -0.00876937 0.000270734 0.0056089 0.000515734 0.00233816 -0.00417634 ITU SAS
0 HG04206 -0.0104312 0.0072051 0.0237742 -0.031574 -0.00697537 0.00162802 0.00228725 -0.00180186 0.00107252 -0.00286144 ITU SAS
0 HG04209 -0.0105338 0.00735889 0.0246439 -0.0333207 -0.00919582 0.00238542 0.000685884 -0.00197028 0.000702044 0.00399971 ITU SAS
0 HG04210 -0.0101106 0.00474713 0.0240003 -0.0323548 -0.00887737 0.00204888 -0.00185451 0.000827062 0.00336574 -0.00106565 STU SAS
0 HG04211 -0.0100993 0.00942815 0.0225931 -0.0304807 -0.00669513 0.00124225 0.0021175 -0.00028664 -0.003483 0.00148661 ITU SAS
0 HG04212 -0.0102403 0.00630077 0.0258697 -0.0357821 -0.0096286 0.00242961 -0.000909542 -0.0010746 0.00384454 0.000208431 ITU SAS
0 HG04214 -0.0105881 0.00819723 0.02427 -0.0326845 -0.0074097 0.00275853 0.0041038 -0.00239907 0.00609888 0.000383626 ITU SAS
0 HG04216 -0.0108488 0.00709217 0.022122 -0.0290575 -0.00562291 0.000724068 0.00018389 0.000665362 -0.00311558 -0.0023756 ITU SAS
0 HG04219 -0.0104991 0.00666311 0.0218814 -0.0303533 -0.00508634 -3.30887e-05 0.00028768 -0.000944458 0.00214737 -0.00206647 ITU SAS
0 HG04222 -0.0104188 0.00407175 0.0239085 -0.0326741 -0.00856612 0.000813435 -0.00207199 -0.00131731 0.000329974 0.00084382 ITU SAS
0 HG04225 -0.0107507 0.00716398 0.0266318 -0.0335886 -0.010195 0.00356409 -8.17108e-05 0.00165378 -0.000111262 -0.00209455 ITU SAS
0 HG04227 -0.0111327 -0.0009849 0.0214214 -0.0232398 -0.00194986 -0.00147425 0.00851787 0.00175683 -0.00465187 -0.00319638 STU SAS
0 HG04229 -0.0102757 0.00377355 0.0236619 -0.0327163 -0.00794069 0.00319847 0.000324654 -0.00146201 0.000243922 -0.000327011 STU SAS
0 HG04235 -0.00986986 0.00793108 0.0247765 -0.0325941 -0.00907419 -0.000869933 0.00050519 0.000887925 -0.00341732 -0.00268099 ITU SAS
0 HG04238 -0.0102125 0.00475144 0.0236607 -0.0343311 -0.00863674 0.000256804 -0.000892847 -0.00163093 0.00062534 -0.000202091 ITU SAS
0 HG04239 -0.0104988 0.00691044 0.0242685 -0.0326011 -0.00880604 0.00167767 -0.000306922 0.00131101 -0.00684277 -0.00138053 ITU SAS
0 NA06984 -0.0133452 0.0240564 -0.0062725 0.0355037 -0.0616655 0.0118696 0.0141205 0.00371137 -0.00647625 0.000661139 CEU EUR
0 NA06985 -0.0125448 0.0260366 4.18194e-05 0.0200154 0.0178934 -0.00141319 -0.000956787 0.00137163 -0.00237903 -0.000391993 CEU EUR
0 NA06986 -0.0121874 0.0261981 0.00140803 0.0189196 0.0115545 -0.0018759 -0.00809692 0.0115829 -0.0212496 -0.00550729 CEU EUR
0 NA06989 -0.0128053 0.0243605 -0.00293032 0.0311195 -0.0362565 0.0031733 -0.00065133 0.00776774 -0.0179124 -0.000101932 CEU EUR
0 NA06994 -0.0121779 0.026344 -0.00045371 0.0194869 0.0192685 -0.00243006 -0.00473092 -0.000658158 0.00235413 0.00105838 CEU EUR
0 NA07000 -0.012196 0.0261237 0.00180239 0.0218462 0.0194834 -0.000418946 -0.00603519 0.00463033 -0.0166741 -0.00555195 CEU EUR
0 NA07037 -0.0128118 0.0272651 -0.00180317 0.0240675 0.0187513 -0.00161202 -0.00261577 0.00496791 -0.0104373 -0.000813434 CEU EUR
0 NA07048 -0.0129356 0.0250213 -0.00194154 0.0261092 -0.013181 0.0038725 0.00304629 0.00757153 -0.0151726 0.00258204 CEU EUR
0 NA07051 -0.0128892 0.0257095 -0.000454062 0.0264705 -0.00861821 -0.00384801 -0.0129434 0.00757099 -0.0191178 -0.00194072 CEU EUR
0 NA07056 -0.0126358 0.0256262 -0.00050296 0.0192732 0.0152417 0.000358671 -0.0048948 0.00618537 -0.00796406 -0.00110844 CEU EUR
0 NA07347 -0.0123905 0.0253232 -0.00130713 0.0220263 0.00772867 -0.000411499 -0.0084725 0.00439402 -0.010523 -0.00485352 CEU EUR
0 NA07357 -0.012742 0.0251101 -0.000125005 0.018109 0.0169576 -0.00213803 -0.00277212 -0.00280086 0.00798411 0.00150179 CEU EUR
0 NA10847 -0.0127384 0.0269619 0.00192407 0.021819 0.0186484 -0.00034417 -0.00284799 0.00755113 -0.0203353 0.00430446 CEU EUR
0 NA10851 -0.0126968 0.0259617 0.00159539 0.0186922 0.0162898 -0.000506688 -0.0021034 0.00763891 -0.0226755 0.00385821 CEU EUR
0 NA11829 -0.0124203 0.0256861 0.000907367 0.0195891 0.0179564 -0.00177627 -0.00823765 0.0114591 -0.0335582 -0.000567535 CEU EUR
0 NA11830 -0.0121351 0.0245029 -0.000269615 0.0195259 0.00667672 -0.00405957 -0.00640336 0.00422424 -0.016268 7.10332e-05 CEU EUR
0 NA11831 -0.0126055 0.0257682 -0.000623931 0.0198724 0.0170338 -0.00323983 -0.00305486 0.00260185 -0.00799446 -0.00228665 CEU EUR
0 NA11832 -0.0126444 0.0254505 0.00241346 0.0186838 0.0172671 -0.00205783 -0.00254942 0.00201284 -0.00274604 -0.000322527 CEU EUR
0 NA11840 -0.0123536 0.0234364 -0.000169397 0.018933 0.00762725 -0.00137985 -0.00631832 0.011939 -0.0320741 0.00613165 CEU EUR
0 NA11843 -0.0123562 0.0254305 -0.00173883 0.025231 -0.00616248 0.00245363 0.000415102 0.00792542 -0.0142141 -0.00214265 CEU EUR
0 NA11881 -0.0127832 0.0253065 0.00177313 0.0193536 0.0190759 -0.000123197 -0.00686571 0.00716237 -0.0180263 0.00527596 CEU EUR
0 NA11892 -0.0123775 0.0249977 0.00118997 0.0191774 0.0106394 -0.0030914 -0.00149793 0.00138885 -0.00415403 0.00580949 CEU EUR
0 NA11893 -0.0122921 0.0251072 0.00062402 0.0208529 0.0079034 -0.00286342 -0.00486924 0.00385454 -0.00342523 0.000492372 CEU EUR
0 NA11894 -0.0126984 0.0267209 -0.000716538 0.0209309 0.0164733 -0.00332373 0.000681676 0.00534175 -0.0107296 0.00664804 CEU EUR
0 NA11918 -0.0123781 0.0253317 -0.000246955 0.0219757 0.0146227 -0.000651418 -0.00282352 0.00567255 0.00267374 -0.00469172 CEU EUR
0 NA11919 -0.0128269 0.0268411 0.000710195 0.0243472 0.0111497 -0.00371277 -0.0073528 0.00305015 -0.00269762 -0.00530648 CEU EUR
0 NA11920 -0.012795 0.0256438 8.5366e-05 0.0219874 0.0150425 -0.00487808 -0.00419943 0.00646229 -0.0119326 -0.002803 CEU EUR
0 NA11930 -0.0122828 0.0257843 0.000474557 0.0190487 0.0116542 -0.00228387 -0.00339015 0.00641986 -0.0146278 -0.00193174 CEU EUR
0 NA11931 -0.0123999 0.0248162 0.00214446 0.0188887 0.016198 0.000548835 0.00355496 0.00337563 0.000771659 0.0037959 CEU EUR
0 NA11932 -0.0123368 0.0266764 0.000939581 0.0222879 0.0164003 -0.000599274 -0.00231204 0.00280277 -0.00679032 -0.000993911 CEU EUR
0 NA11933 -0.0125104 0.026084 -0.000197707 0.0210544 0.015152 -0.00151907 -0.00418652 0.00721037 -0.0133032 0.00448116 CEU EUR
0 NA11992 -0.0121779 0.026394 0.000334539 0.0212202 0.0133631 0.00104751 -0.00412405 -0.00298642 0.00263558 0.00131326 CEU EUR
0 NA11994 -0.0129737 0.0261727 0.00154109 0.0212895 0.00876536 -0.000249516 -0.00330048 0.0041582 -0.00863887 0.00183025 CEU EUR
0 NA11995 -0.0118517 0.0261444 0.00150538 0.0205676 0.0183622 0.00120818 -0.000614276 0.00261476 -0.00835992 0.00401201 CEU EUR
0 NA12003 -0.0126253 0.026198 0.00129187 0.0217897 0.0178886 -0.00158293 -0.00202449 0.00898192 -0.0132454 0.00435605 CEU EUR
0 NA12004 -0.0122058 0.0254762 0.000753539 0.0209178 0.0189466 -0.00195398 -0.00218099 0.00428741 -0.0116604 0.00511742 CEU EUR
0 NA12005 -0.0122304 0.0258063 0.000685647 0.0196085 0.0179074 0.000478626 -0.00251547 0.00206034 -0.006443 0.00360184 CEU EUR
0 NA12006 -0.0126778 0.0262387 0.00078982 0.0192525 0.0174229 -0.00176811 -0.00357313 0.00213881 -0.00605925 0.00304504 CEU EUR
0 NA12043 -0.0126399 0.0258411 0.000976609 0.0207334 0.0174491 -0.00335314 -0.00435323 0.00691232 -0.0166666 0.00328257 CEU EUR
0 NA12044 -0.0127349 0.0273862 0.00102311 0.0192214 0.0183113 -0.000729184 -0.0027074 0.00449457 -0.0102843 0.00120463 CEU EUR
0 NA12045 -0.0121293 0.0265086 -0.00248774 0.0201752 0.0104356 -0.00270863 -0.00285086 0.000715073 3.71272e-05 -0.00442078 CEU EUR
0 NA12046 -0.010989 0.0249082 -0.00101689 0.0189949 0.017627 -0.0042821 -0.000883979 -0.000316273 -0.00832882 0.00587847 CEU EUR
0 NA12058 -0.0133363 0.0244809 -0.0056773 0.0365951 -0.0748614 0.0121341 0.00929895 0.00295883 0.000914194 0.00636941 CEU EUR
0 NA12144 -0.0126874 0.0270753 0.000863401 0.0197548 0.0180124 0.000382198 -0.00157508 0.00335937 -0.00236999 0.00449276 CEU EUR
0 NA12154 -0.0119463 0.0260029 0.0008437 0.0208325 0.0164299 -0.00276626 -0.00939497 0.00504526 -0.00566895 0.00253694 CEU EUR
0 NA12155 -0.0126844 0.0257857 -8.77637e-06 0.0264254 -0.0223645 -0.00184639 -0.0205329 0.00158505 -0.00260486 -0.00619701 CEU EUR
0 NA12156 -0.0127686 0.0258654 0.000512218 0.0189944 0.0192138 -0.0034219 -0.000871585 0.00070642 -0.00512896 0.000467802 CEU EUR
0 NA12234 -0.0127607 0.0259241 0.000888942 0.0178869 0.0180032 -0.00243529 -0.00505706 -0.000679809 -0.000442321 0.00459192 CEU EUR
0 NA12249 -0.0126449 0.0240875 -0.00104614 0.0214025 -0.0172013 0.00452691 0.00858272 0.00619802 -0.0135632 0.000958703 CEU EUR
0 NA12272 -0.0125102 0.0256072 0.00120947 0.0217287 0.0030746 -0.000932873 -0.00249548 0.000851434 0.00179483 0.00636692 CEU EUR
0 NA12273 -0.0122498 0.0258595 0.00130261 0.0215393 0.014999 0.00015019 -0.00559529 0.00446662 -0.00541073 0.00682768 CEU EUR
0 NA12275 -0.012156 0.0227267 -0.00343026 0.0287138 -0.0350411 -0.00163184 -0.0141849 0.00378215 -0.016342 0.000176534 CEU EUR
0 NA12282 -0.0125638 0.0258302 0.00237368 0.0201278 0.0185761 -0.00153818 -0.000426824 0.00125387 0.000852014 0.00555031 CEU EUR
0 NA12283 -0.012035 0.0252114 -0.00083364 0.017927 0.0177867 -0.00079186 0.0012891 0.00102484 -0.00316779 -0.00227326 CEU EUR
0 NA12286 -0.0126254 0.0243019 0.00133717 0.0158881 0.0153546 -0.00205293 -0.00498991 0.00307228 -0.00802919 -0.00060346 CEU EUR
0 NA12287 -0.0124407 0.0259189 0.00065548 0.0200547 0.0158919 -0.00365288 -0.00397399 0.00286672 -0.00959254 0.000241729 CEU EUR
0 NA12340 -0.0127625 0.0248491 -0.00593333 0.0327468 -0.050479 0.0103146 0.00802089 -0.00107052 -0.00331492 0.00545505 CEU EUR
0 NA12341 -0.0125443 0.0261801 -0.00179307 0.024314 -0.00830028 0.0012859 -0.00691115 -0.00145264 -0.0057459 -0.00198936 CEU EUR
0 NA12342 -0.0131082 0.0251724 -0.00188475 0.0271267 -0.019025 0.00515397 0.00451166 0.00342285 -0.00586111 -0.0024611 CEU EUR
0 NA12347 -0.0124436 0.0264593 -0.000192935 0.0223666 0.015251 -0.000965848 -0.00392629 0.00514035 -0.0124776 0.000795133 CEU EUR
0 NA12348 -0.0121992 0.0255732 0.00110478 0.0196117 0.0127552 -0.00397174 -0.00562597 0.00487728 -0.0116927 -0.0025778 CEU EUR
0 NA12383 -0.0127964 0.0251975 -1.43767e-05 0.023276 0.0168862 -0.00228598 -0.00304814 0.00145023 0.00241844 0.0028581 CEU EUR
0 NA12399 -0.0120703 0.0245767 -0.000733302 0.022232 0.000877711 -0.00264375 -0.00996329 0.00229924 -0.00463124 -0.00560319 CEU EUR
0 NA12400 -0.0129299 0.0254764 0.000429652 0.0239216 0.00386709 -0.00529023 -0.0104678 0.00565139 -0.00489871 -0.00667148 CEU EUR
0 NA12413 -0.0119565 0.026301 0.00249274 0.0192396 0.0160056 0.000373557 0.00143155 -0.00315785 0.00284458 0.00223013 CEU EUR
0 NA12414 -0.012029 0.0251025 -0.000474063 0.0198096 0.0189322 -0.0029233 -0.00149498 -0.00150462 0.00821081 0.00175785 CEU EUR
0 NA12489 -0.0123065 0.0255553 0.00134027 0.0186099 0.0171079 -0.00121825 -0.00110475 0.00166935 -0.00811963 0.00615264 CEU EUR
0 NA12546 -0.0124795 0.0257195 0.000443139 0.0186046 0.0110049 -0.00140134 -0.00399113 0.00126397 -0.00971555 0.00186075 CEU EUR
0 NA12716 -0.0122663 0.0253903 -0.000314965 0.0185919 0.0173565 -0.00227635 -0.00126511 0.00747839 -0.0151695 0.000887861 CEU EUR
0 NA12717 -0.0121348 0.0253472 7.38417e-05 0.0192661 0.0171921 -0.00262305 -0.00287041 0.00274177 -0.013018 0.0048798 CEU EUR
0 NA12718 -0.0121861 0.025371 0.00068036 0.0188315 0.011023 0.0010728 0.000356508 0.00540658 -0.0128639 0.00555848 CEU EUR
0 NA12748 -0.0127265 0.0267728 -5.87558e-05 0.0214801 0.0151604 9.76202e-05 0.00177273 0.000633076 0.00477609 0.00654717 CEU EUR
0 NA12749 -0.0122779 0.025845 0.000819443 0.0187249 0.0168165 -0.00179294 -0.000775822 0.00317931 -0.00135689 0.00136805 CEU EUR
0 NA12750 -0.0126778 0.0260435 0.0010738 0.0192506 0.017383 -0.000842574 -0.00308471 0.00470197 -0.0103599 0.0060496 CEU EUR
0 NA12751 -0.0123059 0.0266891 0.000675755 0.0222141 0.0195687 -0.00234986 -0.00625577 0.00361261 -0.00993044 0.00323694 CEU EUR
0 NA12760 -0.0122402 0.0266136 0.0010677 0.0210316 0.0187258 -0.00131942 -0.00633554 -0.00205513 0.000670946 -0.000190263 CEU EUR
0 NA12761 -0.0126486 0.0259926 0.000358071 0.0193236 0.0168941 -0.00203286 -0.000499204 0.00168609 -0.0031591 0.00126677 CEU EUR
0 NA12762 -0.0122929 0.0253986 0.00118834 0.0180211 0.0172262 -0.000349512 -0.00312197 -0.000837227 -0.00658902 0.00207041 CEU EUR
0 NA12763 -0.0121393 0.0265256 -0.000380198 0.0198224 0.0184694 -0.000511857 -0.00243552 0.00198031 -0.00314618 0.00495808 CEU EUR
0 NA12775 -0.0121304 0.0252963 0.00163556 0.0175559 0.0145119 -0.00274094 -0.00182969 0.00343439 -0.00295843 0.000217507 CEU EUR
0 NA12776 -0.0126091 0.0261883 -0.000965425 0.0211562 0.0184261 -0.00355182 -0.00270074 0.00883072 -0.0153946 -0.000962039 CEU EUR
0 NA12777 -0.0125406 0.026391 -0.00148827 0.0205214 0.0114199 -0.00248786 -0.00241549 0.00234502 -0.00359813 0.000319579 CEU EUR
0 NA12778 -0.012321 0.0263749 0.000178697 0.0191246 0.0151097 0.000310552 -0.000808329 0.00106125 0.00250082 0.000895568 CEU EUR
0 NA12812 -0.0122829 0.0264293 0.0013575 0.019485 0.0174649 -0.00225207 -0.00169049 0.00197261 -0.00637457 0.00405398 CEU EUR
0 NA12813 -0.0121499 0.0250203 0.00261035 0.0174387 0.0160466 -0.00261927 -0.00320453 -0.00134386 0.00665047 0.00138043 CEU EUR
0 NA12814 -0.0123506 0.0268299 0.000762523 0.0198608 0.0189458 -0.00235542 -0.00369379 0.00234037 -0.00928784 0.00622355 CEU EUR
0 NA12815 -0.0124343 0.0246068 0.00141881 0.0159196 0.016616 -0.0011244 -0.00383201 0.00415174 -0.0104834 -0.0020174 CEU EUR
0 NA12827 -0.0127962 0.0256675 0.000173478 0.0203018 0.0167744 -0.00315389 -0.00219056 0.00482326 -0.0110978 0.000305648 CEU EUR
0 NA12828 -0.0123419 0.0268759 0.000759809 0.0228026 0.0175977 -0.00398703 -0.00080424 0.00300111 -0.0120002 -0.000692194 CEU EUR
0 NA12829 -0.0129475 0.0265049 0.000633577 0.0216827 0.0152114 -0.002195 -0.0022594 0.000977619 0.0032416 -0.00558123 CEU EUR
0 NA12830 -0.012309 0.0260567 0.000634371 0.0172191 0.0141359 -0.00245003 0.000464493 0.00707721 -0.0149107 0.00602378 CEU EUR
0 NA12842 -0.0121663 0.0252315 -0.000149149 0.0192438 0.0128372 -0.00139208 -0.00342527 0.00453332 -0.00194153 -0.000222485 CEU EUR
0 NA12843 -0.0131007 0.0262953 0.000437755 0.020004 0.014622 -0.00289178 -0.00354854 0.0046486 -0.00857974 0.000726278 CEU EUR
0 NA12872 -0.0126061 0.0256796 0.000701455 0.0190423 0.0177224 -0.00267252 -0.00110548 0.000782943 0.000461775 0.00393684 CEU EUR
0 NA12873 -0.0127829 0.0255796 0.00167981 0.018431 0.0170242 -0.00433638 -0.00242267 0.00424367 -0.00455894 -0.000454205 CEU EUR
0 NA12874 -0.0123865 0.0254082 4.90884e-05 0.0202229 0.020396 -0.0030317 -0.00279552 0.00122681 -0.00570461 0.00413456 CEU EUR
0 NA12878 -0.0131445 0.0243409 -0.0053696 0.0331645 -0.048396 0.00435662 -0.00435107 0.00513886 -0.00811788 -0.00371094 CEU EUR
0 NA12889 -0.0121528 0.0253987 0.0031612 0.0204572 0.0125808 -0.00398298 -0.00165815 0.00541562 0.0035903 -0.00259171 CEU EUR
0 NA12890 -0.0132092 0.0266019 -0.00021799 0.0210427 0.0168872 2.81609e-06 -0.00130336 0.00741331 -0.0115752 -0.00214216 CEU EUR
0 NA18486 0.035288 -0.00320235 -0.00176344 0.00454789 -0.01877 -0.0106328 -0.0142626 0.0215404 0.00700657 -0.0343565 YRI AFR
0 NA18488 0.0351713 -0.00391632 -0.00617476 0.0172545 -0.0885344 0.00493726 0.0136512 0.0561278 0.0131319 -0.0189914 YRI AFR
0 NA18489 0.0362096 -0.00222841 -0.00136468 0.00215703 -0.00219481 -0.00266264 0.000438752 0.0474673 0.013539 -0.00732047 YRI AFR
0 NA18498 0.0353575 -0.00237063 -0.00123541 0.00257709 -0.0151629 -0.0135742 -0.0081215 0.0419775 0.0154895 -0.0301583 YRI AFR
0 NA18499 0.0355772 -0.00201432 -0.000430502 0.00226573 -0.000968489 -0.0152965 0.00227107 0.0371941 0.0122853 -0.0287589 YRI AFR
0 NA18501 0.0352971 -0.00211484 -0.000114611 0.00148059 -0.000128032 -0.020587 0.00465757 0.0176067 0.00815805 0.00672064 YRI AFR
0 NA18502 0.0359212 -0.00231104 0.000690707 -0.00108097 0.00183841 -0.0279456 0.0069686 0.0525658 0.0193599 -0.0310922 YRI AFR
0 NA18504 0.0341387 -0.0021261 -0.00282891 0.00742976 -0.0359623 -0.00277931 0.00457254 0.0316194 0.0105155 -0.00297548 YRI AFR
0 NA18505 0.0356814 -0.00259758 -8.65729e-05 -0.000431061 0.00411867 -0.00688298 0.00364005 0.0448723 0.0149506 -0.0021449 YRI AFR
0 NA18507 0.0348769 -0.0024775 2.84882e-05 0.000745118 -0.00529129 -0.00702507 -0.0062978 0.0342862 0.0109152 -0.0226106 YRI AFR
0 NA18508 0.0343082 -0.00282069 -6.612e-06 0.000600459 0.00414466 -0.00571089 0.00445132 0.0229447 0.0109325 -0.0128344 YRI AFR
0 NA18510 0.035142 -0.00246572 -0.000816774 0.00297147 -0.00824951 -0.00676998 0.00145759 0.0192964 0.00185011 -0.0125399 YRI AFR
0 NA18511 0.0354924 -0.00239105 -0.00074757 0.000599455 0.00158783 -0.00682399 0.00294217 0.0354399 0.00915542 -0.0308782 YRI AFR
0 NA18516 0.0347547 -0.00275323 -0.000818562 0.00318769 -0.0139817 -0.0179727 -0.00884037 0.0339933 0.0127412 -0.0297137 YRI AFR
0 NA18517 0.0356107 -0.00224954 -5.85893e-05 0.00023957 0.0016255 -0.00999859 0.00333875 0.0241736 0.00925747 0.0114428 YRI AFR
0 NA18519 0.0352874 -0.00247847 -0.000527247 0.000988637 -7.85984e-05 -0.0144616 0.00640728 0.0404902 0.011994 -0.0152388 YRI AFR
0 NA18520 0.0354722 -0.00214434 -0.00199743 0.00443599 -0.0130875 -0.00754868 -0.00480403 0.0514939 0.0191336 -0.00989168 YRI AFR
0 NA18522 0.0342852 -0.00270431 -0.000880438 0.00511167 -0.0163488 -0.00531315 -0.0113882 0.0275941 0.010054 -0.0117842 YRI AFR
0 NA18523 0.0346017 -0.00211484 0.000206853 0.000655669 0.000976463 0.000829198 0.00692447 0.0198159 0.00589305 -0.0298736 YRI AFR
0 NA18525 -0.0137091 -0.0345063 0.00521735 0.00738255 0.0200119 -0.00496131 -0.0138259 0.00193709 0.00179837 0.00194977 CHB EAS
0 NA18526 -0.0137188 -0.0343257 0.00484755 0.0102941 0.0170956 -0.00346731 -0.0102685 -0.000340643 0.00374455 -0.000291865 CHB EAS
0 NA18528 -0.0136153 -0.0333403 0.00272774 0.0081054 0.0194809 -0.0055786 -0.0329667 -0.000361474 0.00470814 0.00487014 CHB EAS
0 NA18530 -0.0137388 -0.0343556 0.00277211 0.0125329 0.00282109 -0.00193203 -0.0143569 0.00274014 0.00147549 -0.00025944 CHB EAS
0 NA18531 -0.014194 -0.035968 0.00377536 0.00975171 0.0200623 -0.00435021 -0.0281663 -0.00109903 0.00399801 0.00421546 CHB EAS
0 NA18532 -0.0137586 -0.0360478 0.00288963 0.0108316 0.016321 -0.00524645 -0.022455 0.00241595 0.0040931 -0.000312864 CHB EAS
0 NA18533 -0.0142722 -0.0352956 0.000195989 0.0263552 -0.0615768 0.00728794 0.00508243 0.000363621 0.000683364 0.00206294 CHB EAS
0 NA18534 -0.0139431 -0.0331458 0.00241872 0.0120672 0.00353803 -0.000287506 -0.00930786 -0.00023451 0.00283751 0.00137163 CHB EAS
0 NA18535 -0.0137349 -0.0345881 0.00222408 0.0152877 -0.00532929 -0.00316086 -0.01962 0.0038789 0.000676902 -0.000380262 CHB EAS
0 NA18536 -0.0142128 -0.0350671 0.00443079 0.010435 0.0195819 -0.00135639 -0.0105966 0.000874059 0.0024673 0.00254807 CHB EAS
0 NA18537 -0.0139549 -0.033984 0.000747412 0.0127278 -0.00739384 -0.00104327 -0.0231339 0.00163477 0.00317432 0.00484668 CHB EAS
0 NA18538 -0.0146712 -0.0351963 -0.000706866 0.0214446 -0.0408001 0.00443784 -0.0139892 0.00310288 0.00222525 0.0018138 CHB EAS
0 NA18539 -0.014171 -0.033874 -0.00201579 0.0192764 -0.0310489 0.00394899 -0.0297466 0.00234871 0.00551687 0.00159819 CHB EAS
0 NA18541 -0.0136909 -0.0334876 0.00242196 0.0140867 -0.00273786 -0.00171754 -0.0292125 0.00257675 0.00499314 -0.000521769 CHB EAS
0 NA18542 -0.0137327 -0.0324287 0.000795652 0.00927363 0.0148722 -0.0043822 -0.0278093 0.000387274 0.0042378 -0.0012403 CHB EAS
0 NA18543 -0.0137022 -0.035458 0.00592484 0.010282 0.0167823 0.00194981 0.00817534 0.000555907 0.00098124 -0.00496428 CHB EAS
0 NA18544 -0.0134415 -0.0349538 0.00481119 0.0117609 0.0168249 -0.00264892 -0.0219299 0.000569859 0.0049975 -5.8786e-05 CHB EAS
0 NA18545 -0.0139635 -0.0341394 0.00324889 0.00956933 0.0172457 -0.00252555 -0.00784513 0.00222713 -0.00122121 -0.00479198 CHB EAS
0 NA18546 -0.0137721 -0.0347056 0.00194151 0.0103698 0.0161048 -0.00344658 -0.0269687 0.00210018 0.00783589 0.00421184 CHB EAS
0 NA18547 -0.0134839 -0.0340935 0.00308601 0.00917258 0.0163893 -0.00578612 -0.0258419 0.00367281 0.00682552 0.000783836 CHB EAS
0 NA18548 -0.0142453 -0.034197 0.00358342 0.00875477 0.0169587 -0.00479895 -0.0295713 0.00334642 0.00488415 0.00217599 CHB EAS
0 NA18549 -0.0136883 -0.0355645 0.00554452 0.0104397 0.0177476 -0.000594187 0.00375043 -0.000836439 0.00339066 -0.00140832 CHB EAS
0 NA18550 -0.0138267 -0.0354726 0.00585562 0.0139644 0.0113674 -0.00156992 0.0175292 -0.000235338 -0.00272764 -0.00354631 CHB EAS
0 NA18552 -0.013865 -0.0359836 0.00209984 0.0127171 0.0149995 -0.00294221 -0.0109322 0.000299338 -0.00198994 -0.00211852 CHB EAS
0 NA18553 -0.0139975 -0.03529 -0.00434613 0.0182935 -0.0372316 0.00350056 -0.0280488 0.00409672 -0.000512532 -0.00267365 CHB EAS
0 NA18555 -0.0137269 -0.0343873 0.00461629 0.0130172 0.012365 -0.00222466 -0.00600215 0.00093474 0.000104569 0.000403189 CHB EAS
0 NA18557 -0.0138542 -0.0353777 0.00290331 0.0106344 0.0159768 -0.00420567 -0.0273787 0.0039573 0.00202516 0.00274083 CHB EAS
0 NA18558 -0.0139812 -0.0338757 0.00220719 0.01316 0.00215707 -0.000181002 -0.0175924 0.00287653 0.00107568 -1.14623e-05 CHB EAS
0 NA18559 -0.0140209 -0.0341303 0.00477812 0.00958791 0.0114843 -0.00218438 -0.015218 0.00154136 0.00238954 0.00198137 CHB EAS
0 NA18560 -0.0140759 -0.0375322 0.00234466 0.0194994 -0.0172324 0.00523325 0.0106078 0.00255492 0.000101449 -0.00433344 CHB EAS
0 NA18561 -0.0139756 -0.035078 0.00225346 0.00952412 0.015582 -0.00136473 -0.0275929 0.00267044 0.00525293 0.00261213 CHB EAS
0 NA18562 -0.0134935 -0.0336472 0.00128784 0.00921719 0.0139418 -0.00401952 -0.0307747 0.000564973 0.00245785 3.06796e-05 CHB EAS
0 NA18563 -0.0140016 -0.0325657 0.00224752 0.0124646 0.00160916 -0.00110651 -0.0128261 0.00252106 -0.000108299 -0.00449061 CHB EAS
0 NA18564 -0.014256 -0.0362181 0.00292126 0.0113508 0.0134542 -0.00111018 -0.0263455 -0.000641137 0.00910791 0.00347733 CHB EAS
0 NA18565 -0.0137665 -0.0367532 0.00449928 0.0178603 -0.00741503 0.00237911 0.00834349 0.001036 0.000102117 -0.00283276 CHB EAS
0 NA18566 -0.0138342 -0.0344855 0.00399691 0.0101398 0.0136314 -0.00380723 -0.0251998 0.00263331 0.000942728 -0.00143283 CHB EAS
0 NA18567 -0.0139958 -0.0352608 0.00114509 0.0159075 -0.0108113 -0.00171402 -0.0332792 0.00219658 0.00514499 -0.000534336 CHB EAS
0 NA18570 -0.0140303 -0.0353725 0.00550035 0.0110969 0.0183344 -0.00194656 -0.00145314 0.0016582 0.0034466 0.000352788 CHB EAS
0 NA18571 -0.0136278 -0.035589 0.00482439 0.0124184 0.0134998 -0.00200014 -0.00254383 0.000418201 0.00247971 -0.00188517 CHB EAS
0 NA18572 -0.0143098 -0.0357761 -0.000150693 0.0175304 -0.0238941 0.00170009 -0.0341479 0.00422161 0.0028046 0.00272791 CHB EAS
0 NA18573 -0.0134482 -0.0351199 0.00360521 0.0110502 0.0186102 -0.00373989 -0.00305475 -0.000369891 0.00299662 0.00226942 CHB EAS
0 NA18574 -0.0143728 -0.0361327 0.000523842 0.018661 -0.0279386 0.00140428 -0.0243764 0.0011651 0.00554667 -2.91291e-05 CHB EAS
0 NA18577 -0.0140791 -0.0344989 0.00452448 0.0110087 0.0122947 -0.00414123 -0.0245046 0.00306268 0.00465095 -0.00275137 CHB EAS
0 NA18579 -0.0138472 -0.0345251 0.00322585 0.0140956 -0.00062245 -0.00116907 -0.0271533 0.0039811 0.00306164 0.00169479 CHB EAS
0 NA18582 -0.0143593 -0.0348166 0.00471068 0.0112118 0.0174311 0.00222107 0.00367871 0.00200686 0.000952898 -0.000988272 CHB EAS
0 NA18591 -0.0140977 -0.0339189 0.00327821 0.00847777 0.0213363 -0.00175962 -0.00365141 0.000738264 0.00129784 -0.000642643 CHB EAS
0 NA18592 -0.0139783 -0.0351869 0.00382502 0.011536 0.0191069 -0.00385606 -0.0193749 0.00296518 0.0017757 -0.000523104 CHB EAS
0 NA18593 -0.0142411 -0.034531 0.00372766 0.00846803 0.0190922 -0.00252118 -0.0155389 0.00127692 -0.00119751 -0.000584156 CHB EAS
0 NA18595 -0.0143185 -0.0359138 0.00490764 0.0123113 0.017232 -0.00459332 -0.033979 0.00148498 0.0078353 -0.000230254 CHB EAS
0 NA18596 -0.0138646 -0.0357058 0.00238874 0.0103432 0.0183303 -0.00312711 -0.0225151 0.00397582 -0.00108428 0.0018596 CHB EAS
0 NA18597 -0.013779 -0.0319586 0.00381243 0.0101029 0.0191907 -0.00155068 -0.0235445 0.00307039 0.00314673 0.00345932 CHB EAS
0 NA18599 -0.0137368 -0.0342916 0.00205207 0.00865276 0.0157597 -0.00338812 -0.0306641 0.000442253 0.00565771 0.00128472 CHB EAS
0 NA18602 -0.013882 -0.0337257 0.00226822 0.0117155 -0.000380227 -0.00295715 -0.0241467 -0.00062312 0.00339091 -0.00171323 CHB EAS
0 NA18603 -0.0144708 -0.0355418 0.0023482 0.0103469 0.0131177 -0.000583303 -0.00459837 0.00249685 -0.00376384 0.000540774 CHB EAS
0 NA18605 -0.0138817 -0.0334202 0.00484312 0.0117451 0.0175593 -0.0031761 -0.0219647 0.00393668 0.00500424 0.000673535 CHB EAS
0 NA18606 -0.0136492 -0.0355073 0.00736754 0.0127753 0.0184631 0.000121311 0.0125642 0.0002909 -0.00045451 -0.00359771 CHB EAS
0 NA18608 -0.0139619 -0.0351358 0.00435667 0.0110735 0.0177346 -0.0031837 -0.0240066 0.00321859 0.00112191 -0.000445883 CHB EAS
0 NA18609 -0.0137995 -0.0326386 -0.000552788 0.012799 -0.0107429 -0.000404205 -0.0291053 0.00274601 0.00648352 0.00259926 CHB EAS
0 NA18610 -0.013893 -0.0328415 0.00325278 0.0120263 0.0154021 -0.00202597 -0.0223581 0.00327352 0.00290987 0.0026133 CHB EAS
0 NA18611 -0.0144892 -0.0349602 0.000588408 0.0197665 -0.0377813 0.000262803 -0.0404489 0.00075547 0.00658154 0.00358293 CHB EAS
0 NA18612 -0.0137809 -0.0349231 0.00127336 0.0111422 0.0109942 -0.00546814 -0.0283727 0.00143991 0.00712441 0.00254961 CHB EAS
0 NA18613 -0.0138891 -0.0336722 0.000250967 0.00999546 0.00475519 -0.00216205 -0.0237877 0.00321454 0.00650062 0.00118106 CHB EAS
0 NA18614 -0.0141465 -0.0355369 0.00293619 0.00970797 0.0170046 -0.00459006 -0.0214511 0.00120296 0.00570229 0.00123948 CHB EAS
0 NA18615 -0.014444 -0.0354157 -0.0024555 0.021906 -0.0559653 -0.00107041 -0.0406489 -0.00425971 0.00946777 -0.00114512 CHB EAS
0 NA18616 -0.0142747 -0.0363685 0.00100451 0.0241646 -0.0507782 0.00236306 -0.018782 -5.26435e-05 0.00408033 -0.00564084 CHB EAS
0 NA18617 -0.0142427 -0.0353873 0.00329115 0.0170242 -0.00890098 -0.0051494 -0.0155839 -0.00170982 0.00607821 0.00142856 CHB EAS
0 NA18618 -0.0137445 -0.0313611 0.00218749 0.00717024 0.0067496 -0.00365976 -0.0313529 -0.000300831 0.00901494 0.00754103 CHB EAS
0 NA18619 -0.0138257 -0.0329937 0.00224337 0.0116473 0.000493856 -0.00419159 -0.027794 -0.000149345 0.00513361 0.00102185 CHB EAS
0 NA18620 -0.0138405 -0.0331031 0.00149542 0.0105794 0.00898612 -0.00274788 -0.0261229 0.000907139 0.00476291 -0.000499902 CHB EAS
0 NA18621 -0.0136909 -0.0337106 0.00212341 0.0104564 0.0122115 -0.00358228 -0.0324966 1.41945e-06 0.00280851 0.00083811 CHB EAS
0 NA18622 -0.0141402 -0.034235 0.00396877 0.0126464 0.00957255 -0.00303638 -0.0196075 0.00197845 0.00103081 -0.000138381 CHB EAS
0 NA18623 -0.0135881 -0.0328365 0.00260388 0.00805009 0.0147027 -0.00274559 -0.0311472 0.00274915 0.00323898 0.000456141 CHB EAS
0 NA18624 -0.0140366 -0.0342359 0.00372822 0.0102377 0.0136493 -0.00215796 -0.0202317 0.00139848 0.00636008 0.000984003 CHB EAS
0 NA18625 -0.013331 -0.0344412 0.00153145 0.00768692 0.0179446 -0.00375013 -0.0281689 0.00175168 0.00161719 0.00244013 CHB EAS
0 NA18626 -0.0133813 -0.0336762 0.0028864 0.00899034 0.0181897 -0.00416164 -0.0314043 0.0015234 0.00907754 0.00685671 CHB EAS
0 NA18627 -0.0134444 -0.0349819 0.00682085 0.00807587 0.0194173 -0.00244356 -0.00403054 -0.00133342 0.00394849 0.0016318 CHB EAS
0 NA18628 -0.0144246 -0.0365629 0.00273773 0.0192005 -0.0269242 0.00339513 0.0113511 -0.00311976 -0.000977152 6.42818e-05 CHB EAS
0 NA18629 -0.0135446 -0.0349971 0.00437511 0.0078548 0.0212907 -0.00372389 -0.00848161 3.52653e-05 0.0042414 0.004574 CHB EAS
0 NA18630 -0.0134751 -0.0338729 0.00396317 0.0113398 0.0108906 -0.000739993 0.00566661 -0.000947061 0.00058211 0.00575937 CHB EAS
0 NA18631 -0.0149968 -0.0377616 -0.00265393 0.026491 -0.05887 -2.76517e-05 -0.0315708 -0.00126347 0.00862318 -0.00320644 CHB EAS
0 NA18632 -0.013612 -0.0334117 0.00378319 0.0111222 0.0173218 -0.0021344 0.00369555 0.000289118 0.003955 0.00391866 CHB EAS
0 NA18633 -0.0137197 -0.0343309 0.00262964 0.00944445 0.0157638 -0.00207059 -0.0173287 -0.000450219 0.000994008 -0.000934578 CHB EAS
0 NA18634 -0.0138603 -0.0354619 0.00275404 0.0179774 -0.015531 0.000192386 -0.00556905 0.000170591 0.00336059 -0.000815432 CHB EAS
0 NA18635 -0.0135229 -0.0349872 0.00289605 0.009539 0.0164135 -0.00396118 -0.0303847 0.00195193 0.00612129 0.00233107 CHB EAS
0 NA18636 -0.0132528 -0.0354127 0.00625385 0.0137418 0.0177157 -0.0015329 -3.41116e-05 0.00183646 -0.000250666 -0.00112568 CHB EAS
0 NA18637 -0.0139076 -0.0335245 0.00344769 0.0106976 0.0177781 -0.000956217 -0.00952719 0.00167693 0.000862689 -0.000358731 CHB EAS
0 NA18638 -0.0142471 -0.0348651 0.003092 0.010228 0.00913133 -0.00132644 -0.0113561 0.00237186 0.00251465 -0.000641036 CHB EAS
0 NA18639 -0.0140629 -0.035323 0.00512914 0.0108475 0.0219795 -0.00193609 0.000788344 -0.000192553 -0.000286319 0.00226084 CHB EAS
0 NA18640 -0.0136519 -0.0324569 0.00140399 0.00749022 0.0188261 -0.00487412 -0.0311412 -0.000398442 0.00796038 0.00505426 CHB EAS
0 NA18641 -0.0137595 -0.0348682 0.00468765 0.0105032 0.0213455 -0.0028269 -0.0246877 0.00107359 0.0052769 0.0030628 CHB EAS
0 NA18642 -0.0135516 -0.0319098 0.00385046 0.00700645 0.0188612 -0.00528006 -0.02416 0.000247062 0.00451271 0.001444 CHB EAS
0 NA18643 -0.013989 -0.0347863 0.00332588 0.00851308 0.019522 -0.00294025 -0.0243244 -0.00104612 0.00475335 0.00500648 CHB EAS
0 NA18644 -0.0136824 -0.0346412 0.00443116 0.00817112 0.0192214 -0.00121104 -0.0207532 0.000266769 0.00419206 0.00414353 CHB EAS
0 NA18645 -0.0135871 -0.0348325 0.00472452 0.00874274 0.0224778 -0.00202121 -0.00830445 -2.1277e-05 0.00181918 0.00194576 CHB EAS
0 NA18646 -0.0137092 -0.0349742 0.00416749 0.0090829 0.0205244 -0.00408486 -0.0204075 0.00069073 0.00279473 0.00029425 CHB EAS
0 NA18647 -0.0139058 -0.0335256 0.0041371 0.00866338 0.0197327 -0.00300054 -0.0210393 -0.00115987 0.00607614 0.00393049 CHB EAS
0 NA18648 -0.0134561 -0.0338117 0.00419943 0.00807506 0.0185114 -0.00198032 -0.0197936 -0.00109796 0.00587222 0.00172758 CHB EAS
0 NA18740 -0.0138385 -0.0355757 0.00565118 0.010621 0.0214105 -0.00333827 -0.00145438 0.000654831 0.00155619 0.00188004 CHB EAS
0 NA18745 -0.0139858 -0.0345719 0.00317345 0.00864529 0.0185224 -0.00544057 -0.0281433 0.000441452 0.0105648 0.000291145 CHB EAS
0 NA18747 -0.0141319 -0.0353785 0.0035356 0.00915476 0.0212732 -0.00298782 -0.0162151 -0.000358456 0.00650898 0.00230752 CHB EAS
0 NA18748 -0.0132279 -0.0353554 0.00424487 0.00888434 0.0205649 -0.00246714 -0.0108095 -0.00270199 -0.00107951 0.00345975 CHB EAS
0 NA18749 -0.0140184 -0.0347932 0.00359242 0.0100949 0.0211601 -0.00346984 -0.0224722 0.00109907 0.00671421 0.00278699 CHB EAS
0 NA18757 -0.0140927 -0.0348499 0.00314054 0.00890714 0.0211181 -0.00190064 -0.0263318 0.00227336 0.00456845 0.00167756 CHB EAS
0 NA18853 0.0348844 -0.00348208 -0.00209682 0.00387124 -0.0169485 -0.0134503 -0.00951624 0.040476 0.0146131 -0.0111372 YRI AFR
0 NA18856 0.0356893 -0.00268811 -0.000463768 0.00180463 -0.00630878 -0.0083657 -0.00121099 0.0508975 0.0135948 -0.0275957 YRI AFR
0 NA18858 0.0349145 -0.00292115 -0.000332405 0.000286358 0.00205358 -0.00879183 0.00808059 0.0443402 0.0116976 -0.0202968 YRI AFR
0 NA18861 0.0351112 -0.00236726 -0.000600265 0.00140919 0.00195223 -0.00945713 0.00743554 0.0362644 0.0101571 -0.0316254 YRI AFR
0 NA18864 0.035402 -0.00212693 0.00131635 -0.00171655 0.00281347 -0.00975558 0.00604081 0.0238958 0.0110186 -0.016021 YRI AFR
0 NA18865 0.035426 -0.00227259 -0.000288089 -0.000251675 0.00283964 -0.0110031 0.000411612 0.028526 0.00944306 -0.024643 YRI AFR
0 NA18867 0.0347612 -0.00320845 -0.0014113 0.00458186 -0.0194828 -0.016513 -0.0161591 0.0516753 0.0195555 -0.0070795 YRI AFR
0 NA18868 0.0356761 -0.00402318 -0.00341231 0.0101008 -0.0494046 -0.00591202 -0.0234981 0.0404945 0.0238262 -0.0284946 YRI AFR
0 NA18870 0.0362828 -0.00285763 -0.000635458 0.00120152 -0.000872816 -0.0228595 0.00363371 0.0406586 0.00917383 -0.00214408 YRI AFR
0 NA18871 0.0359132 -0.0029874 -0.00227328 0.00546057 -0.0229397 -0.0117826 -0.00564653 0.0398414 0.0139419 -0.01217 YRI AFR
0 NA18873 0.0356947 -0.0025236 -0.000720304 0.00368007 -0.0112549 -0.010549 -0.0143514 0.0284008 0.0125471 -0.019156 YRI AFR
0 NA18874 0.0356521 -0.00295052 -0.00182666 0.00429096 -0.014939 -0.0179827 -0.00957452 0.0228643 0.00852133 -0.0164283 YRI AFR
0 NA18876 0.0356574 -0.00289205 0.00023356 0.000463372 0.00358748 -0.0131981 0.00150277 0.0278531 0.0103602 -0.0319308 YRI AFR
0 NA18877 0.0353218 -0.00199445 -0.000423031 -0.00131128 0.00396124 0.0125326 0.00188326 0.03067 0.0140087 -0.017755 YRI AFR
0 NA18878 0.0344588 -0.00282241 -0.000233361 -0.00136647 0.00216407 -0.0036711 0.00261296 0.0385749 0.0136956 -0.00383669 YRI AFR
0 NA18879 0.03528 -0.0019527 0.000586619 -0.000175726 0.00304506 -0.0130839 0.00563118 0.0327838 0.0150088 -0.0100194 YRI AFR
0 NA18881 0.0348547 -0.00167173 -0.000628087 0.000582888 0.00397479 -0.00524893 0.0028182 0.0334618 0.00764896 0.0162668 YRI AFR
0 NA18907 0.0362668 -0.00249523 0.000175819 0.00133764 0.00158288 -0.0214555 0.0049083 0.0404512 0.00778732 -0.0266465 YRI AFR
0 NA18908 0.0348409 -0.00283033 -0.0014331 0.00333047 -0.0118854 -0.0232721 -0.00886432 0.0412979 0.0153773 -0.0314752 YRI AFR
0 NA18909 0.0355857 -0.00257932 -0.00086811 -0.000304446 0.00238161 -0.0124441 0.00602022 0.0513161 0.0191364 -0.013826 YRI AFR
0 NA18910 0.0358122 -0.00285382 -0.00267763 0.00339327 -0.013064 -0.0124403 -0.00928315 0.0430032 0.0165375 -0.0249296 YRI AFR
0 NA18912 0.0349798 -0.00326103 -0.00205257 0.00406735 -0.0151517 -0.0115242 0.00448045 0.0301575 0.00206127 -0.00923452 YRI AFR
0 NA18915 0.0360511 -0.00242188 -0.000964971 -0.000426051 0.00338322 -0.0119957 0.00815046 0.0388294 0.0161208 -0.038714 YRI AFR
0 NA18916 0.0357114 -0.00247218 -0.000410061 -0.000279888 0.00190613 -0.00589419 0.00487113 0.0313634 0.00547954 0.0176247 YRI AFR
0 NA18917 0.035763 -0.00296389 -0.00122729 0.000916938 -0.00225487 -0.0169382 0.00585001 0.0437529 0.0145003 0.0088003 YRI AFR
0 NA18923 0.0362217 -0.00252632 -0.000174664 0.000759042 -0.000343075 -0.0228399 0.00786823 0.0557849 0.0211454 -0.00726174 YRI AFR
0 NA18924 0.035323 -0.0020963 -0.00068419 0.0001322 0.00262039 -0.0268482 0.00847883 0.0306651 0.0161989 -0.0227542 YRI AFR
0 NA18933 0.0358924 -0.00284991 -0.000193466 0.000172397 0.00204163 -0.0137332 0.00623498 0.0325796 0.00890889 -0.0152394 YRI AFR
0 NA18934 0.0344882 -0.00216255 -0.000633638 0.00012246 0.00219424 -0.00378752 0.00092306 0.0332953 0.011364 0.0235035 YRI AFR
0 NA18939 -0.0142618 -0.0333953 0.00228933 0.00816121 0.017529 -0.00633924 -0.054083 0.000931803 0.00811236 0.00260233 JPT EAS
0 NA18940 -0.0135259 -0.0330165 0.00118202 0.0075496 0.0126217 -0.00556807 -0.0640639 0.00337009 0.0128742 0.00407164 JPT EAS
0 NA18941 -0.0139551 -0.0325662 0.00295896 0.00502702 0.0148422 -0.00522973 -0.0632437 -0.000375609 0.0120125 0.00157532 JPT EAS
0 NA18942 -0.0133894 -0.0325553 0.00449656 0.00846908 0.00376701 -0.00902458 -0.0686563 0.000693734 0.0132997 0.00675628 JPT EAS
0 NA18943 -0.0136081 -0.0328088 0.00163983 0.00712459 0.0145894 -0.00489106 -0.0424869 0.00104196 0.010315 0.00447398 JPT EAS
0 NA18944 -0.013663 -0.03157 0.0031198 0.00584505 0.0132663 -0.00451607 -0.0515657 0.00433369 0.00623712 0.00546297 JPT EAS
0 NA18945 -0.0136289 -0.0331096 0.00255504 0.00828377 0.00715328 -0.00889708 -0.0739209 0.000689578 0.0136433 0.00273495 JPT EAS
0 NA18946 -0.013695 -0.0330343 0.00103056 0.0055191 0.0154185 -0.00763824 -0.0684093 0.00306111 0.0117239 0.00289733 JPT EAS
0 NA18947 -0.0136225 -0.0331055 0.0016699 0.00634715 0.0144245 -0.00619545 -0.0595372 0.0036824 0.00828653 0.00158433 JPT EAS
0 NA18948 -0.013578 -0.0314129 6.78515e-05 0.00350922 0.0120655 -0.00608946 -0.0545822 0.00398998 0.00844522 0.00711235 JPT EAS
0 NA18949 -0.0131075 -0.0322627 0.00226237 0.00645917 0.0132729 -0.009343 -0.0576014 0.00220101 0.00753801 0.002138 JPT EAS
0 NA18950 -0.0148551 -0.0372974 -0.00400067 0.0254155 -0.0660631 -0.00800655 -0.0968557 -0.00150921 0.0186043 -0.00364861 JPT EAS
0 NA18951 -0.0138753 -0.0345925 0.00191664 0.00934209 0.0149212 -0.00510594 -0.0498266 0.00197069 0.00531041 0.00239006 JPT EAS
0 NA18952 -0.0136644 -0.0326118 0.00181522 0.0078242 0.0147254 -0.00398247 -0.0422145 4.81817e-05 0.00761003 0.00299348 JPT EAS
0 NA18953 -0.0143671 -0.0346904 -0.00116915 0.0128783 -0.0080275 -0.00794843 -0.0743981 0.00417934 0.00932989 -0.00587236 JPT EAS
0 NA18954 -0.0139382 -0.0317169 0.00288933 0.00792424 0.0178779 -0.00674577 -0.0457091 8.89325e-05 0.00939434 0.00318033 JPT EAS
0 NA18956 -0.0134098 -0.0329453 0.000710365 0.00436678 0.015495 -0.00656976 -0.0605259 0.00283276 0.00879094 0.00465523 JPT EAS
0 NA18957 -0.0139166 -0.0324594 0.000842878 0.00467639 0.0157379 -0.00518733 -0.0621027 0.00101886 0.0112361 0.00432144 JPT EAS
0 NA18959 -0.01347 -0.0335916 0.00174285 0.00772427 0.0114289 -0.00625741 -0.0535028 0.00302036 0.00856805 -0.00242413 JPT EAS
0 NA18960 -0.0135883 -0.0327414 0.00287328 0.00724768 0.0115292 -0.00546324 -0.0524439 0.00304335 0.0111481 -0.00237865 JPT EAS
0 NA18961 -0.0136556 -0.0345674 -0.00155132 0.012501 -0.0166351 -0.00777799 -0.0835706 0.000161117 0.0155989 -0.00362236 JPT EAS
0 NA18962 -0.0129479 -0.0311203 0.00331486 0.00407208 0.0159814 -0.00570229 -0.0404809 0.00125278 0.00342558 0.00476959 JPT EAS
0 NA18963 -0.0140366 -0.0329381 0.00212043 0.0105521 -0.00933174 -0.00601968 -0.0591024 -0.00101302 0.011174 0.00772269 JPT EAS
0 NA18964 -0.0133361 -0.0325957 0.00181237 0.0114312 -0.00602257 -0.00825694 -0.0655367 0.00151467 0.0100909 -0.00615616 JPT EAS
0 NA18965 -0.0135491 -0.0333599 0.00290597 0.00664672 0.0141213 -0.00594418 -0.050583 0.000426972 0.0100866 0.00614551 JPT EAS
0 NA18966 -0.0137875 -0.0334219 0.00276943 0.00804872 0.0167914 -0.00881629 -0.0626849 0.00244155 0.0109642 0.00754685 JPT EAS
0 NA18967 -0.0133061 -0.0327473 0.00189614 0.00565142 0.0156702 -0.00729133 -0.0631676 0.000812895 0.00980316 0.00566598 JPT EAS
0 NA18968 -0.0135904 -0.0326774 0.00206224 0.00550091 0.0155088 -0.0096616 -0.0652431 0.00176377 0.0111584 0.00716027 JPT EAS
0 NA18969 -0.0140838 -0.0333606 -0.000682445 0.00994643 -0.0112822 -0.00045913 -0.0538382 0.00248398 0.0130617 0.00917813 JPT EAS
0 NA18970 -0.0138711 -0.033005 -0.00405948 0.0158518 -0.0445536 0.00128218 -0.0552071 0.00123602 0.00932355 0.0126282 JPT EAS
0 NA18971 -0.0134126 -0.033853 0.00131633 0.00726395 0.0171659 -0.00694415 -0.0456093 0.00267994 0.00886218 0.00317265 JPT EAS
0 NA18972 -0.01303 -0.0335259 0.00226436 0.00724026 0.0163178 -0.00783236 -0.0484672 0.000465289 0.00815391 0.00530735 JPT EAS
0 NA18973 -0.0133304 -0.0319616 0.0023462 0.00512311 0.0133896 -0.00734731 -0.0639123 0.00154251 0.00897036 0.00769178 JPT EAS
0 NA18974 -0.0138419 -0.0344071 0.00207149 0.00754356 0.0162281 -0.00862982 -0.0581835 -0.000875015 0.0128626 0.00440744 JPT EAS
0 NA18975 -0.0135918 -0.0325826 0.00234005 0.00542649 0.0172143 -0.00534763 -0.050865 0.00312599 0.0083778 0.00598764 JPT EAS
0 NA18976 -0.0140293 -0.0345098 0.000787949 0.00498706 0.0173935 -0.00749131 -0.0470069 0.00339271 0.00753451 0.00357027 JPT EAS
0 NA18977 -0.0137891 -0.0323832 -0.00239622 0.0105791 -0.0302716 -0.0072693 -0.0799097 -0.00137423 0.0152545 0.0015693 JPT EAS
0 NA18978 -0.0132829 -0.0316466 0.00175399 0.00438526 0.0147186 -0.00946066 -0.0692641 0.00259974 0.0103218 0.00738351 JPT EAS
0 NA18979 -0.0136777 -0.0324607 0.00160593 0.00651297 0.0176607 -0.00671554 -0.0448001 0.00033061 0.00920341 0.00386334 JPT EAS
0 NA18980 -0.013689 -0.0317063 0.00257307 0.00461209 0.0159326 -0.00634025 -0.0539982 0.000781824 0.0110256 0.00392393 JPT EAS
0 NA18981 -0.0134011 -0.0329215 0.0013732 0.00554735 0.0159794 -0.00714786 -0.0552337 0.00229605 0.00974243 0.00323717 JPT EAS
0 NA18982 -0.0141166 -0.0335816 -0.00140932 0.0204677 -0.0517757 -0.00926328 -0.0940228 -0.0007149 0.0196773 -0.00609791 JPT EAS
0 NA18983 -0.013922 -0.0348035 -0.00179151 0.0202234 -0.0573178 -0.00865492 -0.0972278 -0.000423177 0.0140163 -0.00232793 JPT EAS
0 NA18984 -0.0136555 -0.0328166 0.0018267 0.0119046 -0.0216396 -0.00799984 -0.0871491 0.000999165 0.0172037 -0.00112711 JPT EAS
0 NA18985 -0.0134986 -0.0331446 0.00131113 0.00978359 -0.00158685 -0.00847897 -0.063378 0.000968108 0.00977659 -0.00498215 JPT EAS
0 NA18986 -0.0137791 -0.0348589 -0.00310252 0.0210891 -0.0572323 -0.0106071 -0.10967 -0.00171905 0.0230435 -0.00109085 JPT EAS
0 NA18987 -0.0143599 -0.0352429 -0.00175357 0.0179965 -0.0357302 -0.00292554 -0.0652974 -0.0022108 0.015204 0.00509912 JPT EAS
0 NA18988 -0.0146161 -0.0349512 -0.00413355 0.022389 -0.0720844 -0.00698535 -0.112696 -0.000970966 0.0218425 0.00160104 JPT EAS
0 NA18989 -0.014566 -0.0351331 -0.00265261 0.0208065 -0.0591315 -0.00798064 -0.110216 -0.0018079 0.0230013 -0.00937038 JPT EAS
0 NA18990 -0.0134744 -0.0325207 0.00119365 0.00680393 0.00255176 -0.00813608 -0.061583 0.000240238 0.0127799 0.00612464 JPT EAS
0 NA18991 -0.0131765 -0.0313852 0.00167904 0.0047073 0.0160579 -0.00335666 -0.0502736 0.000172463 0.0139979 0.00789731 JPT EAS
0 NA18992 -0.0137606 -0.0331744 0.00256449 0.00612228 0.0171446 -0.00539015 -0.0559595 0.00071437 0.0140482 0.00649557 JPT EAS
0 NA18993 -0.013606 -0.0330129 0.00230464 0.00741882 0.0173896 -0.00721649 -0.0593902 0.00112842 0.0118516 0.00421788 JPT EAS
0 NA18994 -0.0132242 -0.0318345 0.00180433 0.00444455 0.0151152 -0.00548807 -0.059178 0.00204289 0.0088744 0.00811267 JPT EAS
0 NA18995 -0.0133678 -0.0322526 0.00189752 0.00409704 0.0165004 -0.0069665 -0.0486414 0.000888219 0.00916763 0.00179279 JPT EAS
0 NA18997 -0.0136204 -0.0328186 0.00188324 0.00664219 0.0153968 -0.00642786 -0.062779 0.00134825 0.011698 0.00513815 JPT EAS
0 NA18998 -0.0130441 -0.0320267 0.00169291 0.00565212 0.016135 -0.00815662 -0.0616535 0.00068147 0.00857695 0.00478038 JPT EAS
0 NA18999 -0.0135319 -0.0317306 -0.00033493 0.01021 -0.0116898 -0.00940917 -0.071435 0.00380526 0.00946297 -0.0044695 JPT EAS
0 NA19000 -0.014035 -0.0340958 0.000834818 0.0192112 -0.0488583 -0.00522125 -0.0862473 0.000534504 0.0162544 -0.0021804 JPT EAS
0 NA19001 -0.013506 -0.032858 0.000862349 0.00454154 0.0165976 -0.00501739 -0.0500845 0.000551649 0.0104403 0.00680386 JPT EAS
0 NA19002 -0.0142379 -0.0335695 0.000189287 0.0185294 -0.0477118 -0.0056343 -0.081131 -0.00519401 0.0179708 0.004849 JPT EAS
0 NA19003 -0.0136017 -0.0335738 0.000438133 0.0105878 0.00108362 -0.00628685 -0.0691886 0.00221513 0.0137473 4.03853e-05 JPT EAS
0 NA19004 -0.0140437 -0.0347066 -0.000783215 0.0164973 -0.0296352 -0.00885856 -0.0853528 -4.75357e-05 0.0141394 -0.00464235 JPT EAS
0 NA19005 -0.0138361 -0.034296 -0.00046197 0.0156993 -0.0358967 -0.00933654 -0.0766891 -0.00470945 0.0170387 0.00348227 JPT EAS
0 NA19006 -0.0136088 -0.0334968 0.00246887 0.00630135 0.0174797 -0.00603435 -0.0461835 0.000546053 0.00948544 0.00326228 JPT EAS
0 NA19007 -0.0137541 -0.0333927 0.00147206 0.00902921 -0.00290616 -0.010658 -0.0692187 0.00249067 0.00840097 -0.00670347 JPT EAS
0 NA19009 -0.0140601 -0.0337168 -0.000272908 0.0185806 -0.0468625 -0.00648186 -0.0859358 -0.00164822 0.0120632 0.00531792 JPT EAS
0 NA19010 -0.0141386 -0.0355072 -0.00315445 0.0219058 -0.0494024 -0.00150562 -0.0726312 -0.00114925 0.0105879 0.00811124 JPT EAS
0 NA19011 -0.0132635 -0.0315709 0.000982849 0.0027446 0.0132981 -0.00759094 -0.0634553 0.00203479 0.009175 0.00643993 JPT EAS
0 NA19012 -0.0144404 -0.0353048 -0.00170247 0.0187591 -0.0465714 -0.00843543 -0.0929302 -0.00130119 0.0179005 -0.00404281 JPT EAS
0 NA19017 0.0333198 -0.00156829 -3.28033e-05 -0.000130921 -6.28359e-05 -0.0759705 0.0101376 -0.0642082 -0.0180393 0.0244333 LWK AFR
0 NA19019 0.0340206 -0.00237745 0.00120016 -0.000683666 0.000571615 -0.05493 0.00630927 -0.0498363 -0.022908 0.0122468 LWK AFR
0 NA19020 0.0335738 -0.00124412 0.000500039 -0.00057393 -0.000895479 -0.0509329 0.00553333 -0.0592854 -0.020617 0.0389988 LWK AFR
0 NA19023 0.0315365 -0.000930826 -4.06317e-06 -0.000647006 0.000384553 -0.0414832 0.00376855 -0.047042 -0.0153511 0.000678457 LWK AFR
0 NA19024 0.032909 -0.00185241 0.000449988 -0.000305509 0.000792942 -0.0652561 0.00985022 -0.0754009 -0.0278929 -0.00477241 LWK AFR
0 NA19025 0.032327 -0.0019964 0.000119784 0.000315849 0.000344383 -0.0714387 0.00826074 -0.0661961 -0.0265093 0.00750556 LWK AFR
0 NA19026 0.0338555 -0.00202421 -0.000532835 -6.95121e-05 -0.000868701 -0.0832615 0.00725747 -0.0882878 -0.0280025 -0.0060178 LWK AFR
0 NA19027 0.0327497 -0.00150815 -0.000520567 -0.00070544 0.000198792 -0.0668893 0.0047381 -0.0524772 -0.0232982 0.0027771 LWK AFR
0 NA19028 0.0329842 -0.00214183 0.00117221 -0.00170502 -0.00133325 -0.0674856 0.00241815 -0.0498728 -0.0189697 0.0279043 LWK AFR
0 NA19030 0.0332716 -0.00235777 0.000657932 0.000106701 0.00126322 -0.0566328 0.00727253 -0.0622694 -0.0269549 0.0146598 LWK AFR
0 NA19031 0.0311921 -0.00107205 0.000428548 -0.000261018 0.00131867 -0.0649947 0.00440488 -0.0687137 -0.0239949 0.000344966 LWK AFR
0 NA19035 0.032384 -0.00176316 0.00126683 -0.00140619 1.69018e-05 -0.054002 0.00473441 -0.0508713 -0.0196465 0.00609743 LWK AFR
0 NA19036 0.032681 -0.00132948 0.000787243 -0.00120651 -0.000163672 -0.0732719 0.00885149 -0.0458221 -0.0185809 -0.00214439 LWK AFR
0 NA19037 0.0331719 -0.00161973 0.000330405 0.000699517 -0.00100094 -0.0642443 0.00597969 -0.0662522 -0.0239838 0.0107736 LWK AFR
0 NA19038 0.031195 -0.000448818 0.0014018 0.000145719 -0.000309004 -0.0646095 0.00278654 -0.0430205 -0.0151713 -0.00645658 LWK AFR
0 NA19041 0.0319304 -0.00138373 0.00104305 -0.0013189 0.000371915 -0.0631379 0.00782807 -0.0659173 -0.0283701 -0.0128822 LWK AFR
0 NA19042 0.0312103 -0.000928297 0.00105692 -0.000510784 0.000113447 -0.0636296 0.00611612 -0.0535542 -0.0132302 -0.0119107 LWK AFR
0 NA19043 0.0324936 -0.0021008 0.00099848 -0.000935219 0.00122649 -0.0561428 0.00878199 -0.0438442 -0.0208997 0.0113474 LWK AFR
0 NA19054 -0.0139075 -0.0340827 -0.00276349 0.0210201 -0.0578478 -0.0033701 -0.0821646 0.000285399 0.0131708 0.000995438 JPT EAS
0 NA19055 -0.013801 -0.0335395 -0.000733954 0.0122414 -0.0109413 -0.0078755 -0.0711658 0.00172039 0.0123581 -0.00223955 JPT EAS
0 NA19056 -0.0138568 -0.0323292 -0.000166309 0.00860553 -0.00895948 -0.00869053 -0.0773793 0.00219526 0.0139417 -0.00180664 JPT EAS
0 NA19057 -0.0138419 -0.0340336 -0.00148902 0.0160804 -0.0238359 -0.00711337 -0.0736128 0.00322156 0.00953086 -0.00472167 JPT EAS
0 NA19058 -0.0138477 -0.0344961 -0.0032138 0.0193293 -0.046915 -0.00899204 -0.0995028 0.000647623 0.0164268 -0.000237142 JPT EAS
0 NA19059 -0.0136772 -0.0334999 -0.000890419 0.0146773 -0.0261985 -0.00785695 -0.0804923 0.0012241 0.0154161 -0.00464394 JPT EAS
0 NA19060 -0.0132849 -0.0315189 0.000422486 0.00667057 -0.0018991 -0.00821787 -0.0575881 0.00143286 0.00665898 -0.00347694 JPT EAS
0 NA19062 -0.0136657 -0.0356893 -0.00106212 0.0150057 -0.0170125 -0.004963 -0.0636409 0.00350726 0.0117873 -0.00291057 JPT EAS
0 NA19063 -0.0137512 -0.0333359 -0.00223607 0.0118094 -0.0187432 -0.00665219 -0.0789904 0.00219132 0.0114165 -0.000264676 JPT EAS
0 NA19064 -0.0140082 -0.0354622 -0.00295308 0.0232404 -0.0683381 -0.00858263 -0.100012 -0.000386291 0.0192114 -0.0055082 JPT EAS
0 NA19065 -0.0143379 -0.0353134 -0.00277716 0.0213004 -0.0612311 -0.00937171 -0.102263 -0.00226525 0.0200965 -0.00559825 JPT EAS
0 NA19066 -0.0140849 -0.0350718 -0.00326298 0.0232574 -0.0641022 -0.0074014 -0.10039 -0.00307982 0.0216124 -0.00197648 JPT EAS
0 NA19067 -0.0144144 -0.0342011 -0.000789809 0.0161737 -0.0332406 -0.00605744 -0.0681097 0.00119367 0.0126682 -0.00520132 JPT EAS
0 NA19068 -0.0148174 -0.0349449 -0.00344795 0.0213565 -0.063623 -0.00714871 -0.0990543 -0.00126879 0.0202632 -0.00402788 JPT EAS
0 NA19070 -0.014044 -0.0344244 0.000629714 0.0113393 -0.00781855 -0.0114599 -0.0824593 0.00429907 0.0103696 -0.00347356 JPT EAS
0 NA19072 -0.0135922 -0.0341732 -0.000405816 0.00567689 0.0103621 -0.00640062 -0.0589438 -0.00181434 0.0107647 0.00342659 JPT EAS
0 NA19074 -0.0135104 -0.033276 0.00104032 0.00711106 0.00488736 -0.00475814 -0.0539456 0.00173675 0.00705603 0.00364287 JPT EAS
0 NA19075 -0.0134988 -0.0323821 0.000433294 0.00820464 0.000727295 -0.00508261 -0.0550235 -0.00123191 0.0100534 0.00608472 JPT EAS
0 NA19076 -0.0142702 -0.0325336 0.00103132 0.00956355 -0.00772182 -0.003413 -0.0579122 0.00359444 0.00847843 0.00797905 JPT EAS
0 NA19077 -0.0133056 -0.0320408 0.00384818 0.00741124 0.00474847 -0.00599648 -0.0509587 -0.00225204 0.00722275 0.00316455 JPT EAS
0 NA19078 -0.0138235 -0.0334264 0.00228563 0.0086165 0.00471411 -0.00702503 -0.0629423 0.000672939 0.009511 0.00486516 JPT EAS
0 NA19079 -0.0136908 -0.0339343 0.000942787 0.0108586 -0.00816748 -0.00571548 -0.0603634 -0.000993387 0.0119169 0.00261954 JPT EAS
0 NA19080 -0.0140469 -0.0331125 -0.00353168 0.0164713 -0.056943 0.000101049 -0.0496872 -0.00196042 0.00668718 0.00976845 JPT EAS
0 NA19081 -0.0137984 -0.0328989 0.00171794 0.00879541 -0.00167513 -0.00683403 -0.0459814 -0.000826871 0.0117132 0.00651974 JPT EAS
0 NA19082 -0.0139305 -0.0329429 -0.000181933 0.00551413 0.0143883 -0.0074738 -0.0517018 0.00296454 0.00941995 0.0069148 JPT EAS
0 NA19083 -0.0140287 -0.0345522 -0.00419705 0.0199273 -0.0615557 -0.00264353 -0.0764428 -0.00288884 0.0162487 0.00460876 JPT EAS
0 NA19084 -0.0139027 -0.0341421 -0.00134418 0.017614 -0.0506453 -0.00534358 -0.0739385 -0.00241796 0.0102943 0.00362051 JPT EAS
0 NA19085 -0.0137541 -0.0337328 -0.000153917 0.0125329 -0.00994054 -0.00348481 -0.0516421 0.00205871 0.00842317 0.00645987 JPT EAS
0 NA19086 -0.0133772 -0.0332714 0.00147078 0.00654909 0.0154954 -0.0086745 -0.0588698 0.0023669 0.00914643 0.00517899 JPT EAS
0 NA19087 -0.0147675 -0.0358658 -0.0044449 0.0241475 -0.07445 -0.00416643 -0.0805855 -0.00171263 0.014798 0.00458351 JPT EAS
0 NA19088 -0.0144865 -0.0344401 -0.00411247 0.0220034 -0.0641984 -0.00176328 -0.0872865 0.000166488 0.00675448 0.000364812 JPT EAS
0 NA19089 -0.0138883 -0.0322035 -0.00122106 0.00482108 0.0168646 -0.00740885 -0.0600046 0.00249412 0.00932313 0.00762266 JPT EAS
0 NA19090 -0.0139344 -0.0339558 0.00389629 0.0062053 0.0153868 -0.00595836 -0.0559967 0.00435076 0.0108644 0.0064509 JPT EAS
0 NA19091 -0.0137114 -0.0335297 0.00191632 0.00736208 0.0147968 -0.00590693 -0.0646207 0.00193726 0.0136464 0.00505205 JPT EAS
0 NA19092 0.0347289 -0.00349817 -0.00425912 0.0114284 -0.0532538 0.00837477 0.00557759 0.0242413 0.00730537 -0.0320077 YRI AFR
0 NA19093 0.0347609 -0.00285034 -0.000297724 0.00179438 -8.10133e-05 -0.0100223 0.00354898 0.0397476 0.00990117 -0.00501085 YRI AFR
0 NA19095 0.0355422 -0.00266256 -0.000234356 -0.000594009 0.00344117 -0.0110016 0.00356895 0.032197 0.0125044 0.0141674 YRI AFR
0 NA19096 0.0351693 -0.00229337 -0.00038051 -0.00103567 0.00286692 -0.00918853 0.00278971 0.0250968 0.00749442 -0.00448155 YRI AFR
0 NA19098 0.0358902 -0.0021869 -2.11968e-05 -0.000664459 0.00217309 -0.0183194 0.00625319 0.0367951 0.0090046 0.0039217 YRI AFR
0 NA19099 0.0350754 -0.0027967 -0.000811451 -0.000879551 0.00455625 -0.00962846 0.00311934 0.0313029 0.0131816 -0.00932725 YRI AFR
0 NA19102 0.0344002 -0.00209647 -0.000885716 0.000736946 -0.00122386 -0.0122805 0.00281298 0.0182138 0.00717537 -0.00749855 YRI AFR
0 NA19107 0.0352022 -0.00265985 -0.000933822 0.000918157 0.00242232 -0.00867032 0.00082127 0.0415581 0.0129044 -0.0373611 YRI AFR
0 NA19108 0.0359235 -0.00190849 0.000128429 -5.69517e-05 0.00215769 -0.00638708 0.00290875 0.0430283 0.0112394 0.00191674 YRI AFR
0 NA19113 0.0362366 -0.00244063 -0.000660173 -0.000332148 0.00332927 -0.011196 0.00315626 0.0281524 0.0111353 -0.0201196 YRI AFR
0 NA19114 0.0346761 -0.00242429 -9.52438e-05 0.000350857 0.00298532 -0.0107009 0.00516223 0.0416911 0.0125585 -0.0153371 YRI AFR
0 NA19116 0.0359649 -0.00317653 -0.000852319 0.00245815 -0.00914665 -0.0172923 0.00143015 0.0501236 0.0102231 -0.00927832 YRI AFR
0 NA19117 0.0354398 -0.00267444 8.02927e-05 -0.000721306 0.00300272 -0.0130338 0.00388116 0.0377782 0.00853384 -0.0448402 YRI AFR
0 NA19118 0.0354315 -0.00236111 -0.000219411 -0.0010451 0.00271651 -0.0138823 0.00281239 0.0373336 0.0110666 -0.00577659 YRI AFR
0 NA19119 0.0350827 -0.00233602 -0.000247247 0.000496677 0.00310415 -0.0140772 0.0066768 0.0408706 0.0172381 -0.0154814 YRI AFR
0 NA19121 0.0352288 -0.00287496 -0.00129717 0.000187534 0.0048784 -0.0133627 0.00314638 0.0298274 0.0157385 0.0194418 YRI AFR
0 NA19129 0.0354377 -0.00191831 0.000565513 -0.000638766 0.000931793 0.0063567 0.000729824 0.0376497 0.0114514 0.0128151 YRI AFR
0 NA19130 0.0345731 -0.00246067 -0.000630058 0.00293372 -0.0108222 -0.0128556 -0.00891017 0.0269871 0.0120989 -0.0218837 YRI AFR
0 NA19131 0.035382 -0.00207613 0.000253581 -0.00100692 0.00282632 -0.0182194 0.00454294 0.0213215 0.00375374 0.0130651 YRI AFR
0 NA19137 0.0346694 -0.00258283 -0.000232222 0.000604538 0.0040578 -0.0125182 0.00426432 0.0396636 0.0112364 -0.0201984 YRI AFR
0 NA19138 0.0359038 -0.00229818 -0.000215724 -0.000367606 0.00325326 -0.0142006 0.00800722 0.0257124 0.00883437 -0.0171179 YRI AFR
0 NA19141 0.0358033 -0.00360478 -0.00209271 0.00597571 -0.029026 -0.00488955 0.00793621 0.0444888 0.0127789 0.013021 YRI AFR
0 NA19143 0.0349002 -0.00344497 -0.00192269 0.00509417 -0.0244957 -0.00280474 0.0110843 0.0403777 0.0116989 -0.0304416 YRI AFR
0 NA19144 0.035009 -0.00248023 -0.000538678 0.000233313 0.00339913 -0.00620099 0.00285125 0.0300899 0.00836623 -0.0221007 YRI AFR
0 NA19146 0.0352254 -0.00246477 0.000882655 -0.001436 0.00381265 -0.0110395 0.00573819 0.0248247 0.00650562 -0.00789803 YRI AFR
0 NA19147 0.0352365 -0.00222228 -0.000308468 0.00102482 0.00245475 -0.0093184 0.00258147 0.0304114 0.00581123 -0.0213202 YRI AFR
0 NA19149 0.0351468 -0.00235443 -0.00050411 -0.000579595 0.00311713 -0.0110414 0.00259322 0.0406134 0.0105845 0.0142051 YRI AFR
0 NA19152 0.0360301 -0.00282805 -0.000160965 5.9934e-05 0.00277947 -0.0231217 0.00717891 0.0216235 0.00921042 -0.024385 YRI AFR
0 NA19153 0.0354578 -0.00237724 -0.000170128 0.00075307 0.00416662 -0.00296345 0.00578071 0.0392188 0.0130713 0.00793035 YRI AFR
0 NA19159 0.0354834 -0.00258407 -0.000869929 0.000735625 0.00326341 -0.0154118 0.00508601 0.0364245 0.0149675 0.0282922 YRI AFR
0 NA19160 0.0346684 -0.00272536 -0.0038195 0.00803413 -0.0450618 -0.00534165 0.0216124 0.0426356 0.00867995 -0.015726 YRI AFR
0 NA19171 0.0353875 -0.00195299 -0.000806555 -0.000314432 0.00408997 -0.00331044 0.00516967 0.0331735 0.0192338 -0.0142827 YRI AFR
0 NA19172 0.03618 -0.0029116 -0.00141301 0.00401011 -0.0116459 -0.0239221 -0.00387953 0.0447633 0.0159046 -0.039492 YRI AFR
0 NA19175 0.0346294 -0.00274999 0.000215201 0.000211855 0.00292719 -0.0193557 0.00355795 0.0169478 0.00414325 0.000940009 YRI AFR
0 NA19184 0.0353741 -0.00230126 0.000191711 -0.000740778 0.00187789 -0.0172918 0.00342103 0.0409258 0.0157783 -0.013991 YRI AFR
0 NA19185 0.0351838 -0.0024586 -0.00039349 -0.000609778 0.00419644 -0.00941819 0.00231611 0.0221975 0.00549659 -0.00856412 YRI AFR
0 NA19189 0.0347267 -0.00240633 -0.00161554 0.00565828 -0.0251998 -0.0113894 -0.0089556 0.032445 0.0115922 -0.0303161 YRI AFR
0 NA19190 0.0353838 -0.00296043 -6.36111e-06 -0.00019092 0.00169419 -0.00622893 0.00037624 0.0224165 0.00296973 0.0123899 YRI AFR
0 NA19197 0.035759 -0.00246832 -0.00108014 -0.000577525 0.00300511 -0.0147531 0.00614828 0.0404149 0.0108806 0.000398839 YRI AFR
0 NA19198 0.0361571 -0.00229591 -0.00088046 0.000139478 0.00259933 -0.0108638 0.00420545 0.0434299 0.0152878 -0.0295258 YRI AFR
0 NA19200 0.0358519 -0.00302147 -0.0037516 0.00913493 -0.0473863 -0.00315262 0.027233 0.0435137 0.00781462 -0.000670506 YRI AFR
0 NA19201 0.0359203 -0.00235584 2.79715e-05 -0.000778801 0.00176797 -0.017771 0.00746427 0.0397502 0.0138644 -0.0115779 YRI AFR
0 NA19204 0.0353044 -0.00232941 -0.00038233 -0.000407686 0.00392621 -0.0161202 0.00419219 0.0281666 0.0109942 -0.0215714 YRI AFR
0 NA19206 0.0342706 -0.00242405 -0.000834087 0.000393604 0.00343474 -0.0204511 0.00268666 0.04514 0.0185257 -0.00732921 YRI AFR
0 NA19207 0.0341304 -0.00207898 3.87148e-06 -0.000434617 0.00211858 -0.0121834 0.00749225 0.0327928 0.0147973 -0.00809184 YRI AFR
0 NA19209 0.0353734 -0.0030567 -0.000562143 0.00022553 0.00343244 -0.0183021 0.0092102 0.035472 0.0123705 -0.0114924 YRI AFR
0 NA19210 0.0353464 -0.00236619 0.000636186 -0.000643343 0.00387584 -0.000877206 0.00247852 0.0335293 0.00467839 -0.0220462 YRI AFR
0 NA19213 0.0355606 -0.00386825 -0.0018484 0.00563228 -0.0254841 -0.00655383 -0.0192695 0.0383263 0.0134794 -0.0390769 YRI AFR
0 NA19214 0.035202 -0.00302694 0.000409465 -0.00175755 0.00394731 0.00488596 0.00306122 0.0402645 0.0116179 -0.000323781 YRI AFR
0 NA19222 0.0343042 -0.00272134 0.00038923 -3.22472e-05 0.00408017 0.00168916 0.00211145 0.0399141 0.0074541 -0.00244746 YRI AFR
0 NA19223 0.0364042 -0.00277392 0.000234926 -0.000430181 0.00275337 -0.012216 0.00541696 0.0303345 0.00949785 -0.0121072 YRI AFR
0 NA19225 0.0350426 -0.0022765 -0.000932677 0.00116948 0.00186923 -0.0182971 0.0038292 0.0412085 0.0180479 -0.00993212 YRI AFR
0 NA19235 0.0357856 -0.0029624 -0.00140631 0.00468656 -0.0149339 -0.0161399 -0.010575 0.031804 0.00909618 -0.0280291 YRI AFR
0 NA19236 0.035326 -0.00279153 -0.00152655 0.00380542 -0.0215057 -0.01675 -0.00408296 0.0311653 0.00797959 0.0263571 YRI AFR
0 NA19238 0.0348679 -0.00244734 -0.000124585 -0.00130279 0.0030182 -0.010444 0.00478826 0.0405964 0.0160758 -0.0339765 YRI AFR
0 NA19239 0.0357065 -0.0032837 0.000322037 -0.000906163 0.00237985 -0.0151828 0.00465424 0.0299913 0.0137761 -0.0105213 YRI AFR
0 NA19247 0.034513 -0.00270171 -0.00165564 0.00279257 -0.00827177 -0.0178516 -0.0120265 0.0228619 0.0080382 -0.022469 YRI AFR
0 NA19248 0.0351567 -0.00265076 -0.00157128 0.00245003 -0.00935085 0.00998808 -0.00295502 0.033258 0.0139753 -0.00257787 YRI AFR
0 NA19256 0.0353454 -0.00256732 0.000431855 -0.000456742 0.00217838 -0.0111021 0.00639005 0.0301296 0.00545908 -0.0120468 YRI AFR
0 NA19257 0.0352488 -0.00272687 -0.000799535 0.000638336 0.000796926 -0.0146385 0.00121621 0.0174823 0.00236701 -0.00857204 YRI AFR
0 NA19307 0.0336873 -0.00203896 0.000427829 -0.000281385 -0.00154015 -0.0737694 0.00904425 -0.0493149 -0.018102 0.0188244 LWK AFR
0 NA19308 0.0325537 -0.00131935 0.000615346 -0.000624335 0.00196301 -0.0607493 0.00679909 -0.0455244 -0.0129395 0.00811316 LWK AFR
0 NA19309 0.0317741 -0.00158721 -0.000122156 -0.000203874 0.000473542 -0.0700432 0.00843288 -0.0491043 -0.0177778 0.00521925 LWK AFR
0 NA19310 0.0331863 -0.00207387 0.000713378 -0.00218804 0.00037773 -0.0574265 0.00677424 -0.0542654 -0.0189997 0.0029611 LWK AFR
0 NA19312 0.0333255 -0.00268088 -0.000187337 0.00148753 -0.0116808 -0.0646525 -0.000316394 -0.0626017 -0.0219844 -0.00331618 LWK AFR
0 NA19314 0.0319114 -0.00112569 0.001096 0.000350305 0.00163187 -0.0586783 0.00526125 -0.0672191 -0.0224485 0.00409123 LWK AFR
0 NA19315 0.032374 -0.00195087 0.000878986 0.000671259 -0.00107608 -0.0538248 0.000528506 -0.0484799 -0.0216611 0.00324211 LWK AFR
0 NA19316 0.0310111 -0.00158203 0.000846563 -0.000110616 -0.000659984 -0.0655949 0.005858 -0.057136 -0.016343 -0.00449156 LWK AFR
0 NA19317 0.0322949 -0.00116603 0.0011829 -0.000434601 -0.00372359 -0.084023 0.00475604 -0.0731871 -0.0282529 0.00826279 LWK AFR
0 NA19318 0.0319017 -0.00201737 0.0013224 0.000184563 -0.00284016 -0.0787855 0.00617073 -0.0635144 -0.0274645 0.00626585 LWK AFR
0 NA19319 0.0324547 -0.00155697 0.000485454 0.000356258 -0.00228009 -0.066817 0.00320733 -0.0517928 -0.0197894 0.0193527 LWK AFR
0 NA19320 0.0313517 -0.000955995 0.00111331 0.000186545 8.0589e-05 -0.0730823 0.00770909 -0.0579099 -0.0216326 -0.02004 LWK AFR
0 NA19321 0.0331526 -0.00219822 0.000343972 -0.000120602 -0.00209586 -0.0722052 0.0100865 -0.0552751 -0.0210407 -0.00793558 LWK AFR
0 NA19323 0.0312002 -0.00124888 0.000627766 -0.00116939 0.000126491 -0.0625256 0.00948427 -0.0580911 -0.0191635 -0.00969311 LWK AFR
0 NA19324 0.0324724 -0.0014821 0.000258865 0.000416548 -0.00190523 -0.0576398 0.00749538 -0.0492352 -0.0199647 0.0139404 LWK AFR
0 NA19327 0.0290182 -0.00104442 0.00173156 -0.000261521 -0.000394279 -0.0682448 0.0105866 -0.057563 -0.0227653 0.00136087 LWK AFR
0 NA19328 0.0318831 -0.00141536 0.000470939 0.00125076 -0.00102338 -0.0564732 0.00619427 -0.0456768 -0.0159536 0.0489489 LWK AFR
0 NA19331 0.0314955 -0.00133464 0.000495035 0.000132689 -0.0063482 -0.097371 -0.00445171 -0.113996 -0.0402815 -0.236592 LWK AFR
0 NA19332 0.0310215 -0.00196857 -0.000691399 0.00387317 -0.0152019 -0.0639629 -0.00849728 -0.0506802 -0.0174572 -0.0159253 LWK AFR
0 NA19334 0.0315623 -0.00229587 0.000665073 0.00223747 -0.0156432 -0.0955702 -0.00961429 -0.111665 -0.0404169 -0.246483 LWK AFR
0 NA19338 0.0304414 -0.00146839 0.00058381 0.00362155 -0.012222 -0.0565838 0.0032624 -0.0445379 -0.0119877 -0.0180593 LWK AFR
0 NA19346 0.0323755 -0.00227359 -4.7306e-05 0.00473049 -0.0164519 -0.07688 -0.00913295 -0.0531845 -0.0183128 0.0290643 LWK AFR
0 NA19347 0.0305695 -0.0018369 -0.000170088 0.00335237 -0.0194113 -0.0617682 -0.00436103 -0.0559067 -0.0170849 -0.030983 LWK AFR
0 NA19350 0.0323923 -0.00181899 -0.000488956 0.00505965 -0.0264309 -0.0692467 -0.00496698 -0.0538166 -0.0191134 0.0058415 LWK AFR
0 NA19351 0.0317174 -0.00115085 0.000349554 3.31812e-05 -0.000848833 -0.0547076 -3.01699e-05 -0.0517754 -0.0163344 -0.0103013 LWK AFR
0 NA19355 0.0328523 -0.00186711 0.000348075 -0.000252399 -0.000100511 -0.0749406 0.0104403 -0.0694263 -0.0237053 0.0197206 LWK AFR
0 NA19360 0.0318127 -0.00195732 0.000342945 0.000950315 -0.000934215 -0.0634145 0.00513681 -0.0508836 -0.0206752 0.0209305 LWK AFR
0 NA19372 0.0333053 -0.00236296 0.000514607 -0.000602605 -2.65058e-05 -0.0530408 0.00653166 -0.0371331 -0.01493 0.0340664 LWK AFR
0 NA19374 0.0316078 -0.00149436 -3.71699e-05 -0.000282656 -0.00218949 -0.0641151 0.00654874 -0.0607191 -0.0240779 0.0303798 LWK AFR
0 NA19375 0.0330431 -0.00199173 2.71784e-05 -0.000937085 -0.00331516 -0.0832139 0.0100829 -0.0544646 -0.0212717 -0.0118852 LWK AFR
0 NA19376 0.0334174 -0.00190279 0.000410162 -0.000594442 0.000530061 -0.065296 0.00267114 -0.0727396 -0.0298212 0.0077589 LWK AFR
0 NA19377 0.032935 -0.00212936 0.000707874 -0.0014338 0.000337772 -0.0680419 0.00821316 -0.0558263 -0.0236479 -0.0111143 LWK AFR
0 NA19378 0.0319843 -0.00172012 0.000375714 0.000139666 0.00201484 -0.050865 0.00650219 -0.0620711 -0.0191988 0.0118818 LWK AFR
0 NA19379 0.031625 -0.000625376 0.000817795 0.000708459 -0.00190234 -0.0653946 0.0062279 -0.0654085 -0.0255386 -0.00205387 LWK AFR
0 NA19380 0.031611 -0.00129593 0.000813438 0.000424191 -0.00146219 -0.0757518 0.0079283 -0.0505601 -0.0219594 0.0313318 LWK AFR
0 NA19383 0.0324267 -0.00166111 0.000701307 -0.00103748 -0.000569681 -0.0721716 0.00661399 -0.0737414 -0.0287263 -0.0113053 LWK AFR
0 NA19384 0.0318927 -0.00102023 0.000268943 0.0011294 -0.000641977 -0.0647926 0.00812731 -0.0477202 -0.0171502 0.0214596 LWK AFR
0 NA19385 0.0331683 -0.00129372 7.85766e-05 -0.000660888 0.000398324 -0.0783714 0.00938597 -0.0592088 -0.027028 0.0174458 LWK AFR
0 NA19390 0.0328187 -0.00169385 -0.000299526 -0.000643365 0.000907047 -0.0577264 0.00501689 -0.0567936 -0.022948 0.02365 LWK AFR
0 NA19391 0.0340452 -0.00172053 -0.000305857 0.000129542 0.000917375 -0.0617734 0.00640258 -0.0519354 -0.0187002 0.00517238 LWK AFR
0 NA19393 0.0316297 -0.00219759 0.00124146 0.000168418 0.000910909 -0.0582381 0.00904469 -0.0723902 -0.0231751 -0.0108499 LWK AFR
0 NA19394 0.0302355 -0.00029419 0.00145968 -0.00108358 -0.000159463 -0.0589968 0.00694758 -0.0471172 -0.0129978 -0.00998304 LWK AFR
0 NA19395 0.0318553 -0.0019051 0.000942623 -0.000584443 -0.00261781 -0.0635134 0.00144003 -0.0656504 -0.0220303 -0.000788104 LWK AFR
0 NA19397 0.0320879 -0.00101184 0.000897739 0.000304915 -0.00125582 -0.0781108 0.00732504 -0.0662181 -0.020412 -0.0080999 LWK AFR
0 NA19399 0.0327501 -0.00173398 0.00072587 -0.000650177 0.00090154 -0.0511387 0.00350264 -0.0553749 -0.0240315 0.0141942 LWK AFR
0 NA19401 0.0314515 -0.00179846 0.000559811 0.000976455 0.000613536 -0.0597379 0.011205 -0.0547201 -0.0166908 0.0241392 LWK AFR
0 NA19403 0.0324318 -0.00116849 0.000196793 0.00147446 -0.000553916 -0.0512966 0.00465951 -0.038353 -0.0165424 0.0167442 LWK AFR
0 NA19404 0.0312317 -0.0014774 -0.000171698 -0.000682926 -0.00246865 -0.0641968 0.00839984 -0.0655314 -0.0222845 0.0120746 LWK AFR
0 NA19428 0.0345784 -0.00128931 0.000127762 -0.000148543 0.000346633 -0.0694822 0.00673826 -0.0618254 -0.0199959 0.0131097 LWK AFR
0 NA19429 0.0304887 -0.00152591 -0.000730852 0.0046785 -0.0292916 -0.0507277 -0.00241477 -0.0481514 -0.0151023 -0.00790768 LWK AFR
0 NA19430 0.0321442 -0.00290894 -0.00264536 0.00789896 -0.0415348 -0.0708864 0.00438685 -0.0702616 -0.0291023 0.0494643 LWK AFR
0 NA19431 0.0333383 -0.00238341 -0.000407172 0.0037913 -0.0134614 -0.0636758 -0.00447771 -0.0710081 -0.0303627 0.0260241 LWK AFR
0 NA19434 0.0326682 -0.00262306 -0.000264407 0.00371303 -0.0167706 -0.0762221 0.00897449 -0.0613525 -0.0253903 0.0207482 LWK AFR
0 NA19435 0.0299475 -0.00236051 0.000660724 0.00210861 -0.0088223 -0.067126 0.00198915 -0.0523288 -0.0122046 0.0118149 LWK AFR
0 NA19436 0.0314331 -0.00216217 -0.000437602 0.000920675 -0.00902463 -0.060569 0.00368828 -0.0535981 -0.0211795 0.0153507 LWK AFR
0 NA19437 0.0303811 -0.00110067 0.00152164 1.76318e-05 0.0012544 -0.0515041 0.0060563 -0.0428223 -0.0106998 -0.0261704 LWK AFR
0 NA19438 0.0313814 -0.00261751 -0.000900804 0.00512071 -0.0257504 -0.0627728 -0.00977773 -0.0577284 -0.0148688 0.0286944 LWK AFR
0 NA19439 0.0330168 -0.00222878 -0.000640318 0.00360218 -0.0143752 -0.0691567 -0.00219309 -0.0657073 -0.0168736 -0.00243033 LWK AFR
0 NA19440 0.0322941 -0.00442952 -0.00746313 0.0196269 -0.115161 -0.0457774 0.00332473 -0.0325549 -0.00924759 0.0229004 LWK AFR
0 NA19443 0.0316854 -0.00234647 -0.00144756 0.00415561 -0.0218891 -0.0612029 0.00289953 -0.0584564 -0.0210159 0.034081 LWK AFR
0 NA19445 0.0309562 -0.00203237 -0.000591843 0.00386145 -0.024747 -0.0724628 -0.00224591 -0.0548963 -0.0214302 0.0332265 LWK AFR
0 NA19446 0.0329771 -0.00172857 0.000290089 0.000556584 -0.00104178 -0.058277 0.00403649 -0.0537045 -0.0178727 -0.0147367 LWK AFR
0 NA19448 0.0315038 -0.00173776 0.000299623 0.000898289 -0.0108233 -0.0639852 -0.000903478 -0.0521112 -0.0175415 -0.00515881 LWK AFR
0 NA19449 0.0313693 -0.00232062 -0.000499672 0.00525289 -0.0299267 -0.056074 -0.0133406 -0.0704069 -0.0192372 0.00156016 LWK AFR
0 NA19451 0.0322203 -0.00338708 -0.00289849 0.00655209 -0.0396711 -0.0817991 -0.0127843 -0.0759252 -0.0319127 0.0307289 LWK AFR
0 NA19452 0.0319796 -0.00221441 -0.000188988 0.00204901 -0.011284 -0.0723299 -0.000298263 -0.061818 -0.0282914 0.0352246 LWK AFR
0 NA19454 0.0328653 -0.0017224 0.000358469 -0.00228165 -0.00026882 -0.0556221 0.00854025 -0.0502393 -0.0184574 0.0162136 LWK AFR
0 NA19455 0.0304697 -0.00130739 -1.80762e-05 0.0020395 -0.00692288 -0.0590156 -0.000648924 -0.0632483 -0.0146645 0.00232232 LWK AFR
0 NA19456 0.03275 -0.002302 0.000655338 -0.000126452 -0.00357406 -0.0659823 0.00894854 -0.0539878 -0.0231482 -0.00160311 LWK AFR
0 NA19457 0.0323466 -0.00289603 -0.0020192 0.0061211 -0.0335711 -0.0407058 -0.00153548 -0.0521858 -0.0144828 0.00690396 LWK AFR
0 NA19461 0.0328824 -0.00243511 -0.00171424 0.006127 -0.0332072 -0.0750279 0.0022583 -0.0547788 -0.0178242 0.0336916 LWK AFR
0 NA19462 0.0332468 -0.00359813 -0.00176296 0.00716905 -0.0447413 -0.0577978 -0.00409928 -0.0366179 -0.0160818 -0.00879605 LWK AFR
0 NA19463 0.0328974 -0.00310841 -0.00304959 0.00838891 -0.0393336 -0.0673224 -0.00183793 -0.0639969 -0.0222707 -0.00431757 LWK AFR
0 NA19466 0.0314982 -0.00275971 -0.00128962 0.00456875 -0.0252963 -0.064305 -0.0030912 -0.0729889 -0.0270882 0.00337262 LWK AFR
0 NA19467 0.0323372 -0.00245011 -7.02051e-05 0.00192667 -0.00819241 -0.0664926 0.00499874 -0.0517723 -0.0170082 0.0137841 LWK AFR
0 NA19468 0.0332882 -0.00198746 -0.0005091 0.00141338 -0.0129908 -0.0627094 0.00446822 -0.056574 -0.0186115 0.0133492 LWK AFR
0 NA19471 0.0317572 -0.00203312 -0.000111064 0.00280221 -0.0179765 -0.0705274 -0.00381885 -0.0540314 -0.0202578 -0.0126897 LWK AFR
0 NA19472 0.0314787 -0.00315645 -0.00229504 0.00770015 -0.0379101 -0.0697274 -0.0130904 -0.0500636 -0.0159675 -0.033742 LWK AFR
0 NA19473 0.0325328 -0.00201235 -0.0013949 0.00469605 -0.0253388 -0.0626269 -0.0038123 -0.054404 -0.0211806 -0.00837474 LWK AFR
0 NA19474 0.0328919 -0.00239427 -0.000942797 0.00338659 -0.0151726 -0.0697348 -0.00528589 -0.0362122 -0.0157562 0.00414248 LWK AFR
0 NA19475 0.0330156 -0.00203665 0.000418001 -0.000763199 0.000143382 -0.0712123 0.0066454 -0.0511715 -0.0189852 -0.00726693 LWK AFR
0 NA19625 0.0244625 -0.00444267 -0.0179485 -0.00473355 -0.0193005 -0.0119656 0.000658331 0.0205834 -0.00776644 -0.00233703 ASW AFR
0 NA19648 -0.0110276 0.0204554 -0.00648541 0.0125278 0.00436821 -0.00107797 -0.00116012 -0.00355092 0.0198725 -0.000400804 MXL AMR
0 NA19649 -0.012986 0.0142044 -0.0270755 0.0151889 -0.0723026 0.00929602 0.00970824 -0.00452519 0.0141787 0.0130359 MXL AMR
0 NA19651 -0.0100713 0.00796689 -0.0318342 -0.0083645 0.00379383 -0.000535275 -0.00359544 -0.00289061 0.0127558 0.000342027 MXL AMR
0 NA19652 -0.0122047 0.0115129 -0.0296466 -0.00180361 0.0021124 -0.000216057 0.000548896 -0.00553843 0.00849445 -0.0045786 MXL AMR
0 NA19654 -0.00950628 0.000400559 -0.0446793 -0.0201081 0.000894756 0.000938219 -0.00639852 -0.00148115 0.00823972 -0.00913508 MXL AMR
0 NA19655 -0.00598665 0.0101123 -0.0236223 -0.00269222 0.000519735 -0.00234955 0.0036045 -0.00309464 0.0128858 -0.0120317 MXL AMR
0 NA19657 -0.0117468 0.00167294 -0.0491856 -0.0152119 -0.0211893 0.00552612 0.00583887 0.000682148 -0.000970201 -0.00740251 MXL AMR
0 NA19658 -0.0113773 0.0104692 -0.0246811 0.0173698 -0.0676851 0.00604157 0.00273427 -0.0036664 0.00760359 0.0114612 MXL AMR
0 NA19661 -0.012067 -0.00045837 -0.0556365 0.000954865 -0.108963 0.0126631 0.00740926 -0.00312478 0.000183022 -0.00715235 MXL AMR
0 NA19663 -0.0147368 -0.00566139 -0.0710933 -0.0315531 -0.0157142 0.000991722 0.00487869 0.00282798 -0.0068005 -0.00646384 MXL AMR
0 NA19664 -0.00935749 0.00263878 -0.0423089 -0.00878638 -0.0215384 7.15868e-05 0.00187666 0.000176421 -0.0046025 -0.0109361 MXL AMR
0 NA19669 -0.0127594 0.0130775 -0.0251017 0.0169867 -0.0737847 0.010225 0.0108704 -0.0101364 0.0195474 -0.000757925 MXL AMR
0 NA19670 -0.0130779 0.0137501 -0.0265004 0.0144324 -0.0611385 0.00808926 0.00259232 -0.00336167 0.00730084 0.00775554 MXL AMR
0 NA19676 -0.00570643 0.0168208 -0.00831733 0.0087947 0.00549674 0.0073549 0.000192984 -0.0132263 0.0207004 -0.0166763 MXL AMR
0 NA19678 -0.00765371 0.0198552 -0.00721586 0.0133735 0.0103796 -0.00306175 0.00654947 -0.00558949 0.0217549 -0.000205093 MXL AMR
0 NA19679 -0.0114818 0.0229938 -0.00434786 0.0187877 0.00503338 -0.000675888 0.00552866 -0.00895834 0.0282144 -0.00403708 MXL AMR
0 NA19681 -0.0105368 0.00149221 -0.0506113 -0.022179 -0.00336392 0.00713066 0.00270958 0.00240768 -0.00718776 -0.0105417 MXL AMR
0 NA19682 -0.0115787 0.00888332 -0.0329257 -0.00249049 -0.000658829 0.000400597 0.00401086 -0.00507456 0.00669429 0.00609341 MXL AMR
0 NA19684 -0.0123078 0.0169916 -0.0156654 0.0221874 -0.0536716 0.0058584 0.000366241 0.00233471 -0.00644136 0.00799702 MXL AMR
0 NA19700 0.0187725 0.00717263 -0.00203386 0.0112447 -0.0162071 0.00354614 0.00455905 0.0177796 -0.00740896 -0.0151372 ASW AFR
0 NA19701 0.020122 0.00495934 -0.00234907 0.00497119 -0.00784366 -0.00492024 0.00343526 0.00496142 -0.00599307 -0.00308736 ASW AFR
0 NA19703 0.0229121 0.00542788 -0.000629906 0.0088029 -0.0102045 -0.0094913 -0.00408377 0.0108437 -0.00477005 0.00549937 ASW AFR
0 NA19704 0.0293594 0.000163409 -0.00202077 0.00589631 -0.0138647 0.00971689 -0.00686446 0.0111637 0.00320369 -0.0058146 ASW AFR
0 NA19707 0.0248836 -0.00132119 -0.00609196 0.00256976 -0.0139845 -0.014975 0.00240868 0.0156172 0.00261962 0.0107383 ASW AFR
0 NA19711 0.0320709 -0.0013922 -0.000284966 0.00356039 -0.0102057 -0.00163497 0.000845845 0.00403708 -0.00190532 0.00815656 ASW AFR
0 NA19712 0.0246905 0.00282664 -0.00105925 0.00768937 -0.0179152 -0.0140422 0.0077648 0.00638615 -0.00862857 0.0258692 ASW AFR
0 NA19713 0.0176298 0.00820916 -0.000991657 0.011077 -0.00101502 0.00240012 0.00186042 0.00756958 0.00216096 -0.0168434 ASW AFR
0 NA19716 -0.0128785 -0.00337368 -0.0564764 -0.027603 0.00434913 0.000815583 -0.00564449 0.00348479 -0.00257077 -0.000473046 MXL AMR
0 NA19717 -0.00966914 0.00429706 -0.0362898 -0.0133849 0.00648725 -0.00228016 -0.00139573 -0.00330202 -0.00522666 -0.011958 MXL AMR
0 NA19719 -0.0125662 0.00316816 -0.0475844 -0.0165804 0.00475527 0.000781283 0.00403768 0.00123544 0.00874455 -0.0060787 MXL AMR
0 NA19720 -0.0146214 -0.00840551 -0.0736487 -0.0370523 -0.00683436 -0.0013441 -0.00340897 0.00158464 -0.003579 -0.000347217 MXL AMR
0 NA19722 -0.0133751 0.00640853 -0.0437496 -0.0136976 -0.00195667 -8.39197e-05 0.00820969 -0.000543754 0.00293766 -0.00224419 MXL AMR
0 NA19723 -0.0134718 0.012741 -0.0250812 0.00259042 -0.00321277 -9.13859e-05 -0.00110686 -0.00215779 0.0121415 -0.00485691 MXL AMR
0 NA19725 -0.0115721 0.0063039 -0.0333312 -0.00122304 -0.0176099 0.000745109 -0.0150393 -0.00202419 0.0138872 0.00216837 MXL AMR
0 NA19726 -0.0128615 0.00266057 -0.0484908 -0.0172441 -0.00507835 -0.000846042 -0.00184638 -0.00254183 -0.000266223 -0.00780297 MXL AMR
0 NA19728 -0.0127794 -0.0120734 -0.0815261 -0.0492078 0.0106418 -0.00115823 -0.00304038 0.00478002 -0.0150116 -0.0054713 MXL AMR
0 NA19729 -0.0149498 -0.00654209 -0.0695298 -0.0387703 0.0118327 -0.00358684 -0.00683102 0.00448525 -0.00635847 -0.000193058 MXL AMR
0 NA19731 -0.0152815 -0.0112431 -0.0873748 -0.0541484 0.00701272 -0.00312411 -0.000110486 0.00576071 -0.016762 -0.00784092 MXL AMR
0 NA19732 -0.01491 -0.0117836 -0.0784331 -0.0462232 0.00919094 -0.00358178 -0.00668348 0.000829862 -0.00379849 0.00284327 MXL AMR
0 NA19734 -0.0118745 0.00533238 -0.0414559 -0.0144773 0.0150714 -0.000906263 0.00388891 0.00234219 -0.00731751 -0.00864751 MXL AMR
0 NA19735 -0.0154485 -0.0139062 -0.0846636 -0.0534534 0.011955 -0.00493564 -0.00243835 0.00440312 -0.0143747 0.00083472 MXL AMR
0 NA19740 -0.0119996 -0.00617851 -0.0639806 -0.0354677 0.0143052 -0.00465868 -0.00443523 -0.00592467 0.00395833 0.00366781 MXL AMR
0 NA19741 -0.0134465 -0.00964349 -0.070394 -0.0429612 0.0110589 -0.00250885 -0.00576946 0.00234487 -0.00445974 0.00470478 MXL AMR
0 NA19746 -0.0141927 -0.00400667 -0.0595012 -0.0330663 0.0102303 -0.00474164 -0.00560282 -0.00349142 0.00328756 0.000651429 MXL AMR
0 NA19747 -0.0130151 0.000362834 -0.0579648 -0.0290793 0.0123102 0.000112308 0.000798672 -0.00340393 0.000959181 0.000755959 MXL AMR
0 NA19749 -0.0102787 0.0104139 -0.0154026 0.00190516 0.0132415 0.000556304 0.00235457 -0.00279243 0.0102267 0.0115844 MXL AMR
0 NA19750 -0.0112661 0.0135141 -0.0255308 0.000692157 0.0152996 -0.00354713 -0.000905143 -0.00154846 0.00664566 -0.00339617 MXL AMR
0 NA19752 -0.0132593 0.0089782 -0.0346917 -0.0105337 0.013429 -0.0028465 -0.00233693 -0.00249583 0.00687987 -0.00966677 MXL AMR
0 NA19755 -0.00923998 -0.00355197 -0.0549599 -0.0288752 0.0081321 -0.0037494 0.000532903 -0.00220435 0.0014017 -0.00985095 MXL AMR
0 NA19756 -0.00691741 0.00156078 -0.0394061 -0.0148808 0.00591683 0.00862355 -0.00599346 -0.00693729 -0.00703971 -0.0190359 MXL AMR
0 NA19758 -0.0142704 -0.00622227 -0.0618503 -0.0352243 0.00846893 -0.00172645 -0.00807586 0.00118676 -0.00550394 -0.0090951 MXL AMR
0 NA19759 -0.0107511 -0.00294823 -0.0552301 -0.0305372 0.00992053 0.000819522 -0.0103514 -0.00127624 0.000213641 0.00825714 MXL AMR
0 NA19761 -0.0104027 -0.00188242 -0.0550531 -0.0285067 0.0112385 -0.00117977 0.00373861 0.00113368 0.00777338 -0.00263298 MXL AMR
0 NA19762 -0.00763067 0.000786285 -0.0455021 -0.0225957 0.00742007 0.000394307 -0.00194755 -0.0077762 0.00132289 -0.00354237 MXL AMR
0 NA19764 -0.0111301 0.0071573 -0.0404562 -0.0129398 0.0144027 -0.00538052 -0.00252237 -0.00263923 0.00925531 -0.0164172 MXL AMR
0 NA19770 -0.0102327 0.00815519 -0.0344869 -0.00992133 0.0127165 -0.0024999 0.000760504 -0.00199477 0.0108047 0.0111931 MXL AMR
0 NA19771 -0.0111489 0.00658714 -0.0330145 -0.00935994 0.0144604 -0.00531054 -0.00459801 -0.00602671 0.0142824 0.00415276 MXL AMR
0 NA19773 -0.0125141 0.0136385 -0.0225987 -0.00288307 0.0138566 -0.00381554 -0.00169936 -0.00697925 0.0124739 -0.00352709 MXL AMR
0 NA19774 -0.00639023 0.00882499 -0.0267189 -0.00807365 0.0101132 0.00181145 0.00214456 -0.00507025 0.00190532 -0.016791 MXL AMR
0 NA19776 -0.00674109 0.00858545 -0.0267353 -0.00661089 0.00550063 -0.00438769 0.00270755 -0.00824098 0.0127034 0.00309935 MXL AMR
0 NA19777 -0.00862377 0.00545362 -0.036784 -0.0124551 5.719e-06 0.00198855 -0.00171877 -0.00617835 0.0055898 -0.00524774 MXL AMR
0 NA19779 -0.00989079 0.0147275 -0.0230691 0.00390471 -0.00156868 -0.00170069 0.00441723 -0.00805542 0.0185177 0.0163758 MXL AMR
0 NA19780 -0.0104861 0.00954546 -0.0366678 -0.00537405 -0.0118461 0.00498086 0.00266855 -0.00557932 0.00288996 -0.0047475 MXL AMR
0 NA19782 -0.0118082 0.00878165 -0.0391311 -0.0102623 -0.00810834 -0.00226036 0.00308822 -0.00220732 0.0103525 -0.0120669 MXL AMR
0 NA19783 -0.012902 0.00373331 -0.0438273 -0.01401 -0.00470413 -0.00169632 -0.00274506 -0.00764551 0.0152571 -0.00851975 MXL AMR
0 NA19785 -0.0108614 -0.00662269 -0.0621251 -0.0345614 0.00627177 -7.86956e-05 -3.29195e-05 0.00366119 -0.00569979 -0.000248772 MXL AMR
0 NA19786 -0.0118149 0.00281737 -0.0478218 -0.0212336 0.00871619 -0.00122023 -0.000802067 -0.00513979 0.00657812 -0.00570727 MXL AMR
0 NA19788 -0.0129352 -0.000821684 -0.0517637 -0.0228449 -0.00848597 0.00176051 -0.00131979 -0.00180587 -0.00174475 0.00316334 MXL AMR
0 NA19789 -0.0113949 0.0113955 -0.0346741 -0.00849025 0.00632712 -0.00308894 -0.00333967 -0.00337885 0.0144018 0.00881009 MXL AMR
0 NA19792 -0.0111553 0.0110033 -0.0265552 -0.00599333 0.0146297 -0.00296209 9.97941e-05 -0.00412341 0.0140628 -0.009152 MXL AMR
0 NA19794 -0.0123852 0.0111304 -0.027493 -0.00676736 0.0161773 -0.00278456 0.000988358 -0.00623435 0.00425376 -0.00513084 MXL AMR
0 NA19795 -0.0116165 0.00666001 -0.039164 -0.0160591 0.0147026 -0.00417461 0.000995712 -0.0024622 0.00535205 -0.00960198 MXL AMR
0 NA19818 0.00628384 0.0146912 -0.000138869 0.0140819 0.00276567 0.000926949 0.000365652 0.00912724 -0.0171265 -0.00749977 ASW AFR
0 NA19819 0.0148939 0.00945705 -0.000442517 0.0104582 0.00416049 0.010093 -0.00149643 0.00617414 -0.0135772 -0.0015222 ASW AFR
0 NA19834 0.0241945 0.0041464 0.00071418 0.00551552 0.0027455 -0.00534556 0.00217221 0.0151773 0.00470729 -0.0134439 ASW AFR
0 NA19835 0.0242053 0.00338576 0.000654233 0.00402902 0.000420518 -0.0149832 0.00198689 0.00440402 -0.00949242 0.026259 ASW AFR
0 NA19900 0.0267647 0.0022314 -0.00138454 0.00286888 0.0024502 0.00730028 -0.00440388 0.0102156 0.0039902 -0.035485 ASW AFR
0 NA19901 0.0298575 -0.000480845 -0.00242486 0.00777983 -0.0265771 0.0136116 -0.00021132 0.00645778 -0.00602404 0.00242057 ASW AFR
0 NA19904 0.0328974 -0.00277765 -0.00167513 0.00508121 -0.0207657 -0.00577304 -0.010819 0.00758246 -0.000273164 -0.00385365 ASW AFR
0 NA19908 0.0318639 -0.001405 -0.00247986 0.00425885 -0.0160257 -0.00940355 -0.00383797 0.0392286 0.0157895 0.0003685 ASW AFR
0 NA19909 0.0265239 0.00199601 -6.64879e-06 0.00551928 -0.00958914 -0.000670609 -0.00354496 0.0210921 0.00415623 -0.013419 ASW AFR
0 NA19913 0.0291436 0.000129395 -0.00146231 0.000413643 0.00293512 -0.000376833 -0.00449456 0.00181051 -0.00910472 0.0265946 ASW AFR
0 NA19914 0.0164792 0.00728903 0.000306666 0.00788563 0.00808835 0.00352355 -0.0022059 0.0123887 0.000633333 -0.00782137 ASW AFR
0 NA19916 0.0292917 0.000776796 -0.00139464 0.00450471 -0.0130956 -0.011063 -0.00497032 0.0141496 -0.00356654 -0.0191316 ASW AFR
0 NA19917 0.0310255 -0.00126707 -0.000540112 0.00457855 -0.0157428 -0.0149605 -0.00753532 0.0130301 -0.00814941 -0.0022156 ASW AFR
0 NA19920 0.0271367 0.00214268 -0.00264471 0.0113425 -0.0206008 0.00648889 -0.0189601 0.00580401 0.0154106 0.035697 ASW AFR
0 NA19921 0.0146372 0.00447717 -0.00638996 0.0168897 -0.0580688 -0.00806827 -0.0327674 0.0105076 0.0172974 -0.0100453 ASW AFR
0 NA19922 0.0215031 0.00573305 -0.000755554 0.00479591 0.00734756 -0.0119901 0.0020305 0.0151014 -0.00550533 -0.01707 ASW AFR
0 NA19923 0.0150354 0.00785554 0.000661094 0.00647137 0.00969505 -0.0111897 0.00516509 0.00896246 -0.0032856 0.00693928 ASW AFR
0 NA19982 0.0278142 0.00148035 -0.000457209 0.00537369 -0.0104418 0.0116994 0.000131097 0.0134216 -0.00470659 0.00824915 ASW AFR
0 NA19984 0.0184595 0.00848777 -0.00142874 0.00601309 0.00826268 -0.0126602 0.00246403 0.00640342 0.0130058 -0.00389507 ASW AFR
0 NA20126 0.0145618 0.00890436 -0.000816533 0.00570883 0.00901678 -0.00391119 -0.000725356 0.00376568 -0.000560712 0.015223 ASW AFR
0 NA20127 0.0261056 0.00348634 -2.62666e-05 0.004414 0.00474899 -0.00173951 -0.00405515 0.00735829 0.000348652 -0.0102388 ASW AFR
0 NA20274 0.00519061 -0.00372895 -0.0315134 -0.0169096 0.00649188 -0.0116841 -0.00978538 0.0207146 -0.00732219 7.68971e-05 ASW AFR
0 NA20276 0.0184769 0.00723797 9.26363e-05 0.00611075 0.00527701 -0.00403721 0.000416466 4.07622e-05 -0.00392687 0.0111214 ASW AFR
0 NA20278 0.0107764 0.0127569 -0.000586576 0.0103063 0.00995564 -0.00973286 -0.00329509 0.00639638 0.00288021 -0.00499288 ASW AFR
0 NA20281 0.0310075 0.000780148 -0.000395223 0.00306855 0.00345122 0.00339291 0.00161472 0.0104424 0.00870429 0.0415768 ASW AFR
0 NA20282 0.0153137 0.00944718 0.00111124 0.00621347 0.00788709 0.00628907 -0.00309205 -0.000164458 -0.00776834 0.0142349 ASW AFR
0 NA20287 0.0312437 -5.24085e-06 -0.000658845 0.00145067 0.00414891 0.000542557 0.000547151 0.0211562 0.00923498 -0.0198295 ASW AFR
0 NA20289 0.0222681 0.00430249 0.000787943 0.0048222 0.00640374 -0.00174751 -0.00182024 0.00651663 0.00456525 0.00445827 ASW AFR
0 NA20291 0.0344638 -0.00267628 -0.0015656 -0.00116134 8.29114e-05 0.00458043 -0.00067107 0.0129715 -0.000372986 0.00307411 ASW AFR
0 NA20294 0.0352138 -0.0029484 -0.000623682 0.000686346 0.00339911 0.00110835 0.00470667 0.0201673 0.00600826 0.00285963 ASW AFR
0 NA20296 0.0295747 0.00165074 -0.000841939 0.00277475 0.00562322 0.000435992 2.42072e-05 0.000157133 0.00243061 0.00361329 ASW AFR
0 NA20298 0.0310704 -0.000260698 0.000132143 0.0010092 0.00360508 -0.0258374 0.00358138 0.00129696 0.000697223 -0.00400596 ASW AFR
0 NA20299 0.00839572 -0.00271091 -0.0268808 -0.0135097 0.00792841 -0.00894776 -0.0100087 0.0103244 -0.00722532 0.00119384 ASW AFR
0 NA20314 -0.0144522 -0.00449641 -0.0569514 -0.0256947 0.0116432 -0.00484488 -0.0122962 0.00604955 -0.0150832 0.000478397 ASW AFR
0 NA20317 0.0220027 0.00589006 0.00056849 0.00530643 0.00802448 -0.00222193 -0.000593507 0.0130055 0.00878532 0.0177436 ASW AFR
0 NA20318 0.0235574 0.0012885 -0.00628977 -0.000886982 0.00803146 -0.00337772 -0.000756278 0.0179201 0.00322827 0.0154634 ASW AFR
0 NA20320 0.0316804 0.000200902 0.000143601 0.000175088 0.004354 -0.0172391 0.00280971 0.00492477 0.00534087 0.0917141 ASW AFR
0 NA20321 0.0245876 0.00339025 0.000166593 0.00315315 0.00659001 -0.0182245 -0.000343917 0.00904485 0.00572587 0.093715 ASW AFR
0 NA20332 0.0286097 0.0013643 -3.85158e-05 0.00240817 0.00362523 -0.0221158 0.00412318 -0.00230456 5.26764e-05 0.0109557 ASW AFR
0 NA20334 0.00979844 0.0120911 0.00140506 0.00959134 0.00887488 -0.00560849 -0.00144818 0.0111165 -0.00417088 -0.0131168 ASW AFR
0 NA20339 0.0346199 -0.0017495 0.000107511 -0.00178718 0.0025791 -0.0106444 0.00326492 0.0131735 0.00667428 0.0369619 ASW AFR
0 NA20340 0.0294578 0.00155061 -0.000751834 0.00390769 0.0062033 -0.0161743 0.00224165 0.00671789 0.001459 0.000999772 ASW AFR
0 NA20342 0.0115383 0.0101727 -0.00100417 0.00883622 0.0122216 0.00131414 0.00129437 0.0179037 0.00401428 -0.0054323 ASW AFR
0 NA20346 0.0314769 0.000407902 -0.000138318 0.00122805 0.00559446 0.00438085 -0.00171723 0.00634787 5.66449e-05 -0.000531129 ASW AFR
0 NA20348 0.0296472 0.000443216 -0.00079274 0.00113656 0.00110953 -0.00256349 0.00164376 0.0132904 8.635e-05 -0.00440317 ASW AFR
0 NA20351 0.0177475 0.00840521 0.000286318 0.0079253 0.0103535 -0.00389151 0.00169426 0.00174795 -0.00360605 0.0155732 ASW AFR
0 NA20355 0.021953 0.00574784 0.000945991 0.00432926 0.00564343 -0.00764338 -0.00200037 0.00293 -0.00851999 -0.00266223 ASW AFR
0 NA20356 0.0291009 0.000691554 -0.000746338 -0.000618684 0.00253097 -0.0159696 0.00234758 0.00101591 0.00227009 0.0086404 ASW AFR
0 NA20357 0.0283404 0.00178154 0.000593336 0.00255983 0.00548216 0.00727781 0.00347633 -0.00219972 0.00599775 0.0250577 ASW AFR
0 NA20359 0.0230136 0.00466229 -0.000121604 0.00551069 0.00931588 0.0143753 -0.00254666 -0.00872215 -0.00924381 -0.0348745 ASW AFR
0 NA20362 0.0255045 0.00381208 -0.000468625 0.00420654 0.00903159 0.0119142 -0.00362935 -0.00176863 -0.00979858 -0.0346296 ASW AFR
0 NA20412 0.0254572 0.00214674 -0.00197719 0.000512532 0.00592323 -0.00268004 0.000762631 0.0111823 -0.00418478 0.0122465 ASW AFR
0 NA20502 -0.0116856 0.0243801 0.00222322 0.0167518 0.0157545 -0.00197937 0.00110053 -0.008727 0.0211054 -0.000487918 TSI EUR
0 NA20503 -0.0115963 0.0255008 0.00112754 0.0193048 0.0175499 -0.00322251 0.00167619 -0.0141858 0.0404499 0.00537893 TSI EUR
0 NA20504 -0.0114425 0.0244159 0.00388336 0.0154978 0.0160967 0.00141032 0.00437453 -0.0119227 0.0246957 0.00356448 TSI EUR
0 NA20505 -0.0119792 0.0259601 0.00184428 0.0168641 0.00848517 -0.00331797 -0.00467915 -0.00687736 0.025863 0.00237951 TSI EUR
0 NA20506 -0.0120897 0.0250734 0.00394056 0.0189347 0.014059 -0.00361236 -0.000888847 -0.011062 0.0363588 0.00023448 TSI EUR
0 NA20507 -0.0116219 0.0248678 0.00216664 0.0164609 0.0170316 -0.00158777 0.00125486 -0.00840466 0.0291284 0.00362779 TSI EUR
0 NA20508 -0.0114578 0.0252294 0.00351315 0.0170399 0.0173164 -0.00307434 -0.00129668 -0.0110685 0.0288224 0.00354673 TSI EUR
0 NA20509 -0.0116275 0.0252262 0.00231546 0.0183797 0.0158604 -0.00259695 0.00357578 -0.01533 0.0353445 -0.00118966 TSI EUR
0 NA20510 -0.0115863 0.0244793 0.00308209 0.0158509 0.0154552 3.22016e-05 -0.0013102 -0.0089492 0.0306793 0.00494236 TSI EUR
0 NA20511 -0.0113889 0.0257079 0.00180206 0.0184001 0.0164415 -0.00186333 0.00320947 -0.0129853 0.0378422 0.00151495 TSI EUR
0 NA20512 -0.0124012 0.0271617 0.00144153 0.0189243 0.0161992 -0.00142714 0.000300806 -0.0114027 0.0248293 0.00496172 TSI EUR
0 NA20513 -0.0114334 0.024082 0.00305298 0.0155864 0.0146321 -0.00207335 0.00252461 -0.0087836 0.0344925 0.00457967 TSI EUR
0 NA20514 -0.011782 0.0253362 0.00146952 0.0197988 0.0173771 -0.00247057 0.00265325 -0.0122611 0.0375667 0.0065481 TSI EUR
0 NA20515 -0.0114904 0.0237173 0.00222055 0.0166772 0.0120003 -0.00392951 0.00342784 -0.0162261 0.0377551 0.00174133 TSI EUR
0 NA20516 -0.0119153 0.0262745 0.00221615 0.0196665 0.0108257 -0.000528639 0.00116236 -0.0104367 0.0354774 0.00456773 TSI EUR
0 NA20517 -0.0116983 0.0247697 0.00250925 0.0167554 0.0158289 -0.00658174 -0.00321802 -0.00828764 0.0279342 -0.000941005 TSI EUR
0 NA20518 -0.011969 0.0252174 0.00327875 0.0179703 0.0167585 -0.00265562 0.000920417 -0.010439 0.0319605 0.0075676 TSI EUR
0 NA20519 -0.0114719 0.026001 0.0034574 0.0181847 0.0168176 -0.00266454 0.000707772 -0.0138226 0.0350628 0.00720466 TSI EUR
0 NA20520 -0.01137 0.0259142 0.00333764 0.0173486 0.0145142 -0.00687897 -0.00221188 -0.00946809 0.026315 0.00362861 TSI EUR
0 NA20521 -0.011521 0.0262416 0.00225561 0.017536 0.0165901 -0.00346034 0.0041491 -0.0133035 0.0314045 0.0022533 TSI EUR
0 NA20522 -0.0119204 0.0246511 0.00272023 0.0164215 0.014146 -0.00235164 0.000646526 -0.00886426 0.029804 -0.00391646 TSI EUR
0 NA20524 -0.0116747 0.0260613 0.0021162 0.0198391 0.0130372 -0.00375461 -0.00331513 -0.00949062 0.0153384 0.00236756 TSI EUR
0 NA20525 -0.0119047 0.0254612 0.00347279 0.0171526 0.0103085 -0.00200065 0.000269187 -0.00953105 0.0289033 0.00798756 TSI EUR
0 NA20527 -0.011255 0.0253693 0.00380479 0.0156836 0.0101096 -0.00431407 -0.000779353 -0.0122963 0.022181 0.00191741 TSI EUR
0 NA20528 -0.0112183 0.0244761 0.00271303 0.0178916 0.0120685 -0.00428442 0.0021788 -0.0180857 0.0321832 0.000782539 TSI EUR
0 NA20529 -0.0115914 0.0243007 0.00312671 0.0157605 0.0150207 -0.0033456 0.00307584 -0.0112955 0.0336372 0.00308752 TSI EUR
0 NA20530 -0.0119548 0.0251434 0.00115516 0.018771 0.013549 -0.00189904 -0.0028422 -0.00698882 0.0214806 0.000582164 TSI EUR
0 NA20531 -0.0116355 0.0256395 0.00295406 0.0179581 0.0161391 -0.00373432 0.00228741 -0.0162785 0.0453187 0.00565512 TSI EUR
0 NA20532 -0.0114739 0.0232501 0.00335018 0.0166286 0.014352 -0.00288973 0.00276061 -0.0137068 0.0347937 0.00240569 TSI EUR
0 NA20533 -0.0116828 0.0249622 0.00271633 0.017831 0.0156983 -0.0020002 0.000148651 -0.0150852 0.0345131 0.00810927 TSI EUR
0 NA20534 -0.0111929 0.025045 0.00286095 0.0187059 0.0121202 -0.00294459 0.00688661 -0.0180925 0.0416409 0.00393391 TSI EUR
0 NA20535 -0.0111093 0.0254029 0.00243591 0.0170819 0.0158507 -0.00415137 0.003569 -0.0101087 0.0327616 0.00132368 TSI EUR
0 NA20536 -0.0119632 0.024906 0.00295695 0.0199203 0.017371 -0.00135079 -8.59595e-05 -0.00650994 0.016337 0.00207709 TSI EUR
0 NA20538 -0.0119874 0.0255979 0.00324117 0.0191904 0.0168356 -0.00336502 5.16198e-05 -0.0108107 0.0285118 -0.000324099 TSI EUR
0 NA20539 -0.012397 0.0266944 0.00413894 0.0189273 0.0134038 -0.0016035 0.00236238 -0.0122627 0.0324832 0.00646278 TSI EUR
0 NA20540 -0.0116548 0.0229361 0.00158148 0.018475 -0.00855224 -0.00338906 -0.00711908 -0.0109785 0.0285214 0.0039368 TSI EUR
0 NA20541 -0.0121407 0.0267002 0.0028826 0.0199236 0.0139958 -0.00418831 -0.00341374 -0.013724 0.0364247 0.00117921 TSI EUR
0 NA20542 -0.0116365 0.0245896 0.00266634 0.0160358 0.0105386 -0.000202875 0.00242547 -0.011195 0.0379691 0.00367585 TSI EUR
0 NA20543 -0.0119817 0.0245213 0.00276897 0.0174481 0.0143747 -0.00277138 0.00154163 -0.0102612 0.0300768 -0.0032235 TSI EUR
0 NA20544 -0.012115 0.024907 0.00365226 0.0173348 0.0129916 -0.00114155 0.0026979 -0.0112809 0.0287453 0.00128265 TSI EUR
0 NA20581 -0.0115703 0.025236 0.00205332 0.0189941 0.00657639 -0.00175185 -0.000269813 -0.013192 0.0367469 0.00550199 TSI EUR
0 NA20582 -0.0118259 0.0244577 0.000517287 0.0249531 -0.00990799 -0.00398668 -0.00553976 -0.00797675 0.0237216 0.00149558 TSI EUR
0 NA20585 -0.0116433 0.0260838 0.00153209 0.02145 0.0129374 -0.00186069 0.00326051 -0.0153 0.0463248 -0.00533127 TSI EUR
0 NA20586 -0.0121795 0.0252226 0.00196328 0.0198825 0.0128216 -0.00333777 0.00365386 -0.00945206 0.0347285 0.00120048 TSI EUR
0 NA20587 -0.0112221 0.0251736 0.00291665 0.0168426 0.0161296 -0.000893656 0.00310734 -0.0132724 0.0324126 0.00344508 TSI EUR
0 NA20588 -0.0113185 0.0250246 0.00189246 0.0216732 0.0122874 0.00043606 0.00162409 -0.0133321 0.0372682 -0.00106399 TSI EUR
0 NA20589 -0.0117472 0.0247523 0.00226684 0.0151492 0.0142989 -0.000715643 0.00292032 -0.0107686 0.0366235 -0.00365304 TSI EUR
0 NA20752 -0.0121187 0.0257806 0.000968038 0.0198096 0.00985498 -0.00122557 -0.00176342 -0.00941413 0.0297679 0.00230323 TSI EUR
0 NA20753 -0.0119407 0.0244248 0.00282332 0.0162675 0.0135146 -0.00174931 0.00111217 -0.0112989 0.0275322 -0.00500672 TSI EUR
0 NA20754 -0.0117092 0.0251832 0.00211734 0.0185925 0.0166002 -0.00355079 0.00359603 -0.015511 0.0380262 0.0045468 TSI EUR
0 NA20755 -0.0118364 0.0258149 0.00245752 0.0193791 0.013504 -0.00193029 -0.00191439 -0.00738711 0.0203813 0.00450542 TSI EUR
0 NA20756 -0.0118011 0.0250681 0.00272035 0.0177205 0.0159402 7.54615e-05 0.00345561 -0.00968564 0.0294224 0.000269442 TSI EUR
0 NA20757 -0.0109849 0.023987 0.00296653 0.0187356 0.00288713 -0.00492773 -0.00077974 -0.0123248 0.0250051 -0.00251323 TSI EUR
0 NA20758 -0.0117854 0.0248424 0.00179002 0.0185368 0.00659971 -0.000382749 0.000338059 -0.0039981 0.0185866 -0.00107453 TSI EUR
0 NA20759 -0.0115014 0.025718 0.00198206 0.0182227 0.0087097 -0.00125546 -0.00212793 -0.0102271 0.0303 -0.000512361 TSI EUR
0 NA20760 -0.0116557 0.0227631 -1.11927e-05 0.0202962 -0.00574189 -0.00446592 -0.0065235 -0.00911089 0.0199501 -0.00479034 TSI EUR
0 NA20761 -0.0119222 0.0257895 0.00341032 0.0191557 0.00978861 -0.00241673 -4.22932e-08 -0.0124861 0.0390409 0.00237227 TSI EUR
0 NA20762 -0.0117538 0.0254397 0.00182862 0.018389 0.0150855 -0.00293772 0.00360929 -0.0102874 0.0316731 0.00556239 TSI EUR
0 NA20763 -0.0120262 0.0247011 0.00359553 0.0170823 0.0167035 -0.00225592 0.00357107 -0.0168834 0.0417353 0.00302901 TSI EUR
0 NA20764 -0.0120296 0.0253396 0.0021002 0.0185637 0.016765 -0.00408238 0.0013246 -0.00950046 0.024059 0.000442602 TSI EUR
0 NA20765 -0.012123 0.0257007 0.00302612 0.018076 0.0143028 -0.00211287 0.00332588 -0.0100069 0.0273057 -0.00202529 TSI EUR
0 NA20766 -0.0118564 0.0261282 0.00441166 0.0188968 0.00732601 -0.00235124 -0.000193375 -0.0111845 0.0276204 0.000165675 TSI EUR
0 NA20767 -0.0117434 0.0255587 0.00165926 0.0185481 0.0179345 -0.00342577 0.0043023 -0.00993584 0.0319132 0.000738001 TSI EUR
0 NA20768 -0.011043 0.024896 0.000967918 0.0200601 0.0082094 -0.00147542 0.000169436 -0.0168835 0.0466948 -0.0090374 TSI EUR
0 NA20769 -0.0119422 0.0262315 0.00101264 0.0240631 -0.00911133 -0.00038177 0.00565092 -0.0131186 0.0389383 0.0013694 TSI EUR
0 NA20770 -0.0117984 0.0258879 0.00142169 0.0183572 0.0128365 -0.00162552 0.0051646 -0.0117999 0.0384035 0.00113034 TSI EUR
0 NA20771 -0.0117991 0.0249103 0.00273025 0.0196403 0.0115602 -0.00170746 0.00205028 -0.0132062 0.0387769 0.00340836 TSI EUR
0 NA20772 -0.0117539 0.0248214 0.00255956 0.0186966 0.00910345 -0.00217791 6.69804e-05 -0.00975125 0.0308699 -0.00687833 TSI EUR
0 NA20773 -0.01148 0.0236248 0.00368145 0.0184337 0.00713691 -0.00180992 0.00368146 -0.00637607 0.0191647 -0.00151388 TSI EUR
0 NA20774 -0.0114192 0.0254685 0.0022015 0.0191596 0.0122163 -0.00154575 0.00563812 -0.0131588 0.0339766 0.00201121 TSI EUR
0 NA20775 -0.0121144 0.0256179 0.00211998 0.0204726 0.00378787 -0.000837069 -0.000536762 -0.00823292 0.0286561 -0.00165211 TSI EUR
0 NA20778 -0.0118658 0.0259612 0.00112299 0.020929 0.013986 -0.00122402 0.00251467 -0.012295 0.0253117 0.00247879 TSI EUR
0 NA20783 -0.0115627 0.0259129 0.000878441 0.0210248 0.0117888 -0.00133895 -0.000650642 -0.0153718 0.0406671 0.00185656 TSI EUR
0 NA20785 -0.0123108 0.0256431 0.00338341 0.0196308 0.0125728 -0.00249589 0.00144311 -0.0130962 0.0343158 -0.00269581 TSI EUR
0 NA20786 -0.0116868 0.0250222 0.00422715 0.0168775 0.00593172 -0.00221275 -0.00150673 -0.0131742 0.0355331 -0.00107924 TSI EUR
0 NA20787 -0.0113523 0.025242 0.00299261 0.0177522 0.00833686 -0.00312524 0.00122817 -0.012433 0.0327182 -0.00173496 TSI EUR
0 NA20790 -0.0113575 0.024785 0.00260778 0.0183411 0.0104902 -0.000836779 0.000717882 -0.0105826 0.0318375 0.00195151 TSI EUR
0 NA20792 -0.0126877 0.0239136 -0.00101573 0.0262056 -0.0268486 -0.000676419 -0.00676504 -0.00434819 0.0215219 -0.00620892 TSI EUR
0 NA20795 -0.0110555 0.0243623 0.00277369 0.0194465 0.00429926 -0.00250665 -0.000844881 -0.0141858 0.0357195 0.00552152 TSI EUR
0 NA20796 -0.01254 0.0244103 -0.000315785 0.0268623 -0.0204254 0.000571184 -0.00748357 -0.00784939 0.0221874 -0.00447386 TSI EUR
0 NA20797 -0.0120208 0.0258071 0.00303001 0.0183213 0.0132149 -0.00233236 -0.000962285 -0.0128009 0.0357432 0.000243122 TSI EUR
0 NA20798 -0.0119554 0.0253096 0.00104435 0.0230654 -0.000305323 0.000441999 -0.00293742 -0.0122377 0.0364382 -0.000376939 TSI EUR
0 NA20799 -0.0120733 0.0257567 0.00181535 0.0235618 0.00211499 -0.00297245 -0.00191309 -0.012053 0.040331 -0.00528757 TSI EUR
0 NA20800 -0.0120161 0.0242973 -0.00079791 0.025006 -0.0161674 -0.00197652 -0.00325167 -0.0135679 0.0362503 -0.00256531 TSI EUR
0 NA20801 -0.0113153 0.0257858 0.00134884 0.0210705 -0.000118241 -0.00449398 -0.00308531 -0.0100258 0.0291225 -0.00695692 TSI EUR
0 NA20802 -0.011903 0.0235381 -0.00253529 0.0349835 -0.0605722 0.00542645 -0.00239314 -0.015873 0.036156 -0.00466175 TSI EUR
0 NA20803 -0.0116333 0.02553 0.00281857 0.0202636 0.00172157 -0.000107484 -0.00011345 -0.00674001 0.0350294 -0.00621507 TSI EUR
0 NA20804 -0.0114244 0.0241836 0.00195124 0.0181122 0.000579437 -0.00127403 0.00476219 -0.00817769 0.0333118 -0.00301804 TSI EUR
0 NA20805 -0.0114931 0.0251499 0.00123276 0.0202465 0.00364387 -0.00441926 -0.00209901 -0.0133959 0.0482439 -0.00460815 TSI EUR
0 NA20806 -0.0116699 0.0255291 0.00144103 0.0202425 0.000781451 -0.00226613 -0.00333926 -0.0110194 0.0276012 -0.00154036 TSI EUR
0 NA20807 -0.0115469 0.0231544 0.00529655 0.0143881 0.0127701 -0.00281402 0.00107696 -0.0102439 0.0336503 0.00254812 TSI EUR
0 NA20808 -0.0118109 0.0248581 0.00402055 0.0171351 0.0157829 -0.00240923 -0.000196755 -0.00884831 0.0334953 0.00328854 TSI EUR
0 NA20809 -0.0117376 0.0251991 0.00461386 0.0181872 0.0154124 -0.000625566 -0.000751623 -0.00889325 0.0333459 0.00550834 TSI EUR
0 NA20810 -0.0111226 0.0257472 0.00248015 0.0166362 0.0152888 -0.00418056 0.00247651 -0.0173822 0.0351174 0.00300103 TSI EUR
0 NA20811 -0.011818 0.0260523 0.00250117 0.0172707 0.0161839 -0.00145466 -0.000752273 -0.0142949 0.0351802 -0.00240123 TSI EUR
0 NA20812 -0.0108472 0.0243347 0.00168166 0.0154128 0.0164079 -0.00237582 0.00197429 -0.0123485 0.0373629 0.00814661 TSI EUR
0 NA20813 -0.0118535 0.0264938 0.00200135 0.0183687 0.0171006 -0.00320442 0.0034351 -0.00943669 0.0344323 0.00574154 TSI EUR
0 NA20814 -0.0118165 0.0250678 0.00255375 0.0158832 0.0152417 -0.000610574 0.00150354 -0.00858255 0.0367421 -0.00136481 TSI EUR
0 NA20815 -0.0106301 0.02486 0.00233219 0.0189139 0.017323 -0.00359834 0.000460556 -0.0104285 0.0324397 0.00383784 TSI EUR
0 NA20818 -0.0124158 0.0247644 0.00309812 0.019189 0.0169059 -0.00292432 0.001718 -0.00794696 0.0306668 0.00247245 TSI EUR
0 NA20819 -0.0114575 0.024168 0.00164603 0.0188897 0.00973233 0.000537076 0.000453772 -0.0100839 0.0328657 -0.000113984 TSI EUR
0 NA20821 -0.0116935 0.0258753 0.00212694 0.0189094 0.0169952 -0.0019049 0.00547956 -0.0133008 0.0397678 0.002807 TSI EUR
0 NA20822 -0.0120537 0.0262042 0.0025238 0.0176351 0.0174588 0.000272988 0.00319709 -0.00916563 0.0203798 0.0002658 TSI EUR
0 NA20826 -0.0119067 0.0246986 0.00258923 0.0165275 0.0163089 -0.0014863 0.00364532 -0.0126116 0.0329245 0.00197878 TSI EUR
0 NA20827 -0.0120085 0.0247258 0.00244197 0.0155694 0.0158351 -0.00196584 0.00151051 -0.00979101 0.0307004 0.00196219 TSI EUR
0 NA20828 -0.0115468 0.0255093 0.00205444 0.0177044 0.0175743 -0.00278053 -3.37718e-05 -0.0103388 0.0271479 0.00348201 TSI EUR
0 NA20832 -0.0115922 0.0246806 0.00210907 0.0180131 0.0173831 -0.00312372 -0.000203502 -0.00603455 0.0234304 0.00827385 TSI EUR
0 NA20845 -0.0108391 0.0095165 0.019938 -0.0236903 -0.0048763 -0.00147757 0.00201011 0.00280955 -0.00279074 -0.000426196 GIH SAS
0 NA20846 -0.0112412 0.0107975 0.0196237 -0.0231009 -0.00410694 -0.00190891 -0.00159995 3.60026e-05 -0.00497944 -0.000780271 GIH SAS
0 NA20847 -0.0105104 0.00589919 0.0269199 -0.0383462 -0.0126276 0.00105565 0.00051166 0.00364547 -0.00747282 -0.00262686 GIH SAS
0 NA20849 -0.0104999 0.00868325 0.0251938 -0.0320901 -0.0100832 -0.00203771 0.00055669 0.000644421 0.00496351 -0.00363329 GIH SAS
0 NA20850 -0.0117172 0.0120012 0.0182506 -0.0223762 -0.00478505 -0.00125746 -0.00232397 0.00773271 -0.013265 0.000341573 GIH SAS
0 NA20851 -0.0115147 0.00937528 0.022585 -0.0297183 -0.00868627 5.97737e-05 -0.00200295 0.00729973 -0.00779862 -0.000381065 GIH SAS
0 NA20852 -0.0112722 0.00962799 0.0218927 -0.0269733 -0.00574335 -0.00181858 0.00139382 0.00206399 -0.00765672 -0.00202316 GIH SAS
0 NA20853 -0.0109595 0.0101382 0.0237058 -0.0318147 -0.00926694 0.00141519 0.000630664 0.00155065 0.000974859 -0.00470461 GIH SAS
0 NA20854 -0.0110458 0.00926711 0.0216626 -0.025278 -0.00641022 -0.00233788 0.00110998 0.00261947 0.00323589 -0.00236838 GIH SAS
0 NA20856 -0.0110508 0.00762051 0.0234343 -0.0338224 -0.0103097 -0.00117815 0.00186963 0.00608619 -0.00710629 -0.00809726 GIH SAS
0 NA20858 -0.0114309 0.0134404 0.0159599 -0.017601 -0.00142467 -0.000507125 -0.00190917 0.000430075 -0.000560558 -0.00289489 GIH SAS
0 NA20859 -0.0113801 0.0100603 0.0228071 -0.0299588 -0.00800301 -0.000473409 0.00054304 0.000986402 0.00377627 -0.00180936 GIH SAS
0 NA20861 -0.0109221 0.00786033 0.0249453 -0.0319253 -0.00945135 -0.000201314 5.09875e-05 0.00141742 -0.000299973 -0.00362678 GIH SAS
0 NA20862 -0.0110842 0.0119205 0.0178394 -0.0204462 -0.00365613 -0.00208374 0.000126308 -0.00196577 0.000845333 -0.000457027 GIH SAS
0 NA20863 -0.0109248 0.00785635 0.0226036 -0.0280854 -0.00919342 -0.000397942 0.00107486 0.00580551 -0.00832988 -0.00452376 GIH SAS
0 NA20864 -0.0109415 0.0109803 0.0185404 -0.0215146 -0.00595446 -0.00109148 0.00202044 0.00427382 -0.0136439 -0.00507575 GIH SAS
0 NA20866 -0.0103878 0.00844979 0.0228509 -0.0281702 -0.00746856 -0.00172552 -2.20865e-05 -0.000741399 -0.00033843 -0.00401372 GIH SAS
0 NA20867 -0.0114756 0.00727384 0.0208577 -0.0207053 -0.0635491 0.0140598 0.0323507 0.00304967 -0.0119733 0.00295839 GIH SAS
0 NA20868 -0.0116641 0.00624646 0.0203366 -0.0216269 -0.0743871 0.0142126 0.0352604 0.00500161 -0.00372061 0.00368866 GIH SAS
0 NA20869 -0.0109837 0.00838082 0.0222391 -0.0312208 -0.0086249 0.000763071 0.00221189 0.00416951 -0.000527782 -0.000849746 GIH SAS
0 NA20870 -0.0111866 0.0125605 0.0189702 -0.0195466 -0.00385123 -0.00266736 -0.00142898 0.000253552 -0.00534459 0.000399027 GIH SAS
0 NA20872 -0.011226 0.011652 0.0183793 -0.0212385 -0.00431323 -0.000478371 0.000376759 0.00428151 -0.00866648 0.000972375 GIH SAS
0 NA20874 -0.0105423 0.0088257 0.0213641 -0.0266351 -0.00568412 0.000837442 0.000778315 0.00120981 -0.00385102 -0.00343248 GIH SAS
0 NA20875 -0.0110784 0.00915935 0.0249638 -0.0304715 -0.0095089 0.00155957 0.00325326 0.000381056 0.0026585 -0.000479835 GIH SAS
0 NA20876 -0.0111404 0.00864333 0.0239329 -0.031736 -0.00928343 -0.000391502 0.00453738 0.00147669 -0.00204829 -0.00537192 GIH SAS
0 NA20877 -0.0115694 0.00981368 0.0227954 -0.0310404 -0.00894182 -0.000287189 -7.72413e-06 0.00686042 -0.0132848 -0.00454979 GIH SAS
0 NA20878 -0.0113852 0.00781898 0.0225179 -0.0313764 -0.00728199 0.000612058 0.00241152 0.00296482 -0.00242055 -0.00252714 GIH SAS
0 NA20881 -0.0106232 0.0113532 0.017801 -0.0205913 -0.00341185 -0.00296251 0.000647298 -0.00177133 0.000317081 0.000490545 GIH SAS
0 NA20882 -0.0112833 0.0114921 0.0182672 -0.0218702 -0.0035224 -0.00116017 -0.00506437 0.00395568 -0.00991029 -0.000504589 GIH SAS
0 NA20884 -0.0107523 0.00840985 0.0226809 -0.0310687 -0.00723926 -0.00124759 0.00195165 0.00153548 -0.00779308 -0.00200478 GIH SAS
0 NA20885 -0.0110019 0.00943135 0.019008 -0.023304 -0.0036801 -0.00221525 -0.00203875 -0.000753947 -0.00175843 -0.00187258 GIH SAS
0 NA20886 -0.0114696 0.0103408 0.0171009 -0.0198943 -0.00282647 0.00186791 0.000512026 0.00153257 -0.00335376 -0.0028541 GIH SAS
0 NA20887 -0.0109865 0.00789613 0.023519 -0.030932 -0.00938334 0.00158074 -0.00122978 0.00301019 -0.0047669 -0.000962863 GIH SAS
0 NA20888 -0.0116202 0.00691422 0.0261991 -0.037252 -0.0122058 0.00233477 -0.00187623 0.000649823 0.000710189 -0.00406363 GIH SAS
0 NA20889 -0.0114079 0.00805889 0.0251136 -0.034094 -0.00928208 -4.06277e-05 -1.36408e-05 0.00133333 0.00499617 -0.00107178 GIH SAS
0 NA20890 -0.010901 0.0120947 0.0182422 -0.0218724 -0.00386171 -6.82868e-05 -0.00372165 0.00251635 -0.0113911 -0.00179489 GIH SAS
0 NA20891 -0.0107699 0.0120979 0.0190184 -0.0220762 -0.00348645 -0.0020287 -0.000364712 0.00293834 -0.00855618 -0.00630975 GIH SAS
0 NA20892 -0.0110436 0.00979982 0.0237126 -0.0312093 -0.00910561 0.00181074 0.0019288 0.000134212 0.00437232 -0.005444 GIH SAS
0 NA20894 -0.0108339 0.00983876 0.0218951 -0.0263144 -0.0063196 -0.000406585 0.00120114 0.00140734 -0.00232139 0.00371604 GIH SAS
0 NA20895 -0.0108306 0.00858553 0.0217889 -0.0273594 -0.0050417 -0.00164375 -0.000255904 0.00231969 -0.00168535 0.000858939 GIH SAS
0 NA20896 -0.0107029 0.00796228 0.0245111 -0.0315877 -0.00864423 0.00124387 -0.000952132 0.00772894 -0.0030059 -0.00354279 GIH SAS
0 NA20897 -0.0110541 0.00541464 0.0236634 -0.0333796 -0.00915754 -0.000980892 -0.000352575 -0.000904988 0.00533867 -0.00195474 GIH SAS
0 NA20899 -0.0112513 0.00988526 0.0238629 -0.0285817 -0.0078511 0.000706934 -0.00304689 0.00325782 -0.00167466 -0.00124007 GIH SAS
0 NA20900 -0.0113357 0.012435 0.0183649 -0.0219598 -0.00286149 -0.00158605 -0.0015136 0.00327735 -0.00925001 -0.00311169 GIH SAS
0 NA20901 -0.0110208 0.00940435 0.0217266 -0.0280317 -0.00669118 -0.000909361 0.00076771 0.00207694 0.00339039 0.00180259 GIH SAS
0 NA20902 -0.0112011 0.00835365 0.026704 -0.0373532 -0.0131634 0.000628846 -0.0017294 0.00435606 -0.00619417 -0.00788057 GIH SAS
0 NA20903 -0.0109748 0.00934385 0.0233803 -0.0295833 -0.0083881 2.67988e-05 -0.00477798 0.00347896 -0.00625067 -0.00311999 GIH SAS
0 NA20904 -0.0114985 0.0116041 0.018075 -0.0221582 -0.00305718 -0.00228644 -4.85103e-05 0.000950805 -0.010675 0.000266067 GIH SAS
0 NA20905 -0.010779 0.00693881 0.0217078 -0.0284197 -0.00614827 -0.000827725 0.0025248 -0.000474218 0.0032803 -0.000161698 GIH SAS
0 NA20906 -0.0100293 0.00560666 0.0227133 -0.0293658 -0.00797473 -0.00285447 -0.00336236 0.00169211 -0.00550075 0.00268178 GIH SAS
0 NA20908 -0.0105025 0.00613044 0.0256312 -0.0333971 -0.00992502 0.000525376 0.00135197 -0.000141667 0.00241696 0.000328796 GIH SAS
0 NA20910 -0.0109397 0.0123658 0.0166077 -0.0165675 -6.2387e-05 -0.00334259 -0.00452538 -0.000117539 0.00255616 -0.00364302 GIH SAS
0 NA20911 -0.0110535 0.00836848 0.0249443 -0.0314724 -0.00964742 0.00187511 -0.00116005 0.000257428 0.000692944 -0.00430255 GIH SAS
0 NA21086 -0.0108924 0.0081351 0.0265987 -0.033589 -0.0118053 -0.000886826 0.00346039 0.00461406 -0.0106204 -0.00476527 GIH SAS
0 NA21087 -0.0109685 0.00926109 0.0244216 -0.0331643 -0.00926892 0.000432499 0.00112151 -0.000638407 0.00273941 -0.00371361 GIH SAS
0 NA21088 -0.0104689 0.00977531 0.0228217 -0.0290576 -0.0085309 0.000371128 -0.00182122 0.00198614 -0.00384096 -0.00383393 GIH SAS
0 NA21089 -0.0111494 0.00796519 0.0259752 -0.0353394 -0.0204578 0.00165173 0.00597192 0.00171799 0.00475898 0.00230921 GIH SAS
0 NA21090 -0.0113228 0.00877416 0.0239633 -0.0308946 -0.00850729 -0.00078343 -0.00111689 0.00123688 -0.00480821 -0.00361664 GIH SAS
0 NA21091 -0.0107982 0.00748092 0.0241101 -0.0333749 -0.00980682 -0.0025809 -0.00177177 0.00289673 -0.00578546 -0.00389957 GIH SAS
0 NA21092 -0.0114655 0.008174 0.0209756 -0.0258415 -0.00606313 0.000598949 0.00187345 -0.00296739 0.00335085 0.00104227 GIH SAS
0 NA21093 -0.0111134 0.00868464 0.0264444 -0.0343207 -0.00987122 0.000327433 0.00209419 0.00289583 0.00371883 -0.00325977 GIH SAS
0 NA21094 -0.0111188 0.00860813 0.0261736 -0.0340344 -0.00856912 0.000597525 -0.00280292 0.0049417 -0.0064745 -0.00506636 GIH SAS
0 NA21095 -0.010417 0.00695069 0.0226479 -0.0312579 -0.00711004 0.00023907 0.001493 0.00148444 -0.00502526 -0.000564917 GIH SAS
0 NA21097 -0.0107743 0.00935229 0.0220734 -0.0272321 -0.00766529 -0.000552744 -0.00512073 0.00253013 0.00216309 6.75687e-05 GIH SAS
0 NA21098 -0.0110192 0.00851547 0.0257856 -0.0328187 -0.0104684 0.000110626 -0.000629153 0.0019103 -0.00284099 -0.000547883 GIH SAS
0 NA21099 -0.0115263 0.00925355 0.0251402 -0.032816 -0.0109885 0.000241104 -0.000612363 0.00393194 0.00203389 0.000777785 GIH SAS
0 NA21100 -0.0108846 0.00673887 0.0251534 -0.0355323 -0.0116165 -0.000148477 -0.00193973 0.00454902 -0.00670959 -0.00335499 GIH SAS
0 NA21101 -0.0107658 0.00900066 0.0215639 -0.0268395 -0.00460684 -0.00136688 -0.00334128 -0.000764597 0.00735044 -0.00119224 GIH SAS
0 NA21102 -0.0107044 0.00833269 0.0241721 -0.0292646 -0.00902545 -0.00195095 0.000379062 -0.000758426 0.0063471 0.00431662 GIH SAS
0 NA21103 -0.0107336 0.00863738 0.0227274 -0.0321659 -0.0116074 5.00233e-06 0.00281973 0.00671039 -0.00918898 -0.00354196 GIH SAS
0 NA21104 -0.0109807 0.00819774 0.0229414 -0.0341995 -0.0093367 0.00119618 -0.00235798 0.00539755 -0.00110951 0.000247942 GIH SAS
0 NA21105 -0.0114603 0.00891061 0.0220108 -0.0322781 -0.00657436 -0.000609285 0.000907572 0.00345134 -0.00455404 -0.000587885 GIH SAS
0 NA21106 -0.0109401 0.00849969 0.0239359 -0.0318346 -0.00742289 -0.000377835 0.00217236 0.00275199 -0.000955529 -0.00365343 GIH SAS
0 NA21107 -0.0110132 0.00938235 0.0234471 -0.0298786 -0.00751961 -0.000686187 0.00263602 0.00106419 0.000517328 -0.00052468 GIH SAS
0 NA21108 -0.0114448 0.012226 0.0181943 -0.0235895 -0.0034258 -0.00131723 0.00380283 -0.00145713 0.00244953 0.00663197 GIH SAS
0 NA21109 -0.0107954 0.00827744 0.0247459 -0.0371552 -0.00995437 0.000811964 -0.000924519 0.00210983 -0.00305357 -0.00121179 GIH SAS
0 NA21110 -0.0107936 0.00900422 0.0240816 -0.0323354 -0.00792021 -0.000177296 0.00194984 0.0015636 -0.00257322 -0.000561632 GIH SAS
0 NA21111 -0.0105898 0.0089228 0.0252769 -0.0346701 -0.00924707 -0.000828697 -0.00176628 0.00522454 -0.00703098 -4.61093e-05 GIH SAS
0 NA21112 -0.0113803 0.00965555 0.0221242 -0.0308836 -0.00706782 -0.00150411 0.00192386 0.00344544 -0.010779 -0.00071783 GIH SAS
0 NA21113 -0.0111912 0.00976081 0.0229693 -0.0303294 -0.00746943 0.00128478 0.00110917 0.00129381 -0.0024324 7.87324e-05 GIH SAS
0 NA21114 -0.0113387 0.00965852 0.0221134 -0.0276099 -0.00646351 0.000125422 -8.64124e-05 0.00482833 -0.0062024 -0.00345898 GIH SAS
0 NA21115 -0.0107551 0.00823046 0.0244178 -0.0328421 -0.00918595 -0.00428935 -0.00205202 -0.0011284 0.00411147 -0.00025632 GIH SAS
0 NA21116 -0.0114526 0.0103331 0.0216386 -0.029659 -0.00597848 -0.00134051 -0.00140229 0.00186259 0.00305773 0.00258237 GIH SAS
0 NA21117 -0.0113238 0.00931841 0.0246181 -0.0314602 -0.00802226 -0.00178829 4.83315e-05 0.00288887 0.00211688 -0.00124097 GIH SAS
0 NA21118 -0.0111387 0.00876773 0.025238 -0.0314065 -0.00803383 8.41175e-05 -0.000892064 0.00248871 -0.00637185 -0.000432183 GIH SAS
0 NA21119 -0.010878 0.00815385 0.0258716 -0.0341282 -0.00891766 -0.000273372 0.000115136 0.00133451 -0.0017038 0.000131168 GIH SAS
0 NA21120 -0.0108898 0.0100796 0.0216761 -0.0260586 -0.00479184 -0.0016184 0.00146743 0.00135535 -0.00719462 0.000568985 GIH SAS
0 NA21122 -0.0106842 0.00825841 0.0246067 -0.0296742 -0.00667521 -0.00171835 0.00354074 0.00257629 -0.00273767 -0.00233926 GIH SAS
0 NA21123 -0.0109159 0.00922547 0.0241206 -0.0319539 -0.00908209 0.00067376 0.000182338 0.00164528 -0.00371029 -0.000844764 GIH SAS
0 NA21124 -0.0112925 0.00908492 0.0222237 -0.0311077 -0.00779603 0.00135039 -0.000909359 0.00362772 -0.00528868 -0.00360764 GIH SAS
0 NA21125 -0.0114786 0.00949877 0.0223935 -0.0307947 -0.00786725 -0.000458554 -0.00153178 0.00414411 0.00282934 -0.00207168 GIH SAS
0 NA21126 -0.0108449 0.00739002 0.0265973 -0.0373539 -0.011119 -0.000391474 0.00403442 0.00395669 -0.0112035 -0.00375984 GIH SAS
0 NA21127 -0.0109399 0.00825063 0.0234113 -0.0314866 -0.00798122 0.000316251 0.00116206 0.00470971 -0.00526225 -0.00105756 GIH SAS
0 NA21128 -0.0109148 0.00894722 0.0224307 -0.0283658 -0.00637276 -0.0011593 0.00289776 0.000139312 0.00171591 -6.34538e-05 GIH SAS
0 NA21129 -0.0108748 0.00806092 0.0263594 -0.0316054 -0.00961052 0.00306043 0.00233575 0.00144613 0.000925243 -0.0037427 GIH SAS
0 NA21130 -0.0110008 0.00932962 0.0244396 -0.0312123 -0.00840179 0.000263682 -0.000612619 0.00625643 -0.00518745 0.00125644 GIH SAS
0 NA21133 -0.0110494 0.00896986 0.0232404 -0.0299615 -0.00721028 0.00132079 0.00123729 0.00386434 -0.0026574 -0.00300938 GIH SAS
0 NA21135 -0.0109076 0.00748814 0.0246949 -0.0338075 -0.00884144 0.00121339 -0.00181782 0.0014493 -0.00216286 0.00184228 GIH SAS
0 NA21137 -0.0108644 0.0114406 0.0235532 -0.0280199 -0.00733983 0.00463742 0.00236472 0.00491772 -0.00574986 -0.00128808 GIH SAS
0 NA21141 -0.0110151 0.00818299 0.0239291 -0.0290533 -0.0100433 0.00153047 0.00583424 0.00781407 -0.010089 -0.00632734 GIH SAS
0 NA21142 -0.0105916 0.00686102 0.0270452 -0.0357495 -0.0129962 -0.00198447 0.00389547 0.00276802 -0.00282743 -0.00149971 GIH SAS
0 NA21143 -0.011065 0.00738305 0.0231368 -0.0309505 -0.00928501 -0.00271224 0.00194834 0.00613117 -0.0100687 -0.00701275 GIH SAS
0 NA21144 -0.0110839 0.00941028 0.0238667 -0.0307477 -0.0102359 -0.000675765 0.00429547 0.00412517 -0.000783253 -0.0019221 GIH SAS
