22:16849933:C:T
22:16852652:G:A
22:16853625:A:C
22:16854330:G:T
22:16854396:A:G
22:16854652:C:T
22:16854792:T:C
22:16855280:C:T
22:16855476:A:G
22:16855618:G:A
22:16856544:A:G
22:16858364:C:T
22:16860139:T:G
22:16860442:G:A
22:16860496:T:C
22:16860813:G:C
22:16861246:A:G
22:17075353:C:A
22:17089569:A:G
22:17089639:G:C
22:17133436:A:G
22:17135337:C:T
22:17150676:C:T
22:17202602:T:C
22:17203103:A:G
22:17208423:T:G
22:17210318:A:T
22:17211075:G:A
22:17220001:C:T
22:17222785:T:A
22:17223534:G:A
22:17225773:T:C
22:17228796:G:A
22:17231719:C:T
22:17233467:A:G
22:17279464:G:A
22:17279823:A:C
22:17280388:T:C
22:17280822:G:A
22:17281110:C:A
22:17281392:G:A
22:17281931:G:A
22:17282305:A:G
22:17282549:A:G
22:17282665:T:C
22:17282666:G:A
22:17282706:T:A
22:17284065:T:C
22:17284363:G:A
22:17285049:G:C
22:17285949:T:C
22:17286147:T:A
22:17286329:T:G
22:17286712:T:A
22:17287835:A:T
22:17288058:A:G
22:17288220:C:T
22:17288266:C:A
22:17288274:T:C
22:17288377:A:C
22:17289118:C:T
22:17290010:G:T
22:17290106:T:C
22:17290674:G:A
22:17292156:T:C
22:17293143:A:T
22:17294251:T:G
22:17294997:G:A
22:17295703:T:C
22:17295764:A:G
22:17295981:G:T
22:17296114:G:C
22:17296235:A:T
22:17296426:A:G
22:17296720:G:A
22:17296836:T:C
22:17297558:A:G
22:17297636:A:G
22:17299033:T:C
22:17299901:G:T
22:17300230:G:A
22:17300320:A:G
22:17300622:A:G
22:17301843:A:G
22:17301901:C:T
22:17302170:T:C
22:17302458:C:G
22:17302486:T:A
22:17302509:C:T
22:17302685:T:A
22:17302747:A:G
22:17302763:G:C
22:17302774:G:C
22:17302803:G:A
22:17302823:T:C
22:17302836:C:T
22:17302886:C:T
22:17302972:C:A
22:17303040:T:C
22:17303383:C:T
22:17303464:C:A
22:17303469:C:T
22:17303596:T:G
22:17303921:A:T
22:17304132:G:A
22:17304246:C:T
22:17304395:G:A
22:17304887:G:A
22:17305777:G:A
22:17306104:T:G
22:17306184:G:T
22:17306270:G:A
22:17307399:T:C
22:17307742:G:A
22:17308241:A:G
22:17309296:A:G
22:17309881:A:G
22:17310488:T:C
22:17310741:A:G
22:17311027:C:A
22:17311348:C:A
22:17312596:T:C
22:17312790:C:T
22:17313288:C:T
22:17313798:G:C
22:17313872:C:T
22:17314151:G:A
22:17314353:A:G
22:17314934:C:G
22:17314977:A:G
22:17315102:T:C
22:17315458:T:G
22:17315503:G:A
22:17315621:G:C
22:17316313:T:C
22:17316555:C:T
22:17316987:C:T
22:17316990:T:G
22:17317100:T:C
22:17317233:A:C
22:17317346:C:T
22:17318682:C:T
22:17318728:T:C
22:17318864:C:A
22:17319156:T:C
22:17324504:T:G
22:17326181:C:A
22:17326278:C:T
22:17326432:C:T
22:17326550:A:G
22:17326668:A:G
22:17326914:G:A
22:17327139:G:C
22:17327200:T:C
22:17327366:T:C
22:17327595:C:T
22:17327712:A:G
22:17328627:T:C
22:17328802:T:C
22:17329007:T:C
22:17331698:T:G
22:17334052:T:C
22:17338707:G:T
22:17339129:C:G
22:17339404:G:A
22:17339612:T:C
22:17339752:G:A
22:17340077:A:G
22:17340639:C:T
22:17340906:T:C
22:17341904:T:G
22:17342240:C:T
22:17342480:C:A
22:17342575:T:C
22:17342700:T:C
22:17342808:G:T
22:17343037:T:A
22:17343384:T:C
22:17344500:T:C
22:17344859:C:T
22:17345122:G:A
22:17345321:A:G
22:17346602:A:G
22:17346884:A:G
22:17347115:G:T
22:17394989:T:C
22:17395610:G:A
22:17395724:C:G
22:17395974:A:C
22:17396465:G:A
22:17396612:C:T
22:17397875:T:C
22:17398508:T:C
22:17398800:T:C
22:17398812:A:G
22:17399211:C:A
22:17399588:T:C
22:17401834:G:T
22:17403618:T:G
22:17403936:C:G
22:17404055:T:C
22:17404605:A:G
22:17404911:C:G
22:17405173:T:C
22:17405698:T:A
22:17406065:A:T
22:17406302:A:G
22:17406581:T:C
22:17406672:A:G
22:17407349:C:T
22:17407566:C:T
22:17408037:A:G
22:17408859:G:C
22:17409813:G:A
22:17409957:G:C
22:17410128:C:T
22:17410373:A:G
22:17410658:C:A
22:17410724:A:C
22:17410745:C:G
22:17410790:G:A
22:17411899:A:G
22:17412216:A:G
22:17412806:C:T
22:17413443:A:G
22:17413595:A:C
22:17414103:T:C
22:17414162:A:T
22:17414385:T:C
22:17414394:T:C
22:17414640:G:A
22:17414998:G:A
22:17415956:T:C
22:17416925:A:G
22:17417205:A:T
22:17419090:G:A
22:17419338:T:C
22:17419568:T:C
22:17420578:C:G
22:17421129:T:C
22:17421989:C:T
22:17422686:T:C
22:17423930:T:C
22:17423965:C:A
22:17426401:C:T
22:17426417:C:G
22:17426623:T:C
22:17427664:A:C
22:17428277:G:A
22:17428815:G:A
22:17429346:T:C
22:17429384:T:C
22:17430931:A:T
22:17433210:T:G
22:17433221:A:G
22:17434084:A:G
22:17434253:T:C
22:17434521:T:C
22:17434924:G:C
22:17436762:G:T
22:17437310:C:T
22:17437500:T:C
22:17437617:G:C
22:17439040:T:C
22:17440953:T:C
22:17441303:A:G
22:17441449:T:C
22:17441524:A:G
22:17441525:C:G
22:17442206:A:C
22:17442223:T:C
22:17442739:T:C
22:17442770:A:G
22:17442987:C:T
22:17443131:T:C
22:17443238:T:A
22:17443263:T:A
22:17443381:G:A
22:17445502:A:C
22:17446914:T:G
22:17446991:C:T
22:17447438:G:A
22:17448143:G:A
22:17449076:C:G
22:17449115:G:C
22:17450515:G:A
22:17452925:G:A
22:17452966:T:C
22:17453844:A:T
22:17454078:T:C
22:17454486:T:C
22:17454695:C:T
22:17454945:G:A
22:17456773:A:C
22:17457276:C:T
22:17462185:C:A
22:17464839:A:G
22:17465108:G:A
22:17465175:A:G
22:17467474:C:A
22:17469026:G:A
22:17469049:C:A
22:17469310:C:T
22:17470779:C:A
22:17472032:A:T
22:17472071:A:G
22:17474812:A:G
22:17475921:T:C
22:17485123:G:T
22:17488195:G:A
22:17490932:A:G
22:17491584:A:G
22:17492452:T:C
22:17493182:G:T
22:17493293:A:G
22:17493431:C:G
22:17493708:G:T
22:17493720:C:G
22:17494547:G:A
22:17523190:G:A
22:17524190:C:G
22:17524569:C:T
22:17524728:A:T
22:17525355:A:G
22:17525584:A:G
22:17525970:T:G
22:17526055:C:T
22:17526450:T:C
22:17526489:G:A
22:17526688:A:T
22:17527063:C:T
22:17527495:G:C
22:17527847:C:T
22:17528923:A:C
22:17529583:T:C
22:17529814:T:C
22:17530370:A:G
22:17530545:T:A
22:17532449:G:A
22:17532554:A:G
22:17532743:T:C
22:17532889:C:G
22:17533396:A:T
22:17533436:A:G
22:17535124:C:T
22:17535220:A:G
22:17535247:C:T
22:17535254:T:C
22:17535448:A:G
22:17535520:A:C
22:17535753:G:A
22:17535944:G:A
22:17536016:G:A
22:17536145:T:C
22:17536181:T:G
22:17536470:A:G
22:17536555:A:G
22:17537530:C:T
22:17537574:C:T
22:17537830:A:G
22:17537917:A:G
22:17538082:C:A
22:17538232:C:G
22:17538439:C:T
22:17538719:T:C
22:17538808:T:C
22:17538860:A:G
22:17539427:G:T
22:17539439:T:C
22:17539625:C:G
22:17539678:T:C
22:17541673:T:C
22:17542157:A:T
22:17542534:G:T
22:17542810:T:C
22:17543048:G:C
22:17544834:T:G
22:17545354:T:G
22:17545364:G:A
22:17545859:C:T
22:17547160:C:A
22:17547277:C:G
22:17549526:C:A
22:17550418:G:A
22:17554354:T:G
22:17554915:G:A
22:17555554:G:A
22:17556720:C:T
22:17557144:A:G
22:17557308:A:G
22:17559168:T:C
22:17560462:G:A
22:17560683:T:C
22:17561513:A:T
22:17564907:G:A
22:17565013:A:G
22:17565035:G:A
22:17565888:C:A
22:17565932:T:C
22:17565974:G:C
22:17566206:G:T
22:17566229:T:A
22:17566504:C:T
22:17567006:G:C
22:17567699:A:C
22:17567807:C:T
22:17567898:A:G
22:17567947:C:T
22:17568467:T:C
22:17569017:T:A
22:17570785:A:G
22:17572941:G:A
22:17573272:A:G
22:17575800:A:G
22:17582044:T:A
22:17582061:A:G
22:17582776:C:T
22:17582788:C:T
22:17585808:G:C
22:17586471:C:T
22:17587515:T:C
22:17587659:G:A
22:17587975:G:A
22:17589209:C:T
22:17589246:G:A
22:17589297:G:A
22:17589567:C:T
22:17589794:C:A
22:17590180:G:A
22:17590269:C:T
22:17591089:G:A
22:17593685:G:A
22:17593929:A:G
22:17594472:G:A
22:17594623:C:T
22:17594772:T:A
22:17594915:G:A
22:17595070:T:G
22:17595915:C:A
22:17595929:G:C
22:17596178:T:C
22:17596229:T:C
22:17596322:A:G
22:17597297:G:A
22:17597462:G:A
22:17597713:G:C
22:17597768:A:G
22:17598310:C:T
22:17598409:G:A
22:17598813:G:A
22:17599170:A:G
22:17599844:G:T
22:17600148:A:G
22:17600293:G:A
22:17600497:G:A
22:17602839:G:A
22:17603340:C:T
22:17603503:G:A
22:17603801:C:A
22:17605197:G:C
22:17605824:G:A
22:17605899:T:C
22:17607894:A:T
22:17608038:G:T
22:17608507:G:A
22:17609825:G:T
22:17610304:C:T
22:17610655:T:G
22:17611056:G:A
22:17611179:C:A
22:17611515:T:C
22:17612572:G:A
22:17612604:T:C
22:17612744:G:A
22:17612815:C:G
22:17614011:C:A
22:17614422:G:A
22:17614488:G:A
22:17614498:G:A
22:17614692:T:G
22:17615302:C:T
22:17615372:G:A
22:17616041:G:A
22:17616217:C:T
22:17616510:A:C
22:17618142:G:T
22:17618164:C:G
22:17619292:C:T
22:17619378:T:C
22:17619393:A:G
22:17619716:A:G
22:17621704:C:T
22:17622267:C:T
22:17622618:C:T
22:17623408:G:A
22:17623675:T:C
22:17623837:A:G
22:17624072:G:A
22:17624425:G:A
22:17626236:C:T
22:17626466:C:A
22:17626665:T:C
22:17630389:G:C
22:17630486:C:A
22:17631598:G:A
22:17631893:T:C
22:17632202:A:G
22:17633785:T:C
22:17634050:A:G
22:17634711:T:C
22:17634971:C:T
22:17635858:G:A
22:17637210:A:T
22:17637221:G:C
22:17639323:G:A
22:17639837:A:G
22:17643546:C:T
22:17643689:G:A
22:17643725:G:A
22:17643843:G:A
22:17644131:C:T
22:17644725:T:C
22:17645823:C:T
22:17646444:C:T
22:17649549:C:T
22:17649774:T:C
22:17650617:G:A
22:17651573:T:G
22:17652219:G:C
22:17652406:T:C
22:17652461:G:A
22:17653038:C:T
22:17653367:C:T
22:17653955:C:G
22:17654391:C:T
22:17654725:C:T
22:17654883:C:T
22:17655898:A:T
22:17656259:A:C
22:17656508:T:A
22:17656724:C:A
22:17656831:C:T
22:17656851:G:A
22:17658006:A:G
22:17658341:A:G
22:17658716:T:C
22:17658776:C:A
22:17660056:G:A
22:17660303:A:T
22:17660501:C:G
22:17660556:T:C
22:17660646:A:G
22:17661178:A:G
22:17661347:C:G
22:17661508:C:G
22:17661791:C:T
22:17661922:C:G
22:17661935:A:T
22:17662163:C:G
22:17662591:C:G
22:17662679:C:T
22:17662699:A:G
22:17662793:A:G
22:17662917:G:C
22:17663117:T:C
22:17663804:A:G
22:17666437:A:T
22:17670256:C:T
22:17675900:C:A
22:17676102:T:A
22:17677699:C:T
22:17678128:C:G
22:17678307:A:G
22:17679377:G:C
22:17680059:C:T
22:17680519:A:C
22:17682294:C:A
22:17685194:T:A
22:17685565:T:C
22:17685818:T:G
22:17690409:G:A
22:17691795:T:A
22:17691887:C:T
22:17692507:T:A
22:17697781:A:C
22:17697861:C:T
22:17698080:T:C
22:17698173:A:G
22:17699299:G:T
22:17699402:T:A
22:17699630:T:A
22:17701234:A:G
22:17701304:C:A
22:17701530:T:C
22:17701868:C:T
22:17701870:C:T
22:17702505:G:A
22:17702580:T:C
22:17702662:T:C
22:17702778:C:T
22:17702858:C:T
22:17702876:G:T
22:17703993:G:T
22:17705622:T:C
22:17705808:C:T
22:17709771:T:C
22:17709828:G:A
22:17709883:G:A
22:17709935:T:C
22:17721551:G:C
22:17721595:T:C
22:17722442:A:T
22:17722536:G:A
22:17722982:G:T
22:17724049:C:A
22:17724093:G:A
22:17739036:G:C
22:17739646:T:C
22:17740995:G:A
22:17743228:T:A
22:17743426:T:C
22:17744553:T:C
22:17746101:T:C
22:17747195:A:C
22:17747278:T:C
22:17747340:T:C
22:17747694:T:C
22:17749096:G:A
22:17750681:C:T
22:17753505:G:A
22:17759885:C:G
22:17760183:C:G
22:17760350:G:A
22:17760620:T:C
22:17761425:C:T
22:17762499:C:T
22:17765505:G:A
22:17766115:T:C
22:17768689:G:A
22:17770181:T:G
22:17771737:C:T
22:17773764:T:C
22:17781035:G:A
22:17781555:T:C
22:17782813:C:T
22:17784602:G:A
22:17784977:G:A
22:17785199:A:G
22:17785224:T:C
22:17785383:C:T
22:17787836:G:C
22:17789245:G:T
22:17789257:T:A
22:17790349:C:T
22:17790731:A:G
22:17790885:C:T
22:17791132:T:G
22:17791970:T:G
22:17792740:G:A
22:17795408:A:G
22:17795925:C:T
22:17796520:G:A
22:17796971:C:A
22:17797450:A:T
22:17797775:C:G
22:17797806:C:T
22:17798800:T:C
22:17798848:C:G
22:17799387:T:C
22:17799529:C:T
22:17799956:T:C
22:17800472:C:T
22:17800508:C:T
22:17800512:G:A
22:17800757:G:A
22:17802781:A:G
22:17803593:A:G
22:17803872:G:A
22:17804207:A:T
22:17804395:T:C
22:17805430:C:T
22:17805732:T:C
22:17806722:C:A
22:17806998:T:G
22:17807347:G:C
22:17807431:A:G
22:17809117:A:T
22:17810483:A:G
22:17814811:G:A
22:17815696:C:G
22:17816026:C:G
22:17817967:G:C
22:17818146:G:C
22:17818894:G:A
22:17818918:C:T
22:17825248:T:C
22:17825432:T:A
22:17826017:G:A
22:17827684:A:G
22:17830244:T:A
22:17830578:C:T
22:17831071:G:A
22:17831441:T:C
22:17831813:C:T
22:17833767:T:A
22:17834040:G:A
22:17835819:C:T
22:17838368:T:C
22:17838809:A:C
22:17839358:C:T
22:17840629:G:C
22:17840791:T:C
22:17841068:G:T
22:17841198:C:G
22:17841855:T:C
22:17842386:G:A
22:17842731:G:A
22:17844295:T:C
22:17846951:G:A
22:17850784:T:A
22:17850822:T:C
22:17851683:T:C
22:17852805:G:T
22:17854257:C:T
22:17856960:T:C
22:17860048:C:T
22:17860253:C:G
22:17860634:A:G
22:17861131:C:T
22:17861476:G:A
22:17866198:C:T
22:17873099:G:A
22:17875153:G:A
22:17875960:G:A
22:17880070:A:G
22:17880415:C:G
22:17881271:T:C
22:17881797:G:A
22:17883220:C:T
22:17886458:A:G
22:17887534:G:A
22:17887725:G:A
22:17890558:A:G
22:17890752:T:C
22:17891554:G:A
22:17892618:G:A
22:17893850:C:T
22:17894080:A:G
22:17894083:A:G
22:17895051:G:A
22:17895568:A:G
22:17896206:G:C
22:17896534:A:T
22:17896535:A:T
22:17896967:C:A
22:17897464:G:C
22:17897544:T:C
22:17897608:T:C
22:17897822:G:A
22:17897917:C:T
22:17898193:T:G
22:17898226:T:C
22:17898241:C:T
22:17899136:C:T
22:17899175:A:G
22:17899209:A:G
22:17899518:G:A
22:17899841:G:A
22:17901766:C:T
22:17901769:T:A
22:17901925:T:C
22:17901939:T:C
22:17901940:G:A
22:17902023:C:G
22:17902056:C:G
22:17902357:C:T
22:17902842:G:A
22:17902858:T:C
22:17903330:A:G
22:17903508:A:G
22:17903550:C:G
22:17903838:T:C
22:17903865:T:A
22:17903914:A:C
22:17904395:A:G
22:17904558:T:A
22:17904726:A:G
22:17904866:A:G
22:17904875:A:G
22:17904959:A:G
22:17905017:G:T
22:17905148:C:A
22:17905851:G:A
22:17905910:A:G
22:17906920:C:A
22:17907300:A:G
22:17907328:G:A
22:17907350:G:C
22:17907411:A:G
22:17907651:A:G
22:17907732:G:A
22:17907738:G:A
22:17907772:C:T
22:17908082:A:G
22:17908807:G:A
22:17909077:G:A
22:17909998:C:T
22:17910586:T:G
22:17910638:T:C
22:17911826:G:A
22:17911838:T:G
22:17911886:C:T
22:17912086:C:T
22:17912139:C:G
22:17912220:G:A
22:17912423:T:C
22:17912448:A:G
22:17912704:G:C
22:17912717:T:C
22:17912796:A:G
22:17912881:G:A
22:17912894:G:A
22:17914117:A:G
22:17915430:T:C
22:17915744:A:G
22:17916235:A:C
22:17916414:G:A
22:17916547:G:A
22:17917312:G:A
22:17917546:A:G
22:17917924:A:G
22:17918100:G:C
22:17918255:T:A
22:17918328:A:G
22:17918536:G:A
22:17918941:C:T
22:17919366:G:A
22:17919650:T:A
22:17919832:A:C
22:17920802:A:C
22:17920918:G:C
22:17921160:T:C
22:17922198:T:C
22:17922346:A:G
22:17922431:C:T
22:17922735:C:T
22:17922770:G:A
22:17923530:A:G
22:17923532:G:A
22:17923876:C:T
22:17923962:C:T
22:17924127:G:A
22:17924339:G:A
22:17924730:G:A
22:17924976:G:A
22:17926575:A:C
22:17926593:A:C
22:17926802:A:C
22:17927262:A:G
22:17927480:C:T
22:17927861:G:A
22:17929119:T:G
22:17929201:C:T
22:17929302:A:G
22:17929613:A:G
22:17929675:G:C
22:17929775:T:C
22:17929926:T:C
22:17930193:G:A
22:17930263:T:G
22:17930792:A:G
22:17931321:G:A
22:17931483:A:G
22:17931566:G:A
22:17931722:G:T
22:17932686:T:C
22:17932859:G:A
22:17936911:A:G
22:17937630:G:A
22:17939887:T:G
22:17940157:G:C
22:17940494:A:G
22:17940737:T:C
22:17942014:G:A
22:17942684:A:C
22:17942912:C:G
22:17943200:C:T
22:17943467:G:A
22:17943600:G:C
22:17943622:A:G
22:17944963:G:T
22:17945047:T:C
22:17945424:A:G
22:17945922:A:G
22:17946058:C:T
22:17946168:T:C
22:17946202:C:T
22:17946287:A:T
22:17946441:T:C
22:17946494:T:G
22:17947371:C:T
22:17948335:C:T
22:17948342:A:G
22:17948473:A:C
22:17948917:T:C
22:17951750:A:G
22:17951782:A:G
22:17952719:A:G
22:17953763:A:G
22:17955824:T:C
22:17956368:A:G
22:17956759:C:G
22:17956887:T:C
22:17958221:A:C
22:17958884:A:G
22:17962196:C:A
22:17962459:C:T
22:17964577:G:A
22:17965531:A:G
22:17965557:C:T
22:17965860:G:T
22:17965862:A:G
22:17965964:T:C
22:17966172:T:C
22:17966569:A:T
22:17966606:A:G
22:17966747:C:G
22:17966816:T:C
22:17968311:A:G
22:17968364:C:T
22:17968594:C:T
22:17969005:T:C
22:17971883:T:C
22:17972676:G:A
22:17973032:G:A
22:17973664:C:A
22:17978600:G:C
22:17986344:G:A
22:17986811:T:C
22:17987962:G:A
22:17990852:G:A
22:17991515:G:T
22:17994585:C:T
22:17995145:C:T
22:17996579:T:G
22:17997569:G:T
22:17997619:T:G
22:17998807:T:G
22:17999158:A:G
22:18001375:G:T
22:18006236:A:G
22:18007674:G:A
22:18010662:A:T
22:18010945:T:G
22:18010946:C:T
22:18011195:T:G
22:18011380:A:G
22:18012158:C:T
22:18012276:C:A
22:18013723:T:C
22:18016508:G:A
22:18018489:G:C
22:18018509:T:C
22:18018604:A:C
22:18018913:A:G
22:18019539:T:C
22:18020773:A:G
22:18020796:T:C
22:18021760:A:G
22:18027334:C:A
22:18031530:G:A
22:18031544:A:G
22:18032226:A:G
22:18036253:A:G
22:18036388:C:A
22:18036785:C:T
22:18038176:T:C
22:18038786:G:A
22:18039650:C:A
22:18043090:C:G
22:18049681:T:C
22:18050728:A:G
22:18053496:A:G
22:18054369:T:C
22:18055234:G:T
22:18055357:G:C
22:18062987:T:C
22:18070978:T:C
22:18071444:G:A
22:18071941:T:C
22:18072768:A:C
22:18073568:T:C
22:18073592:G:C
22:18076546:C:A
22:18077720:G:T
22:18077829:G:T
22:18079177:T:C
22:18079203:T:C
22:18079241:C:A
22:18079316:C:T
22:18079339:A:G
22:18079518:T:C
22:18080154:A:G
22:18081156:G:T
22:18081830:A:G
22:18083260:T:C
22:18084033:C:T
22:18084272:A:G
22:18084303:C:A
22:18084331:G:C
22:18084836:C:A
22:18084977:T:C
22:18085115:T:C
22:18085646:A:G
22:18086312:G:C
22:18086475:G:T
22:18086994:G:A
22:18088795:G:A
22:18088846:C:G
22:18088903:C:A
22:18088945:C:A
22:18089058:G:A
22:18089257:G:C
22:18089601:C:G
22:18089615:T:C
22:18089828:T:C
22:18089854:C:T
22:18089919:A:G
22:18091087:G:T
22:18091363:T:A
22:18091367:A:C
22:18092809:G:T
22:18093102:C:A
22:18093310:T:C
22:18093592:G:T
22:18094292:A:G
22:18094581:G:A
22:18094893:G:A
22:18094915:C:T
22:18095170:C:T
22:18095838:A:G
22:18095901:T:C
22:18096199:G:A
22:18098366:A:G
22:18100435:C:T
22:18100472:A:G
22:18103861:C:T
22:18104619:C:T
22:18104792:C:T
22:18105031:G:A
22:18105457:T:C
22:18106662:T:C
22:18111431:T:C
22:18115251:G:C
22:18115392:A:G
22:18116033:A:G
22:18118204:G:A
22:18120850:C:T
22:18121334:G:C
22:18122486:G:A
22:18124332:G:A
22:18124362:G:A
22:18126020:T:C
22:18127437:G:A
22:18128960:G:A
22:18131078:C:T
22:18131226:C:T
22:18131546:A:G
22:18134850:T:C
22:18134976:A:T
22:18137144:T:C
22:18143835:C:T
22:18144164:T:C
22:18144315:A:C
22:18144824:T:A
22:18146388:T:C
22:18148454:T:C
22:18156644:A:G
22:18159407:T:C
22:18159946:A:G
22:18161979:G:A
22:18163539:G:A
22:18164864:A:G
22:18169212:T:G
22:18169221:T:A
22:18172236:C:G
22:18173103:T:A
22:18174658:A:G
22:18174781:T:C
22:18175550:G:A
22:18175558:A:T
22:18178859:C:T
22:18179399:C:T
22:18180567:G:C
22:18181869:A:G
22:18183623:G:C
22:18184011:G:A
22:18184290:T:C
22:18187216:C:T
22:18198327:C:G
22:18200050:G:A
22:18200386:G:A
22:18201204:C:T
22:18201526:G:C
22:18202129:A:G
22:18205430:A:T
22:18205557:C:T
22:18207251:T:C
22:18207927:T:G
22:18208764:C:T
22:18209613:A:G
22:18210704:G:C
22:18211205:T:C
22:18211983:T:C
22:18213057:G:A
22:18214609:G:T
22:18216211:A:G
22:18216262:G:C
22:18218464:T:C
22:18218475:C:G
22:18221167:A:G
22:18222263:A:G
22:18222350:G:A
22:18222557:G:A
22:18222665:T:C
22:18224155:G:A
22:18224731:C:A
22:18225684:T:C
22:18226521:C:T
22:18229187:T:C
22:18229774:T:C
22:18232368:G:A
22:18232653:A:T
22:18232723:G:C
22:18233000:G:A
22:18234535:G:A
22:18235288:C:G
22:18235305:T:C
22:18237436:T:A
22:18246375:A:G
22:18250882:C:T
22:18250892:A:G
22:18254632:C:T
22:18255943:C:T
22:18255988:C:T
22:18258382:C:T
22:18260704:T:C
22:18261028:A:G
22:18261304:G:A
22:18261306:G:A
22:18261323:A:G
22:18261344:A:G
22:18261346:A:G
22:18261496:G:A
22:18261544:G:A
22:18261587:T:C
22:18262301:T:A
22:18262362:C:T
22:18262517:A:G
22:18262767:C:T
22:18262946:C:G
22:18263018:A:G
22:18263218:C:T
22:18263264:T:C
22:18263268:C:T
22:18264831:A:G
22:18265683:C:T
22:18267982:C:T
22:18268442:C:G
22:18268450:G:A
22:18273463:G:A
22:18274092:G:C
22:18276101:G:A
22:18280602:C:T
22:18283247:A:G
22:18285299:T:C
22:18286672:T:C
22:18289204:G:A
22:18289555:G:A
22:18291198:T:C
22:18291364:G:A
22:18291376:C:T
22:18291791:C:A
22:18292198:A:G
22:18293316:C:T
22:18293650:A:G
22:18293967:A:T
22:18294211:T:C
22:18294522:T:A
22:18294697:C:T
22:18294704:G:A
22:18294919:T:G
22:18295130:G:A
22:18295575:T:C
22:18296438:T:C
22:18296441:C:T
22:18296484:T:C
22:18296536:T:C
22:18297990:T:C
22:18298089:A:G
22:18298527:G:T
22:18298678:T:C
22:18298723:G:C
22:18299197:A:G
22:18299751:G:A
22:18299937:A:G
22:18300240:T:C
22:18300594:G:A
22:18300879:G:A
22:18301693:T:C
22:18302122:G:C
22:18304392:G:T
22:18304583:T:C
22:18304695:A:G
22:18304784:A:C
22:18306154:T:C
22:18306485:C:T
22:18306812:C:T
22:18307634:G:A
22:18308320:C:A
22:18308601:C:T
22:18308788:A:G
22:18308819:A:G
22:18308936:C:T
22:18309546:C:T
22:18309658:T:C
22:18309666:C:T
22:18309803:A:G
22:18309826:G:A
22:18309859:T:C
22:18309951:C:G
22:18310068:A:G
22:18310110:C:T
22:18310363:C:T
22:18310367:T:C
22:18311845:A:G
22:18312343:T:C
22:18313018:G:A
22:18313044:G:A
22:18313584:C:G
22:18313591:G:C
22:18313615:T:C
22:18313672:C:G
22:18314164:G:A
22:18314391:G:A
22:18314989:C:T
22:18315068:G:A
22:18315983:C:T
22:18316091:C:T
22:18316304:C:T
22:18316333:C:T
22:18316526:T:C
22:18316620:C:T
22:18318963:C:G
22:18319179:C:T
22:18320058:C:T
22:18320258:C:G
22:18320311:A:G
22:18320312:C:A
22:18320343:T:C
22:18320886:G:A
22:18323438:T:C
22:18323482:G:T
22:18323609:C:T
22:18324301:G:A
22:18324564:C:T
22:18325378:G:C
22:18325541:T:C
22:18326033:G:C
22:18326075:T:A
22:18326130:T:C
22:18327590:G:C
22:18328503:A:G
22:18329146:A:G
22:18329411:C:A
22:18331118:C:A
22:18331871:T:A
22:18333902:C:T
22:18337880:C:T
22:18338356:C:T
22:18341004:C:G
22:18342225:C:T
22:18343011:C:A
22:18343523:C:A
22:18343843:T:C
22:18343959:G:A
22:18345864:A:C
22:18347127:C:T
22:18347224:G:A
22:18347916:A:G
22:18348439:T:C
22:18348823:G:A
22:18349948:T:C
22:18350514:C:A
22:18351575:A:G
22:18352679:C:T
22:18352887:G:C
22:18352968:G:A
22:18352986:G:A
22:18353549:C:T
22:18353630:G:C
22:18353910:A:G
22:18354272:C:T
22:18354328:C:T
22:18354766:C:T
22:18357509:T:C
22:18357549:C:T
22:18358633:A:G
22:18361090:G:A
22:18361183:T:C
22:18361871:G:A
22:18362573:G:A
22:18362940:G:A
22:18363387:C:T
22:18364579:C:G
22:18365072:G:A
22:18365392:T:A
22:18366821:C:T
22:18367640:T:C
22:18367988:G:A
22:18368147:C:T
22:18368548:G:A
22:18369916:A:G
22:18370997:G:A
22:18371293:C:T
22:18371637:C:T
22:18372020:A:G
22:18372709:A:G
22:18373885:C:T
22:18374014:T:C
22:18374150:T:C
22:18374554:C:T
22:18374558:G:C
22:18374875:C:T
22:18374925:G:C
22:18374927:A:T
22:18377329:G:A
22:18378002:T:C
22:18379160:T:A
22:18380724:A:G
22:18380917:C:T
22:18381041:A:G
22:18381686:G:C
22:18385166:G:C
22:18385933:C:T
22:18385944:G:A
22:18386406:T:G
22:18387015:T:C
22:18388315:T:G
22:18389082:T:C
22:18390280:A:C
22:18391061:G:A
22:18393534:C:A
22:18393564:C:T
22:18393933:A:G
22:18394484:T:C
22:18394968:C:T
22:18395241:G:A
22:18395877:C:T
22:18395952:C:T
22:18396329:A:C
22:18397120:C:T
22:18397572:C:T
22:18397913:T:G
22:18398018:T:C
22:18398207:C:A
22:18398447:A:G
22:18400366:T:C
22:18401104:G:A
22:18401209:G:A
22:18401597:G:C
22:18401620:G:C
22:18402012:T:C
22:18402669:G:T
22:18402924:G:A
22:18403516:A:G
22:18403629:G:A
22:18406068:T:G
22:18406473:C:T
22:18407249:C:T
22:18407468:G:A
22:18408322:C:T
22:18408705:C:A
22:18412929:G:A
22:18413750:G:A
22:18420055:T:C
22:18421784:C:A
22:18421821:C:A
22:18421899:A:G
22:18421926:T:C
22:18422165:C:G
22:18422843:T:C
22:18424298:T:C
22:18426299:T:C
22:18426372:C:A
22:18427418:T:C
22:18428443:T:C
22:18429001:C:T
22:18429279:T:C
22:18429694:T:G
22:18430193:C:T
22:18431064:G:A
22:18432033:C:T
22:18433603:A:C
22:18433994:G:T
22:18434038:C:G
22:18434088:T:C
22:18434144:C:G
22:18434284:A:G
22:18434889:T:G
22:18436944:G:A
22:18437043:C:T
22:18437382:A:G
22:18438221:T:C
22:18438314:A:C
22:18438485:A:G
22:18438559:A:G
22:18438578:G:A
22:18438642:G:C
22:18439047:G:T
22:18439420:G:A
22:18439598:A:G
22:18439958:C:T
22:18440026:C:T
22:18440076:C:A
22:18440628:C:T
22:18442522:T:C
22:18443287:T:C
22:18443404:G:A
22:18443681:T:C
22:18443699:G:T
22:18443818:C:G
22:18443855:A:G
22:18444180:A:G
22:18444227:G:A
22:18444290:C:T
22:18444599:C:T
22:18444649:T:A
22:18444657:T:C
22:18444675:T:C
22:18444693:A:C
22:18444734:C:T
22:18444908:G:A
22:18445021:T:G
22:18445031:T:G
22:18445263:C:T
22:18445287:A:G
22:18445288:G:A
22:18445692:A:T
22:18445952:C:T
22:18446212:T:G
22:18446318:C:A
22:18446452:G:A
22:18446490:T:C
22:18446565:G:A
22:18446691:C:G
22:18446831:A:G
22:18447114:C:T
22:18447491:G:A
22:18447496:A:G
22:18447697:G:A
22:18448113:C:T
22:18448129:T:C
22:18448276:C:T
22:18448605:G:C
22:18448960:G:A
22:18449038:A:G
22:18449130:C:G
22:18449543:A:G
22:18449576:C:G
22:18449758:C:G
22:18449876:A:G
22:18449927:T:C
22:18450116:T:C
22:18450149:A:G
22:18451391:G:A
22:18451438:A:C
22:18451554:G:A
22:18451593:C:T
22:18452501:C:A
22:18452843:G:C
22:18453103:G:C
22:18454588:G:A
22:18454600:G:A
22:18455122:C:T
22:18455232:G:A
22:18455621:A:G
22:18455700:C:A
22:18455830:A:G
22:18455914:G:A
22:18456254:C:T
22:18456874:T:C
22:18457043:G:T
22:18457119:C:T
22:18457246:A:G
22:18457720:G:T
22:18457986:T:C
22:18459040:C:T
22:18459127:G:C
22:18460059:G:T
22:18461056:A:T
22:18461166:A:G
22:18461180:T:C
22:18461231:T:C
22:18462027:C:T
22:18462418:C:A
22:18463216:A:G
22:18463254:A:C
22:18463266:A:G
22:18463274:G:T
22:18463297:A:G
22:18463306:T:C
22:18463608:C:T
22:18463747:T:C
22:18464410:G:A
22:18464611:T:C
22:18465105:G:A
22:18465616:T:C
22:18465677:G:A
22:18465756:A:C
22:18465757:A:C
22:18465978:C:T
22:18466111:G:T
22:18466160:A:G
22:18466302:C:G
22:18466779:G:A
22:18466802:G:A
22:18466853:T:G
22:18467121:G:A
22:18467133:C:T
22:18469547:C:T
22:18470030:T:G
22:18470897:T:G
22:18470933:G:A
22:18473809:C:T
22:18474291:C:T
22:18474385:C:T
22:18474399:G:A
22:18474728:G:A
22:18477403:A:G
22:18481857:C:T
22:18482600:G:A
22:18483230:A:G
22:18484643:C:A
22:18484644:C:G
22:18485117:G:C
22:18485460:A:T
22:18486017:T:C
22:18486282:A:G
22:18486514:G:A
22:18488883:G:C
22:18489252:G:A
22:18495216:C:T
22:18496522:T:C
22:18496800:G:C
22:18496859:G:A
22:18498685:A:G
22:18498930:T:C
22:18499307:C:G
22:18502110:T:G
22:18503211:C:T
22:18504152:T:G
22:18504191:A:G
22:18504315:A:G
22:18504527:T:C
22:18504654:A:G
22:18504677:C:T
22:18504693:G:A
22:18504801:T:G
22:18504891:T:A
22:18505062:G:A
22:18505068:G:A
22:18505121:A:G
22:18505188:A:C
22:18505703:A:G
22:18506073:A:G
22:18506773:T:C
22:18507030:G:A
22:18507575:T:G
22:18507849:G:A
22:18509086:A:T
22:18509095:C:T
22:18509948:C:A
22:18510145:G:T
22:18510936:C:T
22:18510974:T:A
22:18510989:A:T
22:18511085:T:C
22:18511135:G:A
22:18511506:C:A
22:18511546:G:C
22:18511648:C:T
22:18512094:C:T
22:18512109:C:G
22:18512282:T:C
22:18512325:G:A
22:18512462:A:G
22:18512758:T:G
22:18513780:G:T
22:18513786:A:G
22:18514305:T:C
22:18514898:C:T
22:18516782:A:T
22:18516997:C:T
22:18518634:G:A
22:18518759:C:T
22:18518829:G:A
22:18519086:G:C
22:18519998:T:C
22:18520582:G:A
22:18520612:G:A
22:18520654:G:A
22:18522189:C:T
22:18522284:C:G
22:18522323:C:T
22:18522327:C:G
22:18522357:C:T
22:18525700:T:C
22:18526567:C:G
22:18526789:T:G
22:18527828:C:T
22:18528673:C:T
22:18528978:A:G
22:18530897:G:C
22:18531472:G:T
22:18531698:C:T
22:18533434:C:T
22:18534292:C:A
22:18537145:A:G
22:18538076:C:T
22:18539370:T:C
22:18539553:C:T
22:18539656:A:G
22:18542023:G:A
22:18542185:C:T
22:18542311:A:G
22:18542442:G:A
22:18543833:T:C
22:18545387:G:A
22:18545634:C:T
22:18545811:T:G
22:18545898:T:G
22:18546612:G:A
22:18546700:C:T
22:18547586:C:G
22:18548050:G:A
22:18549152:T:C
22:18549174:G:A
22:18549641:G:A
22:18549740:T:C
22:18551341:T:C
22:18552662:C:T
22:18553542:G:T
22:18554486:A:G
22:18555134:A:G
22:18555681:C:T
22:18562888:C:T
22:18563052:G:A
22:18565048:T:C
22:18565346:A:G
22:18565727:A:G
22:18566917:C:T
22:18569254:T:A
22:18570153:G:A
22:18570164:C:G
22:18570175:T:G
22:18570346:G:A
22:18571008:G:A
22:18571828:T:C
22:18573967:A:G
22:18574715:C:T
22:18576389:T:G
22:18577338:T:C
22:18579824:C:T
22:18580460:T:G
22:18581665:C:T
22:18582402:T:A
22:18582650:A:C
22:18583267:T:C
22:18583574:T:C
22:18583894:C:A
22:18584433:T:C
22:18594928:T:G
22:18594931:T:C
22:18594961:A:G
22:18596449:G:T
22:18597404:G:A
22:18597502:T:C
22:18600055:G:A
22:18600803:G:A
22:18601415:A:G
22:18603088:C:G
22:18605315:C:G
22:18607638:G:A
22:18608402:T:C
22:18608436:G:A
22:18608627:T:C
22:18609046:G:A
22:18609642:C:T
22:18609854:G:A
22:18611223:A:G
22:18613045:G:A
22:18616930:A:G
22:18617440:T:C
22:18617515:G:A
22:18624958:A:C
22:18626637:A:G
22:18626664:G:A
22:18627730:C:G
22:18628212:C:A
22:18628243:G:A
22:18628436:T:C
22:18628499:G:T
22:18628632:C:T
22:18628715:C:T
22:18629028:C:A
22:18629113:G:A
22:18629153:C:T
22:18629170:C:T
22:18631365:C:T
22:18633446:G:A
22:18633860:G:A
22:18633871:C:G
22:18633978:A:C
22:18635018:G:C
22:18635125:G:A
22:18636082:A:G
22:18637050:G:T
22:18637094:A:C
22:18637268:T:C
22:18639178:A:T
22:18639402:G:A
22:18639909:C:T
22:18640203:A:G
22:18640300:G:A
22:18641443:G:A
22:18641577:C:G
22:18889794:A:G
22:18890344:T:C
22:18893631:T:C
22:18894600:G:C
22:18896709:T:C
22:18897228:C:A
22:18898064:G:A
22:18898289:G:C
22:18898339:A:G
22:18901667:C:T
22:18907405:G:T
22:18910545:C:T
22:18910756:C:G
22:18912119:T:C
22:18912678:A:G
22:18913602:G:A
22:18915282:C:T
22:18915347:C:T
22:18915763:T:G
22:18915816:T:C
22:18915963:G:A
22:18916180:C:T
22:18916756:C:A
22:18917031:T:C
22:18917621:A:T
22:18917748:C:T
22:18917886:T:C
22:18918005:G:C
22:18918008:G:C
22:18918014:A:G
22:18918080:G:C
22:18918208:T:C
22:18918218:G:A
22:18918267:C:T
22:18918430:T:C
22:18918760:T:C
22:18918937:G:C
22:18919755:C:A
22:18919899:T:A
22:18921223:T:C
22:18921239:T:C
22:18921297:G:C
22:18921917:A:G
22:18922022:T:C
22:18924379:C:T
22:18924956:G:T
22:18937513:T:A
22:18938190:G:A
22:18938193:T:C
22:18943076:G:A
22:18952629:G:A
22:18953106:A:G
22:18953329:C:T
22:18955957:A:T
22:18957376:A:G
22:18961405:A:G
22:18961782:G:A
22:18963340:G:A
22:18964791:G:C
22:18965418:C:T
22:18965628:C:T
22:18966001:C:A
22:18966136:T:C
22:18966137:C:G
22:18966512:C:A
22:18966904:G:T
22:18967288:T:A
22:18967371:A:G
22:18970915:C:T
22:18971065:C:T
22:18972331:A:G
22:18972425:T:C
22:18975504:A:C
22:18975587:A:G
22:18976508:G:A
22:18979405:A:C
22:18980443:T:C
22:18981563:T:C
22:18982097:G:A
22:18983750:G:T
22:18984848:A:G
22:18985726:T:A
22:18988552:T:A
22:18989020:A:G
22:18989198:A:C
22:18989466:T:C
22:18990128:A:C
22:18991377:T:G
22:18993128:C:T
22:18995430:T:G
22:18995549:T:C
22:18996565:A:G
22:18997367:T:C
22:19000061:A:G
22:19001841:C:T
22:19002009:G:T
22:19002531:A:G
22:19004772:G:C
22:19008025:G:A
22:19008108:G:T
22:19010631:C:T
22:19023639:A:G
22:19024651:C:T
22:19025330:A:C
22:19025381:C:T
22:19025897:C:T
22:19026025:A:G
22:19026613:A:G
22:19026877:C:A
22:19027129:C:T
22:19027582:G:A
22:19028320:C:G
22:19028476:T:C
22:19028480:T:C
22:19030007:A:G
22:19030113:A:G
22:19030336:A:G
22:19030348:T:C
22:19030722:A:G
22:19030832:C:G
22:19031108:G:A
22:19031614:T:C
22:19032215:G:A
22:19032444:T:C
22:19032965:C:T
22:19033768:G:C
22:19034079:A:C
22:19034240:A:G
22:19034829:A:G
22:19034833:T:C
22:19035072:A:G
22:19035697:T:C
22:19036232:A:G
22:19036479:C:T
22:19036739:G:C
22:19037535:T:C
22:19037734:G:A
22:19038847:C:T
22:19039491:G:A
22:19040409:C:T
22:19040446:C:T
22:19040775:A:G
22:19040808:T:A
22:19040878:A:G
22:19041699:G:A
22:19041896:C:A
22:19042822:G:A
22:19043299:G:A
22:19045784:A:G
22:19045932:A:T
22:19046735:A:G
22:19046943:T:A
22:19047579:C:T
22:19047776:C:A
22:19048413:A:G
22:19048449:G:A
22:19048688:C:G
22:19049278:T:C
22:19049602:T:G
22:19049657:T:C
22:19049871:G:A
22:19050007:C:T
22:19050010:A:G
22:19050110:A:G
22:19051362:G:A
22:19051381:T:C
22:19052189:C:T
22:19052972:T:C
22:19053016:A:G
22:19053290:C:G
22:19053406:G:T
22:19054160:G:C
22:19054293:T:C
22:19055459:G:A
22:19056019:C:A
22:19056576:T:C
22:19056915:A:G
22:19056979:C:T
22:19057188:A:G
22:19057723:A:G
22:19057790:G:A
22:19057859:C:T
22:19057886:T:C
22:19058547:C:T
22:19058752:A:G
22:19059053:C:T
22:19059278:C:T
22:19062254:T:C
22:19062353:A:G
22:19063076:G:A
22:19063144:T:C
22:19063374:G:A
22:19064840:A:G
22:19064971:T:A
22:19065006:C:T
22:19065099:C:T
22:19065109:A:G
22:19065765:G:A
22:19069022:T:A
22:19069493:C:T
22:19070343:C:T
22:19070439:G:A
22:19073087:C:T
22:19073612:G:A
22:19074201:G:A
22:19074753:T:C
22:19076797:C:A
22:19077445:T:C
22:19077594:C:T
22:19077927:C:T
22:19078409:C:T
22:19079058:G:A
22:19079479:G:C
22:19080150:A:G
22:19080300:T:C
22:19080672:C:T
22:19080674:A:G
22:19081239:A:G
22:19082346:T:C
22:19082535:T:C
22:19083552:A:T
22:19083678:T:C
22:19084111:C:A
22:19084117:A:T
22:19084145:G:A
22:19084146:G:A
22:19084555:A:G
22:19084689:G:A
22:19085202:T:C
22:19086183:G:A
22:19086520:T:C
22:19087067:A:G
22:19087915:T:G
22:19087939:C:T
22:19088607:C:G
22:19090249:T:C
22:19090370:T:G
22:19093033:T:C
22:19093047:T:C
22:19093085:A:G
22:19094165:C:T
22:19094327:A:T
22:19095664:A:T
22:19095688:G:A
22:19097680:G:C
22:19097700:C:T
22:19097837:T:A
22:19097839:C:T
22:19098229:A:G
22:19098259:T:G
22:19098642:G:A
22:19098966:T:C
22:19099280:C:G
22:19100380:T:A
22:19100547:A:G
22:19100955:C:A
22:19101978:A:G
22:19102582:G:C
22:19103347:T:C
22:19103598:C:G
22:19104186:A:T
22:19104324:C:T
22:19104535:G:T
22:19104787:G:A
22:19104877:T:G
22:19104926:C:G
22:19105779:G:C
22:19105966:G:T
22:19106120:A:C
22:19107437:A:G
22:19107596:A:G
22:19108098:G:T
22:19108548:T:C
22:19110409:A:G
22:19112184:G:A
22:19112485:A:G
22:19113015:C:T
22:19113028:G:A
22:19113288:G:A
22:19113477:T:C
22:19113860:C:A
22:19114540:G:A
22:19115656:G:A
22:19115850:T:G
22:19116351:G:A
22:19116501:A:T
22:19117267:T:C
22:19118701:T:C
22:19119545:C:T
22:19119686:C:T
22:19119751:C:T
22:19119938:G:A
22:19120867:T:C
22:19120959:C:A
22:19121872:G:A
22:19122498:C:T
22:19122665:C:T
22:19123075:T:C
22:19124375:C:T
22:19124546:C:G
22:19125136:G:A
22:19125383:A:C
22:19126631:T:C
22:19128169:G:A
22:19129672:A:G
22:19132869:G:A
22:19133605:G:A
22:19133916:C:T
22:19134022:G:A
22:19134083:C:T
22:19134159:C:T
22:19134301:G:A
22:19134440:A:G
22:19135180:G:A
22:19135212:C:A
22:19135603:G:A
22:19136203:G:A
22:19136722:G:A
22:19136913:G:C
22:19138442:T:C
22:19140990:T:C
22:19141162:T:G
22:19141529:A:G
22:19142587:A:T
22:19142591:G:A
22:19143047:A:C
22:19144095:G:A
22:19144138:G:A
22:19146175:T:C
22:19148751:G:A
22:19149151:T:G
22:19149521:A:G
22:19149580:A:G
22:19149777:G:A
22:19149905:T:C
22:19150134:C:T
22:19150261:T:A
22:19154522:T:C
22:19154608:A:C
22:19155598:T:C
22:19155622:T:G
22:19155662:G:A
22:19155975:A:G
22:19155992:C:A
22:19156117:T:C
22:19156333:G:C
22:19156543:A:G
22:19157642:A:C
22:19157819:C:G
22:19158116:G:A
22:19158722:A:G
22:19158724:C:T
22:19159015:C:T
22:19160297:C:T
22:19160307:G:T
22:19160546:A:G
22:19160549:C:T
22:19160566:C:T
22:19160899:A:G
22:19161307:G:A
22:19161327:G:A
22:19161935:C:T
22:19162276:C:T
22:19162326:A:G
22:19162686:A:G
22:19162696:G:A
22:19162883:G:C
22:19164295:T:C
22:19164835:A:C
22:19166680:A:G
22:19167385:C:A
22:19167409:T:C
22:19168087:G:A
22:19168616:T:C
22:19170205:C:G
22:19170604:T:C
22:19172006:T:C
22:19172281:G:A
22:19173933:T:A
22:19174597:C:T
22:19174603:T:C
22:19180573:C:T
22:19180575:C:T
22:19180589:A:G
22:19180640:G:A
22:19180973:T:C
22:19182585:C:T
22:19183470:A:G
22:19184095:T:C
22:19184244:C:T
22:19185526:C:T
22:19185736:G:A
22:19187427:C:G
22:19187450:G:A
22:19187451:C:G
22:19188532:A:G
22:19188775:C:T
22:19189667:G:T
22:19189706:T:C
22:19191503:T:C
22:19191725:T:C
22:19192596:C:G
22:19193391:G:A
22:19194868:C:T
22:19196112:C:A
22:19196502:G:A
22:19197674:G:A
22:19197896:T:C
22:19198226:A:G
22:19198375:T:C
22:19201358:G:A
22:19203078:G:A
22:19204478:A:G
22:19205826:A:T
22:19206499:A:G
22:19207844:C:T
22:19209682:G:A
22:19210740:T:C
22:19211665:C:T
22:19215860:G:A
22:19218593:C:T
22:19219198:T:G
22:19221406:T:G
22:19223579:C:A
22:19225650:C:T
22:19228083:G:T
22:19228736:C:T
22:19236489:C:T
22:19238431:A:G
22:19241014:A:C
22:19242361:G:A
22:19245821:A:G
22:19247034:C:T
22:19253274:T:C
22:19253332:A:G
22:19253507:A:C
22:19255856:A:C
22:19258364:C:T
22:19259239:T:C
22:19260575:C:A
22:19262852:T:C
22:19263698:C:T
22:19263762:A:T
22:19265799:C:T
22:19268024:A:G
22:19271831:T:C
22:19273165:T:C
22:19273902:A:G
22:19274144:G:T
22:19274261:T:C
22:19275951:G:A
22:19279641:C:A
22:19279806:G:C
22:19280168:A:G
22:19280403:G:T
22:19280889:C:A
22:19280892:C:T
22:19281759:T:C
22:19281980:G:A
22:19282228:G:A
22:19282232:T:C
22:19286056:G:T
22:19292446:T:G
22:19293768:C:G
22:19294025:G:C
22:19294533:C:T
22:19294578:C:G
22:19298644:T:C
22:19299538:G:A
22:19303181:A:G
22:19303289:C:T
22:19305289:C:T
22:19306415:T:C
22:19306667:A:G
22:19308941:C:T
22:19309389:A:G
22:19310812:C:T
22:19312361:T:C
22:19312616:C:A
22:19316107:T:C
22:19316120:G:A
22:19317397:C:T
22:19319763:T:C
22:19320844:T:C
22:19321052:T:C
22:19322510:T:C
22:19323262:G:A
22:19325308:G:A
22:19327662:C:G
22:19327744:A:G
22:19327938:C:T
22:19328422:A:T
22:19331674:T:C
22:19334813:C:G
22:19335614:C:A
22:19337633:G:A
22:19338412:T:G
22:19339635:T:C
22:19342188:C:T
22:19345293:T:C
22:19346000:G:T
22:19346214:G:C
22:19346835:G:A
22:19347428:T:G
22:19348199:G:A
22:19348399:T:G
22:19349590:G:C
22:19350850:G:A
22:19351615:G:A
22:19351743:G:C
22:19352765:C:G
22:19356467:T:C
22:19356736:A:G
22:19357513:T:C
22:19357779:A:G
22:19358782:T:C
22:19359022:C:T
22:19360730:C:G
22:19361829:A:T
22:19362618:G:T
22:19362837:T:G
22:19364630:T:C
22:19365286:T:C
22:19367288:T:A
22:19368532:A:G
22:19368723:T:C
22:19370586:T:C
22:19372656:C:T
22:19372784:A:C
22:19373914:A:G
22:19376301:G:T
22:19376929:A:T
22:19377483:C:T
22:19378259:C:T
22:19378723:C:T
22:19380635:A:G
22:19380714:A:C
22:19381331:C:T
22:19381507:C:T
22:19382851:T:C
22:19386023:C:T
22:19386633:T:C
22:19387294:A:G
22:19387668:T:G
22:19388068:G:A
22:19388174:T:C
22:19388947:T:G
22:19392528:G:A
22:19395136:C:T
22:19397149:G:A
22:19398652:C:G
22:19398945:G:C
22:19399856:C:A
22:19400229:G:A
22:19400585:G:A
22:19400985:A:G
22:19401073:A:G
22:19403582:C:G
22:19407344:A:C
22:19409562:A:T
22:19409966:T:A
22:19411438:A:G
22:19412597:G:A
22:19414133:A:G
22:19414259:C:T
22:19416053:T:C
22:19419851:A:C
22:19420306:C:G
22:19421229:G:A
22:19422966:T:C
22:19423250:G:A
22:19423630:A:T
22:19426032:G:A
22:19426166:G:T
22:19428077:A:G
22:19428145:G:T
22:19428511:A:G
22:19430472:C:T
22:19431038:A:G
22:19431049:C:T
22:19431396:T:C
22:19431485:G:A
22:19437938:C:T
22:19437946:G:C
22:19439165:C:T
22:19439540:G:A
22:19440597:G:A
22:19443554:G:A
22:19443869:G:A
22:19444915:G:A
22:19445054:G:A
22:19447182:T:C
22:19448563:A:G
22:19449473:T:G
22:19451186:C:A
22:19451268:G:C
22:19452030:G:C
22:19452372:C:G
22:19453275:G:A
22:19453727:C:G
22:19454787:T:C
22:19455376:C:T
22:19455836:A:G
22:19455871:A:C
22:19456763:C:T
22:19457743:T:C
22:19458412:A:G
22:19459157:A:G
22:19460146:T:A
22:19461105:G:A
22:19462243:C:T
22:19466886:T:C
22:19467652:T:C
22:19468655:C:T
22:19471609:A:G
22:19472280:T:C
22:19472843:T:G
22:19473425:A:C
22:19473910:A:G
22:19476355:A:G
22:19478744:G:C
22:19479104:A:T
22:19479695:C:T
22:19483898:T:C
22:19484167:A:G
22:19486391:C:T
22:19486600:C:T
22:19487367:G:A
22:19489571:A:G
22:19490639:A:G
22:19491379:A:G
22:19492550:T:G
22:19492644:G:A
22:19492692:C:G
22:19493253:G:C
22:19493311:C:G
22:19493780:G:A
22:19495749:A:G
22:19495967:G:A
22:19496423:T:C
22:19496882:G:A
22:19498687:A:T
22:19500657:C:G
22:19501363:T:C
22:19501375:C:T
22:19501726:G:A
22:19503274:G:C
22:19503683:G:A
22:19504318:G:A
22:19504470:T:C
22:19506456:G:T
22:19506476:C:T
22:19506779:T:C
22:19506981:G:C
22:19509519:C:T
22:19509729:G:A
22:19510718:C:G
22:19511055:C:A
22:19513876:C:T
22:19513930:G:A
22:19513998:G:C
22:19514396:C:T
22:19517470:G:T
22:19517490:C:T
22:19518405:C:G
22:19521298:A:G
22:19522510:T:G
22:19528458:A:C
22:19529130:A:G
22:19532378:A:G
22:19532448:C:A
22:19534336:A:G
22:19534414:C:G
22:19534856:A:C
22:19536319:C:G
22:19537262:C:T
22:19537472:G:C
22:19540361:A:G
22:19541024:A:G
22:19541048:A:G
22:19542551:T:G
22:19543952:C:T
22:19544112:C:G
22:19545002:G:A
22:19547879:A:G
22:19550343:T:C
22:19550778:C:T
22:19551431:C:T
22:19551655:G:A
22:19554015:C:G
22:19555592:C:G
22:19556893:G:A
22:19559303:G:A
22:19561066:T:G
22:19561288:G:A
22:19561322:G:A
22:19561423:G:A
22:19561513:C:A
22:19561712:G:T
22:19562071:A:G
22:19562492:T:A
22:19563347:T:C
22:19564559:A:G
22:19564657:G:A
22:19565067:G:A
22:19565257:G:A
22:19565395:T:C
22:19565732:G:A
22:19565850:T:A
22:19566072:A:G
22:19566365:T:C
22:19567149:A:G
22:19567776:C:T
22:19567818:C:T
22:19567904:T:C
22:19569691:C:T
22:19569988:T:C
22:19569995:G:A
22:19570738:C:T
22:19573425:G:A
22:19574488:G:A
22:19574607:A:G
22:19574661:T:C
22:19574741:A:G
22:19574758:T:C
22:19574877:C:T
22:19574881:G:C
22:19575167:G:A
22:19575201:C:T
22:19575446:G:A
22:19575447:T:C
22:19575577:G:A
22:19575600:C:T
22:19576053:C:T
22:19576595:A:T
22:19577100:A:G
22:19577407:C:A
22:19578864:G:A
22:19580185:A:C
22:19580943:C:A
22:19581331:C:T
22:19581830:A:G
22:19581946:G:T
22:19581999:C:T
22:19582021:G:T
22:19582029:A:C
22:19582036:A:G
22:19582066:C:T
22:19582961:G:A
22:19583025:G:A
22:19583106:G:C
22:19583702:G:C
22:19583703:C:T
22:19584478:T:C
22:19584672:A:G
22:19585836:A:G
22:19587398:G:C
22:19587515:A:G
22:19587877:C:T
22:19589925:C:T
22:19591032:C:T
22:19591831:C:A
22:19593156:T:C
22:19593301:G:A
22:19593344:G:A
22:19593597:G:A
22:19593854:A:C
22:19594254:C:T
22:19594436:A:G
22:19596008:C:G
22:19596835:G:A
22:19597005:G:T
22:19597290:C:T
22:19598420:T:C
22:19600961:A:G
22:19601238:C:T
22:19601429:G:A
22:19602231:C:G
22:19603003:C:T
22:19603205:G:A
22:19603367:T:C
22:19603943:C:G
22:19606703:A:G
22:19608051:A:G
22:19608657:A:G
22:19609256:A:G
22:19609764:T:C
22:19609872:C:G
22:19609935:C:T
22:19609943:A:G
22:19609993:C:G
22:19610555:G:T
22:19616331:T:C
22:19616341:A:G
22:19617090:T:A
22:19617637:G:C
22:19620428:C:G
22:19620982:T:C
22:19622523:G:A
22:19622603:G:A
22:19622690:T:C
22:19623360:G:A
22:19623386:G:T
22:19624104:C:T
22:19626529:T:C
22:19627431:C:G
22:19627501:T:C
22:19627843:T:C
22:19628737:A:C
22:19629837:G:A
22:19629882:A:G
22:19632472:C:G
22:19632494:G:T
22:19632608:C:T
22:19633230:A:T
22:19633250:C:A
22:19633486:C:T
22:19633785:A:C
22:19634134:A:G
22:19634204:C:T
22:19634330:C:T
22:19634606:G:C
22:19634666:C:G
22:19634877:C:T
22:19635683:T:A
22:19636574:T:A
22:19636858:A:G
22:19636998:T:C
22:19638044:C:T
22:19638547:T:C
22:19639071:A:T
22:19639288:A:T
22:19639383:A:G
22:19640406:A:G
22:19640462:T:C
22:19642076:T:C
22:19642419:C:T
22:19642821:G:C
22:19643080:G:C
22:19643104:T:C
22:19643283:G:C
22:19643555:A:G
22:19644303:T:A
22:19644376:A:G
22:19644433:C:T
22:19644662:A:C
22:19645606:G:C
22:19645674:G:A
22:19645759:G:A
22:19645823:G:A
22:19646034:T:C
22:19649005:G:A
22:19649540:T:A
22:19653002:T:A
22:19653058:T:G
22:19654452:G:A
22:19654562:T:G
22:19655862:A:G
22:19662524:G:A
22:19667336:T:C
22:19668110:A:G
22:19668888:G:A
22:19669020:T:A
22:19671207:C:T
22:19671702:C:T
22:19671993:G:A
22:19672485:T:A
22:19672902:G:C
22:19675740:T:C
22:19675944:G:T
22:19676012:A:G
22:19676248:A:G
22:19676564:A:C
22:19676598:C:T
22:19677013:G:C
22:19677207:T:C
22:19677839:G:A
22:19678143:C:A
22:19678358:G:A
22:19678655:C:T
22:19680876:G:A
22:19681349:G:A
22:19682505:C:G
22:19685318:A:G
22:19685447:C:A
22:19687179:A:G
22:19687293:G:A
22:19687998:C:T
22:19689468:G:C
22:19689697:C:G
22:19690250:A:G
22:19690370:C:T
22:19690656:T:C
22:19691502:T:C
22:19692303:A:G
22:19692751:C:T
22:19692795:G:C
22:19693041:T:C
22:19694811:C:G
22:19696856:G:A
22:19696899:T:A
22:19696902:C:G
22:19696911:G:A
22:19696947:A:G
22:19698129:A:C
22:19699283:A:C
22:19717722:G:A
22:19718144:G:A
22:19718379:G:C
22:19720051:T:C
22:19720478:A:G
22:19721104:C:T
22:19721473:C:A
22:19721650:A:T
22:19721766:G:A
22:19722088:C:T
22:19722223:C:T
22:19722525:A:T
22:19722815:C:G
22:19724055:G:A
22:19724224:T:C
22:19724613:G:A
22:19725256:C:T
22:19726989:C:A
22:19726999:T:C
22:19727084:G:C
22:19728015:G:C
22:19728185:A:G
22:19728554:A:G
22:19729091:A:C
22:19729361:A:G
22:19730592:G:A
22:19733811:G:A
22:19735162:T:C
22:19735425:G:A
22:19735828:G:C
22:19735854:T:C
22:19735859:C:A
22:19736003:T:C
22:19737424:C:G
22:19737610:T:C
22:19737621:T:C
22:19738388:G:A
22:19738645:T:C
22:19739022:G:T
22:19739820:A:G
22:19743424:C:T
22:19744840:G:C
22:19746903:A:T
22:19747082:G:C
22:19749525:A:G
22:19750773:T:C
22:19751829:C:T
22:19752007:T:C
22:19752943:A:C
22:19752973:C:T
22:19757339:T:C
22:19757372:G:A
22:19757384:T:C
22:19757572:G:A
22:19757892:G:A
22:19758228:A:G
22:19758399:T:G
22:19759437:G:C
22:19761025:T:C
22:19761287:G:A
22:19761804:T:C
22:19761912:A:G
22:19766248:G:A
22:19766782:C:T
22:19767051:G:T
22:19767420:A:G
22:19767421:G:A
22:19767499:T:C
22:19769668:G:C
22:19771064:C:A
22:19771190:G:A
22:19771568:A:G
22:19773308:T:C
22:19775043:G:A
22:19775186:C:T
22:19776019:G:A
22:19776794:A:G
22:19777457:G:T
22:19777512:C:T
22:19779137:G:T
22:19781823:C:T
22:19782138:C:G
22:19782537:A:G
22:19783304:G:A
22:19783362:A:G
22:19783817:C:T
22:19783857:G:C
22:19783906:C:T
22:19784015:G:A
22:19784495:T:C
22:19784654:G:A
22:19784731:G:A
22:19785006:T:C
22:19785329:T:C
22:19785482:C:T
22:19787309:G:A
22:19787497:C:T
22:19787736:C:T
22:19788347:A:G
22:19788361:A:T
22:19789541:A:C
22:19790308:T:G
22:19791281:C:G
22:19792144:A:G
22:19793884:G:A
22:19795191:C:G
22:19795566:C:A
22:19795586:T:C
22:19796766:C:T
22:19797211:A:G
22:19798072:G:C
22:19798445:G:A
22:19798836:C:G
22:19800322:T:C
22:19802779:C:T
22:19804118:T:C
22:19805263:G:A
22:19807780:C:T
22:19809434:A:G
22:19810855:C:T
22:19812726:G:C
22:19812973:C:T
22:19814416:G:A
22:19814714:C:T
22:19815044:G:A
22:19817433:T:C
22:19819577:G:T
22:19819686:T:C
22:19819721:C:T
22:19820280:A:T
22:19821659:A:C
22:19821819:T:C
22:19822352:T:C
22:19824999:A:T
22:19825116:G:C
22:19825152:G:A
22:19825223:A:C
22:19825317:G:A
22:19826640:G:A
22:19832386:C:T
22:19833781:G:A
22:19833926:C:G
22:19833989:G:A
22:19834026:A:G
22:19836705:C:A
22:19837298:G:A
22:19840123:A:G
22:19840196:C:G
22:19840413:A:G
22:19841501:T:C
22:19842748:A:G
22:19845283:G:C
22:19846987:G:T
22:19847618:G:A
22:19847751:T:C
22:19849021:T:A
22:19849501:C:T
22:19849953:T:A
22:19850397:G:A
22:19851149:A:G
22:19852172:G:A
22:19852438:A:G
22:19854733:A:G
22:19856472:G:A
22:19856561:G:A
22:19856710:C:T
22:19857061:A:G
22:19857489:T:C
22:19857549:T:C
22:19857942:C:G
22:19858114:A:G
22:19858547:A:G
22:19858734:C:T
22:19858867:G:C
22:19858980:T:C
22:19859029:A:G
22:19859917:A:G
22:19860093:A:G
22:19860355:T:G
22:19860575:C:T
22:19860832:G:C
22:19860875:A:G
22:19860990:G:T
22:19861127:T:C
22:19861157:A:G
22:19861169:G:C
22:19861226:T:C
22:19861861:A:G
22:19861865:G:C
22:19861871:A:G
22:19863004:G:A
22:19863593:T:C
22:19863638:C:T
22:19864252:C:G
22:19866194:G:C
22:19866462:C:T
22:19866945:C:T
22:19867276:T:C
22:19867771:C:T
22:19867914:C:A
22:19868218:A:G
22:19868678:T:C
22:19868951:C:T
22:19869210:G:A
22:19869703:C:T
22:19870036:C:G
22:19870147:C:T
22:19870831:C:T
22:19871691:C:T
22:19871778:A:G
22:19872009:T:C
22:19872170:G:T
22:19872645:C:T
22:19873797:G:A
22:19874209:T:C
22:19877511:A:T
22:19878362:T:C
22:19878514:G:A
22:19878752:A:T
22:19879637:A:G
22:19879938:T:C
22:19880057:G:C
22:19880340:G:A
22:19881027:C:T
22:19881556:A:G
22:19881826:A:G
22:19882115:A:G
22:19882630:G:A
22:19882888:G:A
22:19882984:T:G
22:19884039:C:A
22:19884657:C:T
22:19884869:A:G
22:19885028:G:A
22:19885548:G:T
22:19886797:G:A
22:19887350:A:T
22:19887844:G:A
22:19887847:C:A
22:19889491:G:A
22:19889825:G:T
22:19891395:C:T
22:19891698:C:T
22:19892107:T:G
22:19892331:G:C
22:19893080:A:G
22:19893780:G:C
22:19899818:G:A
22:19899839:G:A
22:19899886:A:G
22:19900075:A:G
22:19903707:T:C
22:19903733:A:G
22:19905802:G:A
22:19906096:C:T
22:19906256:G:A
22:19906306:C:G
22:19907483:A:G
22:19907693:A:G
22:19907794:G:A
22:19907927:G:A
22:19908219:C:T
22:19909285:G:C
22:19909977:A:G
22:19910762:A:G
22:19911831:A:G
22:19912015:T:C
22:19913093:A:G
22:19913098:A:C
22:19914311:A:C
22:19915326:A:G
22:19915680:C:T
22:19915939:G:A
22:19918231:G:A
22:19920359:C:G
22:19920646:C:G
22:19920949:G:A
22:19921003:T:C
22:19921137:C:T
22:19921378:C:T
22:19921641:G:A
22:19921825:A:G
22:19922446:A:G
22:19922585:C:T
22:19923406:T:C
22:19923732:G:A
22:19924021:A:G
22:19924579:T:C
22:19924612:G:C
22:19925414:A:G
22:19926004:T:C
22:19926331:G:A
22:19927146:A:C
22:19928806:G:A
22:19928884:C:T
22:19929937:C:A
22:19930002:C:G
22:19930109:T:C
22:19930121:A:G
22:19930159:C:T
22:19931096:C:T
22:19931668:A:G
22:19931853:C:T
22:19931976:T:C
22:19933048:T:G
22:19933687:C:T
22:19933778:C:G
22:19934025:A:G
22:19934051:T:C
22:19935071:G:A
22:19936025:G:A
22:19937533:T:G
22:19937638:T:G
22:19939353:A:G
22:19939432:G:A
22:19941495:G:A
22:19941507:A:G
22:19942680:C:G
22:19942997:A:G
22:19945177:A:G
22:19948337:T:C
22:19948863:G:C
22:19949644:G:C
22:19949952:A:G
22:19950235:C:T
22:19950428:A:G
22:19950763:T:G
22:19951207:C:G
22:19951271:G:A
22:19951897:G:C
22:19952132:C:T
22:19952168:G:A
22:19952501:C:T
22:19952561:G:A
22:19953188:A:C
22:19953832:A:G
22:19954458:C:T
22:19955692:C:T
22:19956553:C:G
22:19956781:G:A
22:19957023:C:T
22:19957631:C:A
22:19957763:G:A
22:19957787:C:T
22:19958022:G:A
22:19958669:G:A
22:19959011:G:A
22:19959033:G:A
22:19959366:G:A
22:19959473:C:T
22:19959746:C:T
22:19959955:A:G
22:19960140:G:A
22:19960184:C:G
22:19960188:T:C
22:19960198:G:C
22:19960394:G:A
22:19961007:G:C
22:19961926:G:A
22:19961955:A:G
22:19962203:T:G
22:19962380:C:T
22:19962769:C:T
22:19962787:T:C
22:19962963:G:T
22:19963666:C:T
22:19964418:T:G
22:19966749:C:T
22:19967980:C:T
22:19968597:C:T
22:19968971:G:A
22:19969075:A:G
22:19969696:C:T
22:19969964:G:T
22:19970014:C:G
22:19970502:G:A
22:19970547:G:T
22:19970583:A:G
22:19971391:C:T
22:19971552:T:C
22:19972118:C:A
22:19972452:C:G
22:19972559:G:A
22:19972824:T:C
22:19973205:T:G
22:19974032:T:C
22:19974344:A:G
22:19975444:A:G
22:19976406:G:A
22:19976510:C:A
22:19976834:C:G
22:19976845:G:A
22:19977647:C:T
22:19977840:C:T
22:19978022:C:T
22:19978558:T:C
22:19980300:C:T
22:19980548:A:G
22:19982478:G:A
22:19983014:G:A
22:19983111:C:A
22:19983213:C:T
22:19983303:C:T
22:19984013:C:T
22:19984211:C:T
22:19984277:C:T
22:19984612:C:G
22:19985174:T:G
22:19985507:G:A
22:19986148:C:T
22:19987202:G:T
22:19987406:C:G
22:19987764:A:C
22:19988167:G:A
22:19988245:G:A
22:19988517:G:C
22:19988676:T:C
22:19989612:C:G
22:19989642:A:G
22:19989890:C:T
22:19990789:G:T
22:19991067:T:C
22:19991950:G:A
22:19995836:G:C
22:19996240:A:G
22:19996255:A:G
22:19996570:C:T
22:19996829:G:A
22:19996878:G:C
22:19998618:C:G
22:19998655:G:C
22:19999164:C:T
22:19999486:C:T
22:19999492:T:C
22:19999760:A:G
22:20000428:G:T
22:20001006:G:A
22:20002848:G:T
22:20003266:C:G
22:20003334:G:A
22:20003731:C:T
22:20003786:G:A
22:20004704:C:T
22:20004937:C:G
22:20006040:C:T
22:20006144:T:C
22:20006574:G:A
22:20007599:G:A
22:20007619:C:T
22:20008888:C:T
22:20009078:C:T
22:20009928:T:C
22:20010730:A:G
22:20010819:T:C
22:20010850:G:A
22:20010923:G:A
22:20011837:T:C
22:20011989:G:A
22:20012286:A:G
22:20012968:T:C
22:20013222:A:G
22:20014032:G:C
22:20014061:A:G
22:20014152:A:G
22:20015016:C:T
22:20015741:C:T
22:20015974:T:C
22:20016020:T:C
22:20016492:G:A
22:20016971:G:A
22:20017268:A:G
22:20017445:T:C
22:20019178:C:T
22:20019768:A:G
22:20020073:A:G
22:20020229:C:T
22:20020889:T:C
22:20021696:T:G
22:20021732:A:C
22:20021863:C:T
22:20021938:G:T
22:20021987:A:G
22:20022498:C:G
22:20023010:G:C
22:20023099:G:A
22:20023303:T:G
22:20025652:C:T
22:20025767:C:T
22:20025951:C:T
22:20029878:T:C
22:20030041:G:A
22:20031102:G:A
22:20031664:G:A
22:20032327:T:C
22:20037315:G:A
22:20040602:C:T
22:20041741:C:T
22:20042075:T:G
22:20044933:G:A
22:20045419:T:C
22:20046687:G:A
22:20049285:G:A
22:20049340:T:C
22:20049454:A:G
22:20049465:T:C
22:20049495:G:A
22:20049935:A:C
22:20050019:C:T
22:20051466:G:A
22:20052420:G:A
22:20052442:A:G
22:20052481:C:A
22:20052532:C:G
22:20052566:G:A
22:20052782:C:T
22:20053554:C:T
22:20054177:A:G
22:20054458:A:C
22:20054507:G:A
22:20057078:C:T
22:20057143:A:G
22:20057458:A:G
22:20057806:C:T
22:20061415:G:C
22:20065370:G:A
22:20071737:T:C
22:20073147:T:C
22:20074575:C:T
22:20075858:A:G
22:20079603:A:G
22:20082961:T:C
22:20084681:G:A
22:20084821:T:C
22:20089524:G:T
22:20089880:T:C
22:20090192:A:T
22:20092412:G:A
22:20092963:A:G
22:20093126:T:C
22:20094263:C:T
22:20097245:A:G
22:20098359:T:G
22:20098582:G:A
22:20099331:G:A
22:20100596:T:C
22:20102750:C:T
22:20104819:A:C
22:20104853:T:G
22:20107729:G:A
22:20109325:A:G
22:20113253:T:G
22:20113777:T:C
22:20115562:C:T
22:20116015:T:G
22:20116182:T:G
22:20116594:G:A
22:20116670:G:T
22:20116906:C:T
22:20117345:T:G
22:20119930:A:G
22:20121848:G:A
22:20123235:G:T
22:20127554:A:G
22:20128651:T:G
22:20129538:G:A
22:20132460:C:T
22:20132638:T:A
22:20132972:A:G
22:20133290:T:C
22:20134350:C:A
22:20134442:T:C
22:20134739:C:T
22:20135211:T:C
22:20135340:T:C
22:20135961:T:C
22:20136263:G:A
22:20141992:C:G
22:20142379:C:G
22:20142513:C:A
22:20143631:G:A
22:20144240:G:C
22:20144560:C:T
22:20144663:T:G
22:20144753:G:A
22:20144813:G:T
22:20144857:G:A
22:20144902:G:C
22:20145121:A:G
22:20145526:C:T
22:20146498:G:A
22:20146533:G:A
22:20146880:G:A
22:20148683:T:C
22:20148741:C:T
22:20149170:A:G
22:20153624:T:C
22:20154727:A:G
22:20155192:T:C
22:20155298:G:A
22:20155666:G:A
22:20155983:T:C
22:20155998:C:T
22:20156111:A:G
22:20156415:T:C
22:20156744:G:A
22:20156865:C:T
22:20156886:G:A
22:20157299:C:T
22:20157965:G:A
22:20158333:C:A
22:20159049:A:G
22:20159310:G:A
22:20159347:C:T
22:20160205:C:T
22:20160972:T:C
22:20161030:C:T
22:20161295:G:A
22:20161317:G:C
22:20161424:T:C
22:20162621:G:A
22:20162626:G:A
22:20162723:T:C
22:20163462:C:G
22:20164360:T:C
22:20164589:G:A
22:20164696:C:T
22:20164709:T:C
22:20164802:G:T
22:20165008:C:T
22:20165266:G:A
22:20165364:T:C
22:20165439:C:A
22:20165632:C:T
22:20165831:G:A
22:20165864:C:T
22:20166013:C:T
22:20166184:C:T
22:20166202:T:C
22:20166222:C:T
22:20166911:G:A
22:20168295:G:T
22:20168509:G:A
22:20169094:G:T
22:20169367:G:T
22:20169499:A:G
22:20169909:C:T
22:20169913:A:G
22:20170093:G:A
22:20170996:C:A
22:20171146:C:G
22:20171251:C:T
22:20171349:A:G
22:20171368:C:T
22:20171375:A:G
22:20171449:C:G
22:20171568:C:T
22:20171653:C:T
22:20172313:C:T
22:20172406:C:T
22:20172901:T:C
22:20173526:G:C
22:20174712:G:A
22:20174853:C:A
22:20174959:C:T
22:20175223:T:C
22:20177061:C:T
22:20177320:A:T
22:20177595:C:G
22:20177645:G:T
22:20177669:A:G
22:20178799:T:G
22:20178801:G:A
22:20178915:C:T
22:20178929:A:G
22:20179096:A:C
22:20179223:A:T
22:20179255:T:C
22:20179286:G:A
22:20179305:T:C
22:20179339:G:A
22:20179379:G:A
22:20179440:G:T
22:20180117:G:A
22:20180455:G:A
22:20181126:C:T
22:20181136:G:T
22:20182069:G:T
22:20182456:C:T
22:20183030:G:A
22:20183039:G:C
22:20183509:A:G
22:20184002:G:A
22:20184710:A:G
22:20185011:T:C
22:20185119:C:A
22:20185132:T:C
22:20185191:T:C
22:20185457:G:A
22:20185487:C:T
22:20185966:A:C
22:20185999:C:G
22:20186074:G:C
22:20186102:T:C
22:20186550:T:C
22:20187543:T:C
22:20187575:C:T
22:20187923:A:G
22:20188160:T:C
22:20188199:T:C
22:20189378:C:T
22:20189622:C:T
22:20189722:T:C
22:20190055:C:T
22:20190174:G:T
22:20190413:C:A
22:20190414:C:A
22:20190697:G:A
22:20190760:G:C
22:20192331:C:G
22:20192544:G:A
22:20192586:A:C
22:20192587:G:C
22:20193114:C:A
22:20196469:G:A
22:20197335:T:A
22:20198532:G:A
22:20201954:C:T
22:20202729:G:A
22:20202959:C:T
22:20205780:C:A
22:20205832:G:C
22:20207825:C:T
22:20208060:G:C
22:20208357:C:T
22:20209030:T:C
22:20209425:G:A
22:20209487:G:A
22:20209775:A:G
22:20210055:C:A
22:20210119:G:A
22:20210363:C:T
22:20211328:C:G
22:20211690:C:T
22:20213635:G:A
22:20213811:C:G
22:20214783:G:A
22:20214899:C:T
22:20215570:A:G
22:20215940:T:C
22:20215981:A:C
22:20216859:A:G
22:20217628:T:C
22:20218237:G:A
22:20218997:G:A
22:20219190:C:G
22:20219492:G:T
22:20219648:G:A
22:20220111:T:G
22:20220166:A:C
22:20220481:C:T
22:20221557:T:A
22:20222623:T:G
22:20223025:G:T
22:20224122:A:T
22:20226076:T:C
22:20227384:G:C
22:20227551:A:G
22:20227955:C:G
22:20228465:G:T
22:20228764:G:A
22:20233268:A:C
22:20233429:T:C
22:20234525:C:T
22:20234813:C:G
22:20234817:C:T
22:20235200:G:A
22:20240189:C:G
22:20240231:C:T
22:20240999:G:A
22:20241160:C:T
22:20244723:C:T
22:20244815:G:A
22:20248391:G:A
22:20248713:A:G
22:20249551:A:C
22:20249807:G:A
22:20249918:T:C
22:20271287:G:A
22:20278953:C:T
22:20279128:G:C
22:20279159:G:A
22:20281261:A:T
22:20282243:T:C
22:20282729:T:C
22:20282886:C:T
22:20283228:C:T
22:20284605:G:A
22:20293625:G:A
22:20304720:C:G
22:20306993:C:T
22:20311136:C:T
22:20311425:G:A
22:20708641:G:T
22:20732809:C:T
22:20733495:T:G
22:20733667:C:T
22:20736315:A:G
22:20737572:T:G
22:20738790:G:T
22:20740037:A:C
22:20740778:T:C
22:20741890:T:C
22:20742492:G:A
22:20743771:C:T
22:20744111:A:G
22:20744468:A:G
22:20745616:G:C
22:20747763:T:G
22:20748053:G:A
22:20748253:T:C
22:20750203:A:G
22:20750429:G:C
22:20750458:G:T
22:20750594:A:C
22:20751136:A:G
22:20751255:C:T
22:20752119:A:G
22:20752476:T:G
22:20753101:T:C
22:20753771:G:T
22:20753795:T:G
22:20754239:T:G
22:20754550:T:A
22:20754655:G:T
22:20754689:C:T
22:20755098:A:G
22:20755226:A:G
22:20755241:G:A
22:20755283:A:G
22:20755340:A:G
22:20755527:G:A
22:20756299:C:T
22:20756512:A:G
22:20758954:C:T
22:20759405:C:T
22:20759534:A:G
22:20759672:G:A
22:20761063:G:A
22:20761384:C:A
22:20761899:C:T
22:20761976:T:G
22:20762054:G:A
22:20762400:C:G
22:20764559:T:C
22:20764595:T:G
22:20765989:C:A
22:20766284:C:A
22:20766375:C:T
22:20766456:G:A
22:20766730:G:A
22:20766736:G:T
22:20766957:A:G
22:20767103:C:T
22:20767303:G:A
22:20767717:G:A
22:20767791:C:T
22:20768030:G:A
22:20768296:A:G
22:20768518:G:A
22:20768702:C:G
22:20768891:C:T
22:20769004:C:A
22:20772773:G:A
22:20773480:G:C
22:20773521:G:C
22:20773711:C:T
22:20774066:T:C
22:20774454:A:G
22:20774479:A:G
22:20775082:G:C
22:20775167:C:T
22:20775200:T:C
22:20775247:C:T
22:20775274:C:T
22:20777469:G:A
22:20777534:G:A
22:20777672:A:G
22:20778066:A:G
22:20778447:G:A
22:20778448:C:A
22:20778770:C:T
22:20779563:C:T
22:20781670:T:C
22:20782102:G:C
22:20783485:C:A
22:20784050:T:A
22:20784217:C:T
22:20784550:A:G
22:20784630:C:A
22:20784909:T:A
22:20785639:G:A
22:20786488:A:C
22:20786600:A:G
22:20786810:G:A
22:20788242:C:G
22:20788590:G:A
22:20788969:A:G
22:20789046:T:A
22:20789074:T:C
22:20789190:G:C
22:20789294:C:G
22:20789574:T:C
22:20789688:G:A
22:20789915:G:A
22:20791438:C:A
22:20791821:G:A
22:20793922:A:G
22:20794075:G:C
22:20794079:T:C
22:20794119:A:G
22:20794484:T:G
22:20794726:T:C
22:20794924:C:T
22:20795126:T:G
22:20795420:A:G
22:20795454:T:C
22:20796175:T:C
22:20799972:A:G
22:20800355:T:G
22:20800835:A:G
22:20800983:G:A
22:20801221:T:C
22:20802182:A:C
22:20804350:A:T
22:20805369:T:G
22:20805686:A:G
22:20806958:A:G
22:20809620:C:T
22:20809718:G:A
22:20810054:C:T
22:20811231:A:G
22:20811645:G:C
22:20811674:G:T
22:20811930:C:A
22:20813247:T:C
22:20817183:C:G
22:20817808:C:T
22:20818104:G:A
22:20818267:A:G
22:20818421:G:C
22:20820132:C:T
22:20821874:A:T
22:20822366:G:T
22:20822945:G:T
22:20825189:A:G
22:20827264:T:C
22:20827510:G:C
22:20828638:A:G
22:20832037:T:C
22:20832190:T:C
22:20832336:C:T
22:20834313:T:C
22:20834564:G:A
22:20834710:C:T
22:20838055:T:C
22:20838199:G:A
22:20838436:T:C
22:20838593:G:T
22:20838862:A:G
22:20839875:C:A
22:20842157:A:G
22:20842384:C:G
22:20843885:T:G
22:20844336:G:C
22:20846641:A:G
22:20847472:A:T
22:20850440:A:G
22:20852484:C:T
22:20854161:T:C
22:20855539:T:C
22:20855697:C:T
22:20855729:C:T
22:20855851:T:A
22:20856858:T:C
22:20858743:G:A
22:20858803:C:T
22:20860881:A:G
22:20865145:A:C
22:20866378:C:T
22:20869136:G:T
22:20871338:T:C
22:20871754:A:G
22:20872855:C:T
22:20876509:A:G
22:20881111:G:A
22:20881678:C:A
22:20883449:T:C
22:20884910:C:T
22:20885307:C:T
22:20887533:C:G
22:20888927:A:G
22:20889104:T:C
22:20891545:A:G
22:20891568:G:A
22:20891842:C:T
22:20891928:G:T
22:20893769:T:C
22:20895158:T:C
22:20896926:G:A
22:20898323:T:C
22:20898402:G:A
22:20899186:G:A
22:20899254:G:A
22:20899316:G:A
22:20899634:C:T
22:20899971:G:A
22:20899976:T:A
22:20900074:T:C
22:20900577:G:T
22:20901696:G:C
22:20903410:C:T
22:20903439:T:C
22:20903517:T:C
22:20903863:C:G
22:20904073:G:C
22:20905082:A:G
22:20907303:T:C
22:20908515:C:T
22:20908702:A:C
22:20908993:T:C
22:20909674:G:C
22:20910033:G:T
22:20910883:A:G
22:20911756:A:C
22:20912970:A:G
22:20913510:A:G
22:20913757:G:A
22:20913878:G:A
22:20914958:C:T
22:20917067:A:G
22:20919755:C:T
22:20920199:G:C
22:20921339:A:G
22:20921893:G:T
22:20922316:T:C
22:20924028:A:G
22:20925760:G:T
22:20926625:G:A
22:20926813:C:T
22:20927675:G:A
22:20927716:T:C
22:20927802:G:A
22:20928266:G:A
22:20928809:C:T
22:20929084:T:C
22:20929286:C:G
22:20929782:C:A
22:20929914:C:T
22:20930065:A:C
22:20930991:T:G
22:20931094:T:C
22:20931123:G:C
22:20932712:C:T
22:20932713:C:G
22:20933901:T:C
22:20934239:T:A
22:20934972:T:G
22:20935673:A:C
22:20935731:G:A
22:20937601:C:T
22:20938180:G:A
22:20938377:A:G
22:20938772:T:C
22:20939123:G:A
22:20939608:C:A
22:20940085:G:A
22:20940208:T:C
22:20940266:A:G
22:20940272:C:G
22:20940291:C:T
22:20940794:G:A
22:20943202:G:A
22:20943619:G:C
22:20943672:G:C
22:20944155:A:G
22:20944833:T:C
22:20946302:G:T
22:20946403:C:T
22:20946457:G:A
22:20947083:A:G
22:20947367:G:A
22:20947903:C:G
22:20948458:G:A
22:20948553:G:A
22:20949243:A:G
22:20950079:T:A
22:20950430:G:A
22:20950473:A:G
22:20954214:C:T
22:20954760:A:G
22:20956242:C:T
22:20956906:C:T
22:20957037:G:A
22:20958059:G:C
22:20958313:A:C
22:20958400:C:G
22:20958461:G:A
22:20958779:C:T
22:20959252:A:G
22:20959802:G:A
22:20959915:C:G
22:20960186:T:A
22:20960454:C:A
22:20960707:A:G
22:20960937:T:C
22:20961189:T:C
22:20962028:C:T
22:20962211:A:C
22:20962379:G:A
22:20962419:G:A
22:20962570:G:C
22:20962805:G:A
22:20962978:C:T
22:20963040:G:A
22:20963207:G:A
22:20963268:G:A
22:20963373:G:A
22:20964056:G:A
22:20965555:T:C
22:20965855:G:A
22:20965869:G:A
22:20965899:C:T
22:20966099:C:G
22:20966125:C:A
22:20966270:T:C
22:20966396:A:G
22:20966457:G:A
22:20966547:A:G
22:20966727:A:G
22:20967333:A:T
22:20967450:G:A
22:20968583:T:C
22:20968724:A:T
22:20970175:C:T
22:20970288:A:G
22:20970334:A:T
22:20970336:C:T
22:20971164:A:T
22:20971370:A:G
22:20971834:G:A
22:20973386:T:C
22:20973464:T:C
22:20973688:T:C
22:20974527:T:C
22:20975690:A:G
22:20976096:G:A
22:20977077:C:A
22:20977272:C:T
22:20977292:C:T
22:20977339:C:T
22:20977646:G:A
22:20978224:T:C
22:20978388:C:G
22:20978536:G:A
22:20978672:A:G
22:20978977:C:T
22:20979980:A:G
22:20980308:A:G
22:20980559:G:T
22:20980962:A:G
22:20982128:G:C
22:20982876:C:T
22:20983309:C:G
22:20983592:T:C
22:20983616:G:T
22:20983830:T:G
22:20984033:A:T
22:20985000:C:A
22:20986010:A:G
22:20986255:G:C
22:20986964:T:G
22:20988045:C:T
22:20988390:C:T
22:20988749:T:C
22:20989409:C:T
22:20989749:A:G
22:20989898:G:A
22:20990057:T:C
22:20990519:G:A
22:20991062:T:C
22:20991129:A:C
22:20991235:T:C
22:20991771:A:G
22:20993328:A:G
22:20993467:G:A
22:20993797:G:A
22:20994186:C:T
22:20996595:C:T
22:20997232:A:G
22:20998885:T:A
22:20999190:A:G
22:20999208:T:C
22:21000580:C:G
22:21001028:C:T
22:21001074:C:T
22:21001472:G:A
22:21002437:T:G
22:21004407:T:C
22:21004476:G:A
22:21005078:A:G
22:21005206:C:T
22:21005422:A:G
22:21005697:A:G
22:21006192:A:C
22:21007485:A:G
22:21008167:A:G
22:21009173:C:T
22:21009596:C:A
22:21009853:C:A
22:21011521:G:C
22:21012223:G:A
22:21012438:A:C
22:21012505:C:G
22:21012568:G:A
22:21012694:G:C
22:21012715:A:G
22:21012830:G:A
22:21013347:G:A
22:21014264:C:T
22:21014329:A:G
22:21015043:A:G
22:21015218:A:G
22:21015737:A:T
22:21017767:C:A
22:21017919:A:T
22:21019125:T:C
22:21020355:G:A
22:21021264:A:G
22:21025935:C:G
22:21026003:A:G
22:21027159:G:C
22:21028138:G:A
22:21028946:T:C
22:21029223:A:T
22:21030404:C:T
22:21031066:T:C
22:21032419:A:G
22:21040868:A:C
22:21075537:A:C
22:21076129:C:T
22:21076208:G:T
22:21079587:C:A
22:21079909:A:G
22:21084882:G:T
22:21094719:A:G
22:21094781:C:T
22:21095344:G:A
22:21095720:C:A
22:21095751:C:T
22:21097344:G:A
22:21099297:T:C
22:21099478:A:G
22:21100842:C:T
22:21102490:A:G
22:21102973:G:A
22:21103089:C:T
22:21103551:G:A
22:21103838:C:T
22:21104928:G:A
22:21105343:T:C
22:21105356:G:A
22:21107153:T:C
22:21108453:G:A
22:21111689:C:G
22:21111690:C:G
22:21113530:C:T
22:21114601:T:G
22:21115244:T:C
22:21117060:G:A
22:21117227:C:T
22:21118024:A:G
22:21118126:G:C
22:21118139:C:T
22:21118306:C:T
22:21118524:C:T
22:21118820:C:T
22:21118918:T:G
22:21122412:C:T
22:21123247:C:T
22:21123565:T:C
22:21126344:T:C
22:21126502:G:C
22:21127097:G:T
22:21127098:C:T
22:21128206:G:A
22:21128576:G:A
22:21129295:T:C
22:21129559:T:C
22:21130129:C:T
22:21130331:T:C
22:21130549:T:C
22:21132808:A:G
22:21134645:G:T
22:21135346:T:G
22:21135763:C:A
22:21136993:T:C
22:21137622:T:C
22:21139955:C:T
22:21140651:A:G
22:21141300:T:C
22:21145465:G:A
22:21145979:C:T
22:21147293:A:G
22:21148285:C:A
22:21149441:T:C
22:21150012:C:A
22:21150340:T:C
22:21151655:A:G
22:21152071:A:G
22:21152179:C:A
22:21152730:T:C
22:21153590:C:T
22:21154282:C:A
22:21154390:T:G
22:21154393:T:G
22:21158081:C:T
22:21158879:T:A
22:21160584:C:T
22:21163327:C:T
22:21165675:T:C
22:21165740:T:C
22:21167787:G:A
22:21168455:T:C
22:21168589:G:A
22:21168784:A:T
22:21169122:A:G
22:21169294:A:T
22:21169875:A:G
22:21171069:A:G
22:21171115:T:C
22:21171592:G:A
22:21173308:C:T
22:21174312:C:A
22:21174356:A:G
22:21174399:T:C
22:21178464:G:A
22:21178484:C:G
22:21179614:G:C
22:21180355:T:C
22:21181465:T:C
22:21181524:G:T
22:21182697:G:A
22:21185381:G:A
22:21186199:C:T
22:21187694:A:G
22:21188732:C:A
22:21189817:T:C
22:21190756:G:C
22:21193192:C:T
22:21193604:T:C
22:21196634:T:G
22:21197829:G:C
22:21198541:T:G
22:21198776:A:G
22:21198880:A:C
22:21202747:A:G
22:21203330:A:G
22:21204180:C:A
22:21205257:A:C
22:21206662:G:A
22:21207566:C:T
22:21207606:C:A
22:21207892:G:C
22:21208236:T:G
22:21210288:A:G
22:21211019:T:C
22:21211107:A:G
22:21212090:C:G
22:21212208:A:G
22:21212476:A:G
22:21213380:C:T
22:21213416:A:G
22:21216695:A:C
22:21217575:A:G
22:21218339:A:G
22:21218876:A:G
22:21220004:T:C
22:21220229:A:G
22:21220331:G:A
22:21220651:C:G
22:21221849:A:G
22:21222458:G:A
22:21223564:T:C
22:21223590:A:G
22:21229802:A:G
22:21236141:C:T
22:21239540:C:G
22:21240108:G:A
22:21241854:T:C
22:21242544:A:G
22:21243253:T:C
22:21243643:T:C
22:21243687:T:G
22:21244385:G:T
22:21247661:A:T
22:21247675:T:C
22:21253069:G:A
22:21253581:C:T
22:21253724:G:A
22:21257398:G:A
22:21258292:A:C
22:21260672:G:A
22:21263551:C:T
22:21272730:T:C
22:21272734:T:C
22:21272752:C:T
22:21273441:G:A
22:21274338:G:A
22:21275029:C:T
22:21275150:A:C
22:21276601:C:G
22:21276605:G:A
22:21277471:A:G
22:21279805:A:G
22:21280463:G:C
22:21282756:C:A
22:21285285:A:G
22:21285846:T:G
22:21286562:C:A
22:21286941:A:C
22:21288901:C:T
22:21291166:C:T
22:21292744:C:T
22:21296547:T:C
22:21297960:T:C
22:21298053:A:G
22:21298315:C:T
22:21299073:G:A
22:21300308:T:C
22:21300895:A:C
22:21302925:C:T
22:21303042:T:C
22:21303690:G:T
22:21303711:G:A
22:21303818:C:T
22:21304408:A:G
22:21304463:T:C
22:21306743:A:G
22:21307058:C:T
22:21308235:G:C
22:21310761:A:G
22:21311531:C:T
22:21311721:T:G
22:21312429:G:A
22:21317432:C:T
22:21318433:G:A
22:21318552:G:T
22:21319041:G:A
22:21320664:A:G
22:21320706:T:C
22:21321364:T:C
22:21322585:A:G
22:21323101:C:A
22:21323357:T:C
22:21323369:C:T
22:21323466:A:G
22:21324308:G:T
22:21327415:G:A
22:21327503:G:C
22:21327589:C:T
22:21330266:T:C
22:21331629:G:A
22:21331677:A:G
22:21331918:C:G
22:21332122:G:A
22:21333505:A:C
22:21334461:T:G
22:21334662:A:G
22:21334873:G:C
22:21334879:A:T
22:21334924:G:C
22:21335135:C:A
22:21335259:C:A
22:21335559:C:T
22:21336549:A:T
22:21337266:G:A
22:21337325:G:A
22:21337964:G:T
22:21338013:G:C
22:21338543:T:C
22:21339915:T:G
22:21340088:T:C
22:21342509:C:T
22:21343391:G:C
22:21344592:A:C
22:21344884:C:T
22:21344905:A:G
22:21344920:G:C
22:21346277:C:T
22:21346384:C:T
22:21346485:T:C
22:21346719:A:C
22:21347505:C:T
22:21348084:T:C
22:21348914:C:T
22:21349037:A:G
22:21349579:C:T
22:21349676:T:A
22:21349677:C:T
22:21350461:A:G
22:21350880:T:C
22:21350936:G:A
22:21352120:G:A
22:21352181:T:C
22:21353328:G:A
22:21356029:T:C
22:21356538:A:T
22:21356549:T:C
22:21356824:G:A
22:21356925:T:A
22:21358522:C:T
22:21361238:T:A
22:21361242:T:A
22:21361920:T:C
22:21362107:G:A
22:21362474:A:C
22:21363306:G:A
22:21363561:T:C
22:21363744:T:C
22:21363960:G:A
22:21364849:T:C
22:21366634:A:G
22:21367284:C:T
22:21367590:T:C
22:21367707:T:C
22:21371227:C:A
22:21372160:G:T
22:21372374:G:A
22:21372405:G:T
22:21372467:C:G
22:21373478:C:T
22:21374135:G:T
22:21376863:G:T
22:21377071:C:T
22:21377334:C:T
22:21377958:A:C
22:21380064:G:A
22:21381646:T:C
22:21381682:A:G
22:21382167:C:T
22:21382482:T:C
22:21382613:G:A
22:21383282:T:C
22:21383312:G:A
22:21384578:C:T
22:21385843:G:A
22:21385985:C:T
22:21386019:G:A
22:21386477:C:T
22:21386684:C:T
22:21387063:G:A
22:21387967:C:T
22:21389629:T:C
22:21395756:A:T
22:21395757:A:G
22:21395784:C:T
22:21395804:A:T
22:21395811:G:A
22:21396528:G:T
22:21396607:C:T
22:21399247:A:G
22:21401426:G:T
22:21406091:C:T
22:21406930:G:A
22:21407084:G:C
22:21408430:T:C
22:21408970:C:G
22:21409018:C:T
22:21409191:G:A
22:21409619:C:G
22:21409774:A:G
22:21409868:G:A
22:21417823:T:C
22:21418552:T:C
22:21420100:T:C
22:21421069:A:G
22:21421425:A:C
22:21421459:C:T
22:21421694:G:A
22:21423993:C:G
22:21424331:A:T
22:21424385:G:A
22:21424414:G:A
22:21424504:A:G
22:21424589:G:A
22:21425298:C:T
22:21425769:C:T
22:21427379:C:T
22:21427577:A:G
22:21428232:G:C
22:21428294:A:G
22:21428417:G:A
22:21428520:C:T
22:21428523:G:A
22:21428956:C:A
22:21429385:C:A
22:21429706:G:A
22:21431054:T:C
22:21431172:G:A
22:21432422:T:C
22:21432822:A:G
22:21433311:A:C
22:21439646:T:G
22:21441230:A:T
22:21441353:G:A
22:21441488:A:G
22:21441952:A:G
22:21442000:G:T
22:21442010:C:A
22:21443283:G:A
22:21443310:G:A
22:21443517:C:T
22:21445037:T:C
22:21445396:T:C
22:21447079:T:A
22:21447294:T:C
22:21448141:T:A
22:21448402:C:A
22:21448938:C:T
22:21449028:A:G
22:21449411:C:G
22:21449724:T:C
22:21450020:G:A
22:21450181:T:G
22:21450264:T:C
22:21450692:A:G
22:21451097:C:T
22:21452237:T:C
22:21453988:C:A
22:21457646:G:C
22:21458625:T:G
22:21458666:T:C
22:21458772:G:A
22:21458804:T:G
22:21459251:C:A
22:21460008:A:G
22:21460220:G:T
22:21461607:A:G
22:21462658:C:G
22:21463515:G:A
22:21463545:T:C
22:21463730:G:A
22:21464479:T:C
22:21465050:T:G
22:21798351:G:C
22:21798907:A:G
22:21801489:C:A
22:21802961:T:G
22:21806401:T:C
22:21809133:G:A
22:21920817:G:C
22:21921294:G:A
22:21922364:T:C
22:21922456:C:G
22:21922904:G:T
22:21923144:A:C
22:21925017:A:G
22:21927064:G:A
22:21927231:C:T
22:21928597:C:G
22:21928641:G:A
22:21928916:T:G
22:21932068:C:T
22:21932264:A:G
22:21933780:C:T
22:21936835:C:A
22:21939675:G:T
22:21939687:C:A
22:21940189:T:G
22:21940310:A:G
22:21941915:C:T
22:21941981:A:G
22:21942007:G:A
22:21943938:T:C
22:21944478:T:G
22:21945096:T:A
22:21945851:G:A
22:21946173:A:G
22:21947467:C:G
22:21949411:A:C
22:21953276:A:G
22:21953288:T:C
22:21956653:A:G
22:21958872:T:G
22:21959038:G:C
22:21964761:G:A
22:21964951:C:T
22:21968221:G:A
22:21973319:C:T
22:21974703:G:C
22:21976934:T:C
22:21977047:C:T
22:21979096:T:C
22:21979289:T:C
22:21979584:C:T
22:21980894:C:T
22:21982249:T:C
22:21982340:C:G
22:21982892:C:T
22:21983260:A:G
22:21984379:G:A
22:21985094:A:G
22:21988524:C:T
22:21988602:C:T
22:21991072:T:C
22:21997574:T:C
22:22001704:G:T
22:22003928:C:G
22:22005629:C:T
22:22005719:C:G
22:22006440:T:C
22:22007370:T:C
22:22007426:C:T
22:22007528:C:G
22:22012772:G:A
22:22014922:C:G
22:22015144:A:G
22:22015234:C:T
22:22015242:C:T
22:22019757:C:A
22:22020694:T:C
22:22024150:C:T
22:22025462:A:G
22:22025476:A:G
22:22025670:T:C
22:22025966:A:C
22:22026320:A:T
22:22027348:C:T
22:22027617:C:T
22:22028124:G:T
22:22028734:A:G
22:22028954:T:C
22:22035951:C:T
22:22036200:G:A
22:22037223:G:A
22:22039863:A:C
22:22040295:C:T
22:22040410:A:G
22:22041438:C:T
22:22042079:G:T
22:22042440:C:T
22:22042918:C:T
22:22043909:G:A
22:22044386:G:A
22:22044659:A:G
22:22045027:T:C
22:22048770:C:G
22:22048862:C:T
22:22049783:C:T
22:22051548:G:A
22:22051583:G:T
22:22051709:A:G
22:22052814:A:G
22:22053776:T:C
22:22053880:A:G
22:22053885:G:T
22:22055280:A:G
22:22055394:A:G
22:22055581:C:A
22:22057273:G:A
22:22058355:A:G
22:22058586:T:C
22:22059293:C:T
22:22061758:A:G
22:22062213:T:C
22:22064106:C:T
22:22064395:G:C
22:22065251:C:T
22:22067722:C:T
22:22068139:C:T
22:22068740:C:T
22:22069340:T:C
22:22080878:A:T
22:22082603:C:T
22:22082919:G:A
22:22086373:T:C
22:22091957:C:T
22:22093592:G:A
22:22094016:A:G
22:22094880:C:G
22:22095771:C:T
22:22095920:T:C
22:22096802:G:C
22:22098687:A:G
22:22100288:C:A
22:22100456:G:A
22:22100718:C:T
22:22101375:T:G
22:22102482:T:C
22:22103033:A:G
22:22103423:T:A
22:22103599:T:C
22:22104873:A:C
22:22105582:C:G
22:22105976:C:T
22:22106618:C:A
22:22107865:C:T
22:22109381:T:C
22:22109596:C:A
22:22109834:A:T
22:22111308:A:G
22:22112527:T:C
22:22112794:G:A
22:22112802:C:T
22:22115004:C:G
22:22115353:G:A
22:22115498:T:C
22:22115886:C:T
22:22116202:C:G
22:22116467:C:T
22:22121155:A:G
22:22121554:T:C
22:22122747:C:G
22:22123189:A:C
22:22130945:C:G
22:22131125:T:G
22:22136398:T:G
22:22141895:T:C
22:22145063:G:C
22:22145101:T:C
22:22145253:T:C
22:22145634:A:G
22:22145732:A:T
22:22146399:A:G
22:22150982:G:A
22:22151286:C:G
22:22151821:G:A
22:22156789:C:A
22:22157661:T:C
22:22162257:G:C
22:22162374:A:T
22:22162993:T:C
22:22163425:A:G
22:22166450:A:G
22:22171567:G:A
22:22173907:G:A
22:22181478:T:C
22:22184133:G:C
22:22185347:T:C
22:22186479:A:C
22:22186562:T:C
22:22186803:G:A
22:22187093:G:T
22:22187660:A:C
22:22188183:G:A
22:22190785:T:A
22:22199970:C:T
22:22200530:T:C
22:22204793:G:A
22:22205353:C:T
22:22205611:A:C
22:22209139:T:C
22:22210135:A:C
22:22210876:C:A
22:22212469:T:C
22:22214746:G:A
22:22215164:G:C
22:22218622:G:C
22:22219449:A:T
22:22220074:C:T
22:22221167:A:G
22:22222103:A:T
22:22222320:T:G
22:22228080:C:T
22:22234038:G:A
22:22234414:G:A
22:22240895:G:T
22:22253023:T:C
22:22257652:A:T
22:22258434:C:T
22:22260441:C:T
22:22260576:G:A
22:22261447:T:C
22:22262369:A:G
22:22264027:G:A
22:22264103:A:C
22:22264137:C:T
22:22264844:T:G
22:22266065:A:G
22:22270854:T:C
22:22272450:C:T
22:22273242:T:C
22:22274211:C:T
22:22275006:G:A
22:22275524:C:T
22:22277307:C:T
22:22277571:A:C
22:22280917:C:G
22:22282263:C:T
22:22282776:A:G
22:22284357:C:T
22:22287862:G:A
22:22287964:T:C
22:22288309:T:C
22:22289397:G:A
22:22290403:T:C
22:22290670:C:A
22:22291196:G:C
22:22292217:C:T
22:22292995:C:A
22:22295754:G:A
22:22296119:C:T
22:22298474:G:A
22:22300678:A:G
22:22300941:T:C
22:22303521:G:C
22:22304458:G:A
22:22304943:G:A
22:22307519:G:C
22:22313829:A:C
22:22314463:T:C
22:22315312:C:T
22:22316157:C:T
22:22316272:G:A
22:22316540:G:A
22:22316631:G:A
22:22317337:C:T
22:22318480:C:A
22:22322138:G:A
22:22322192:C:A
22:22322270:C:T
22:22322274:A:G
22:22326668:T:C
22:22327787:C:T
22:22327788:G:A
22:22328316:T:C
22:22330082:T:C
22:22331405:A:G
22:22332041:T:C
22:22333025:C:T
22:22333218:C:T
22:22333637:T:C
22:22334795:C:T
22:22335125:T:C
22:22339199:C:T
22:22343553:A:G
22:22344848:G:T
22:22349088:T:C
22:22349965:T:C
22:22351365:A:G
22:22352038:C:T
22:22353513:C:T
22:22353521:T:C
22:22353549:A:T
22:22355368:C:T
22:22355496:A:G
22:22355640:G:C
22:22358410:G:T
22:22360650:G:T
22:22367697:G:A
22:22368797:G:A
22:22370290:A:G
22:22371638:G:A
22:22374444:G:A
22:22377206:A:C
22:22378985:T:A
22:22379067:C:T
22:22379780:C:T
22:22380069:G:A
22:22380893:T:C
22:22381327:T:C
22:22386434:A:T
22:22386829:T:G
22:22387239:T:A
22:22387300:C:G
22:22388006:C:G
22:22388019:G:A
22:22388020:A:G
22:22388086:G:C
22:22388332:A:G
22:22389011:G:A
22:22391642:C:T
22:22392107:C:G
22:22392473:T:G
22:22392885:T:C
22:22394144:T:C
22:22395035:C:T
22:22395754:C:T
22:22397055:G:A
22:22397771:G:A
22:22397907:T:C
22:22398127:C:T
22:22398726:G:C
22:22398901:T:A
22:22399414:G:C
22:22399896:T:A
22:22399916:C:T
22:22400423:C:T
22:22400499:G:A
22:22400542:G:C
22:22400564:C:G
22:22400661:T:A
22:22400882:T:C
22:22400890:A:G
22:22401170:G:A
22:22401214:A:G
22:22401216:T:C
22:22401267:G:A
22:22401536:G:A
22:22401979:T:A
22:22402103:G:T
22:22404083:G:A
22:22405185:T:G
22:22408464:G:T
22:22411449:A:G
22:22411815:G:A
22:22412488:C:G
22:22412556:C:T
22:22412602:G:C
22:22412701:C:T
22:22412707:T:C
22:22413165:G:A
22:22413793:C:T
22:22413982:T:C
22:22414120:G:A
22:22414454:T:C
22:22414831:A:G
22:22414988:A:G
22:22415098:C:A
22:22415218:G:C
22:22415450:C:T
22:22415546:G:A
22:22415601:G:T
22:22415971:C:T
22:22416176:C:A
22:22416237:C:T
22:22416257:C:T
22:22416297:A:G
22:22416388:A:G
22:22416434:G:T
22:22416573:A:G
22:22416707:T:C
22:22416724:G:T
22:22416850:C:G
22:22417376:G:A
22:22417678:T:C
22:22417696:G:A
22:22417738:G:A
22:22417829:A:G
22:22418726:T:C
22:22418813:A:C
22:22418834:T:C
22:22418933:G:C
22:22418979:A:G
22:22419105:C:T
22:22419249:G:A
22:22419256:C:T
22:22419771:A:G
22:22419895:A:C
22:22419934:T:C
22:22421040:T:A
22:22421249:G:A
22:22421873:G:A
22:22421933:C:T
22:22422053:C:T
22:22422060:T:C
22:22422331:C:G
22:22422622:C:T
22:22422634:T:C
22:22422749:G:C
22:22424184:G:A
22:22424302:C:A
22:22425106:T:G
22:22425493:G:T
22:22426146:G:A
22:22426303:A:T
22:22426967:A:T
22:22427023:A:G
22:22427420:C:T
22:22427560:C:G
22:22427733:G:A
22:22428083:T:G
22:22428237:C:T
22:22428363:C:T
22:22428873:A:G
22:22428972:C:T
22:22429565:T:C
22:22430042:G:A
22:22430229:A:C
22:22430276:T:C
22:22430352:T:A
22:22430603:A:G
22:22430695:T:A
22:22430811:G:A
22:22430952:A:G
22:22431045:A:G
22:22431655:C:T
22:22431669:A:G
22:22431830:A:G
22:22432155:T:A
22:22433088:T:G
22:22433178:G:C
22:22433498:A:T
22:22433601:T:C
22:22433637:A:G
22:22433851:A:G
22:22434448:A:G
22:22434566:C:T
22:22434835:C:T
22:22434891:G:T
22:22434932:G:T
22:22434937:G:T
22:22434956:C:T
22:22435005:T:C
22:22435011:T:C
22:22435843:A:G
22:22435919:T:C
22:22436162:A:G
22:22436180:A:G
22:22436188:T:A
22:22436253:C:T
22:22436273:G:A
22:22436877:T:G
22:22437126:T:C
22:22437729:C:T
22:22438050:G:T
22:22439105:A:C
22:22439298:A:G
22:22440266:C:T
22:22440499:C:T
22:22440788:T:C
22:22444413:G:A
22:22444576:C:A
22:22446575:G:A
22:22447493:A:G
22:22447739:G:C
22:22447934:C:T
22:22448833:G:A
22:22449163:G:T
22:22449177:C:T
22:22449377:T:C
22:22450073:T:G
22:22451791:C:T
22:22454580:C:T
22:22455321:C:T
22:22455990:T:C
22:22456675:T:C
22:22456698:G:A
22:22456704:G:A
22:22456739:A:G
22:22456782:A:G
22:22457047:T:G
22:22457288:T:A
22:22457412:A:C
22:22457546:T:C
22:22457676:G:C
22:22457681:T:C
22:22457864:T:C
22:22458006:T:C
22:22458066:C:T
22:22458151:G:A
22:22458156:A:C
22:22458224:C:G
22:22458398:T:C
22:22458406:C:T
22:22459157:T:C
22:22459398:C:A
22:22459430:T:C
22:22459480:T:G
22:22459581:C:T
22:22459602:A:T
22:22459768:T:C
22:22461870:C:A
22:22462101:T:C
22:22462358:G:A
22:22462460:A:C
22:22463796:G:A
22:22464673:G:A
22:22465050:T:A
22:22465544:T:C
22:22466409:T:C
22:22466599:C:A
22:22467187:T:C
22:22467376:C:T
22:22467906:T:C
22:22468094:T:C
22:22468099:C:T
22:22468171:A:C
22:22468406:T:C
22:22473054:C:T
22:22473093:G:T
22:22473407:A:G
22:22473641:G:C
22:22474910:C:T
22:22476809:C:G
22:22476997:C:T
22:22477391:T:C
22:22477499:C:T
22:22477527:T:C
22:22477688:C:A
22:22477902:G:T
22:22478203:T:C
22:22478412:C:T
22:22478416:A:G
22:22478482:G:C
22:22478559:G:A
22:22479789:C:A
22:22479883:C:T
22:22480694:C:T
22:22480735:A:G
22:22481326:G:C
22:22481444:A:G
22:22481498:G:A
22:22481592:C:T
22:22481700:C:T
22:22482637:A:C
22:22482774:C:T
22:22482914:C:T
22:22483153:G:A
22:22483260:A:T
22:22483372:A:G
22:22483467:A:G
22:22483630:T:C
22:22483631:G:T
22:22483724:G:A
22:22483912:A:G
22:22484010:A:G
22:22484210:T:C
22:22484348:C:A
22:22484397:A:G
22:22484599:G:T
22:22485124:T:C
22:22485130:C:T
22:22485204:A:T
22:22485231:C:G
22:22485341:A:G
22:22485440:A:G
22:22485674:T:C
22:22485680:G:A
22:22485776:T:C
22:22485827:A:G
22:22485929:T:G
22:22486108:C:T
22:22486790:C:T
22:22486808:G:C
22:22486827:T:C
22:22487029:T:C
22:22487256:G:A
22:22487345:C:T
22:22487392:G:A
22:22487417:T:C
22:22488022:C:T
22:22488043:T:A
22:22488158:C:G
22:22488266:T:C
22:22488382:G:A
22:22488624:T:C
22:22488714:G:A
22:22488758:T:C
22:22488977:T:C
22:22489168:G:A
22:22489560:T:C
22:22489623:T:C
22:22489729:A:G
22:22489904:T:C
22:22489908:C:T
22:22489937:T:A
22:22489999:A:T
22:22490005:T:C
22:22490208:T:C
22:22490340:G:A
22:22490443:C:G
22:22490679:A:G
22:22490837:T:C
22:22490974:G:C
22:22491660:G:C
22:22491949:T:C
22:22492076:A:T
22:22492083:C:T
22:22492092:C:T
22:22492245:C:G
22:22492390:T:A
22:22492457:C:T
22:22492492:A:G
22:22492493:G:A
22:22492604:G:A
22:22492736:A:G
22:22493026:C:T
22:22493238:A:T
22:22493455:T:C
22:22493545:A:C
22:22494048:T:C
22:22494113:A:C
22:22494542:C:T
22:22494783:A:G
22:22494931:G:T
22:22494959:A:G
22:22494990:C:T
22:22495134:A:G
22:22495481:G:A
22:22495614:A:G
22:22495776:A:T
22:22495850:T:C
22:22496146:A:G
22:22496269:G:T
22:22496307:T:C
22:22496315:T:C
22:22496626:C:T
22:22496884:C:G
22:22497398:C:T
22:22497493:A:G
22:22497503:T:G
22:22497624:A:G
22:22497661:A:G
22:22497906:G:A
22:22497942:C:T
22:22498011:C:T
22:22498040:C:T
22:22498181:T:C
22:22498348:C:G
22:22498374:T:C
22:22498656:C:T
22:22498673:A:G
22:22498783:T:C
22:22498789:G:A
22:22498803:A:T
22:22499136:A:G
22:22499309:A:G
22:22499330:C:T
22:22499394:A:G
22:22500272:G:A
22:22500665:G:A
22:22503633:A:G
22:22504281:G:T
22:22504493:C:T
22:22504816:C:T
22:22504946:T:C
22:22505322:C:T
22:22505429:G:A
22:22505539:G:T
22:22505574:A:T
22:22505588:T:C
22:22505616:G:A
22:22505631:T:C
22:22506071:G:A
22:22506340:C:T
22:22506370:A:T
22:22506569:A:C
22:22507057:C:G
22:22508715:A:G
22:22509108:C:G
22:22509458:G:A
22:22509601:G:A
22:22511047:G:A
22:22511111:G:A
22:22511432:G:C
22:22511467:C:T
22:22511496:G:C
22:22511565:G:A
22:22511568:G:C
22:22511588:C:T
22:22511719:T:G
22:22512324:C:A
22:22512579:T:G
22:22512653:A:G
22:22512799:T:C
22:22512923:T:A
22:22513063:G:A
22:22513115:A:G
22:22513136:G:T
22:22513231:C:T
22:22513398:G:A
22:22513579:T:C
22:22513721:G:C
22:22514064:T:C
22:22516998:C:T
22:22517136:C:G
22:22517162:T:A
22:22517205:A:G
22:22517349:T:C
22:22517479:C:A
22:22517698:G:A
22:22517702:T:A
22:22517705:T:C
22:22517826:C:T
22:22517878:C:T
22:22518067:A:G
22:22518088:A:G
22:22518122:A:G
22:22518338:C:T
22:22518517:C:T
22:22518533:C:G
22:22518611:T:G
22:22518679:G:T
22:22518699:C:T
22:22518721:A:C
22:22518767:C:T
22:22518789:C:T
22:22519000:C:T
22:22519771:T:C
22:22520067:G:A
22:22520302:G:A
22:22520450:G:A
22:22520548:T:C
22:22520725:C:T
22:22521058:C:G
22:22521496:T:C
22:22521498:G:A
22:22521525:G:T
22:22522265:C:T
22:22522272:G:A
22:22522589:A:C
22:22522863:G:A
22:22522882:G:A
22:22522984:T:C
22:22523063:G:C
22:22523073:T:C
22:22523091:G:T
22:22523198:A:G
22:22523271:G:A
22:22523351:G:C
22:22523687:A:G
22:22524651:C:T
22:22525199:A:C
22:22526059:A:C
22:22526062:G:A
22:22531023:C:T
22:22531060:C:T
22:22531074:T:C
22:22531525:T:C
22:22531828:A:G
22:22533421:G:T
22:22533579:T:C
22:22534526:C:T
22:22534548:C:T
22:22534686:C:A
22:22534865:A:T
22:22534867:A:G
22:22534988:T:A
22:22535137:A:G
22:22535144:A:G
22:22535368:C:A
22:22535895:C:T
22:22535973:C:T
22:22536288:C:A
22:22536710:C:G
22:22536804:T:C
22:22536846:G:T
22:22536940:T:C
22:22536956:C:T
22:22537013:T:C
22:22538145:T:C
22:22538194:A:G
22:22538224:A:G
22:22538738:A:G
22:22538827:G:T
22:22538916:G:C
22:22539076:T:C
22:22539428:C:A
22:22539566:C:G
22:22539640:G:A
22:22539704:A:G
22:22539705:A:T
22:22539749:T:G
22:22540034:A:G
22:22540272:T:C
22:22540305:T:C
22:22540319:G:A
22:22540432:C:T
22:22541057:C:T
22:22541278:C:T
22:22541402:G:C
22:22541489:C:A
22:22541905:C:T
22:22542083:A:G
22:22548492:T:C
22:22548522:G:A
22:22548577:T:C
22:22548831:A:G
22:22549095:A:G
22:22549696:G:C
22:22549738:T:C
22:22549798:G:A
22:22549799:A:G
22:22549900:G:A
22:22550078:T:C
22:22550339:G:C
22:22550401:C:G
22:22550450:C:G
22:22550510:T:G
22:22550884:T:C
22:22550962:G:C
22:22550982:T:A
22:22551129:T:A
22:22551837:A:G
22:22551935:T:C
22:22551986:A:G
22:22552415:C:T
22:22552429:C:T
22:22552515:C:A
22:22552524:A:G
22:22552844:T:A
22:22552919:G:T
22:22553664:C:T
22:22553845:A:G
22:22554188:C:T
22:22554233:C:T
22:22554745:A:C
22:22554754:C:T
22:22555078:A:C
22:22555383:C:T
22:22555437:G:A
22:22555462:C:T
22:22555490:G:T
22:22555561:T:C
22:22555636:G:A
22:22555677:A:G
22:22555688:C:A
22:22555768:T:C
22:22555796:C:T
22:22555917:C:T
22:22555940:G:C
22:22556270:T:C
22:22556368:C:T
22:22556662:A:T
22:22556934:T:C
22:22557020:C:T
22:22557033:C:T
22:22558078:C:T
22:22558084:G:A
22:22558114:C:T
22:22558500:A:T
22:22559047:C:T
22:22559395:A:G
22:22559503:T:C
22:22559904:C:T
22:22560489:A:G
22:22560534:G:A
22:22560835:G:A
22:22560858:A:G
22:22560977:C:T
22:22561076:G:T
22:22561364:A:G
22:22561368:G:A
22:22561587:C:T
22:22561610:T:C
22:22561758:C:T
22:22561843:T:C
22:22561958:C:T
22:22561973:T:C
22:22562120:C:A
22:22562219:A:G
22:22562234:C:T
22:22562747:G:C
22:22562874:T:C
22:22562885:A:G
22:22563068:C:A
22:22563154:C:T
22:22564734:A:T
22:22565667:C:G
22:22565876:G:A
22:22566968:A:G
22:22566976:A:G
22:22567762:G:A
22:22567948:A:G
22:22568014:G:T
22:22568531:C:T
22:22568610:C:T
22:22568673:C:T
22:22568820:T:C
22:22568900:T:G
22:22568901:T:G
22:22569025:C:A
22:22569448:T:A
22:22569640:T:G
22:22569758:A:C
22:22570271:A:G
22:22570282:G:C
22:22570658:A:G
22:22570821:C:T
22:22571456:T:A
22:22571681:G:C
22:22571854:C:T
22:22571981:C:T
22:22572199:T:C
22:22572812:C:T
22:22572822:G:A
22:22572904:G:A
22:22572942:G:C
22:22573209:T:C
22:22573365:C:T
22:22573414:G:A
22:22573837:C:T
22:22573878:C:A
22:22573973:C:G
22:22574035:T:C
22:22574105:G:A
22:22574248:A:G
22:22574458:G:C
22:22579801:T:C
22:22579822:C:T
22:22580198:T:C
22:22581101:A:G
22:22581127:C:T
22:22581369:A:G
22:22582630:T:C
22:22582778:G:A
22:22583252:C:G
22:22583535:T:C
22:22583571:G:A
22:22584211:T:C
22:22584255:C:T
22:22584281:A:G
22:22584514:G:A
22:22584809:T:C
22:22584839:T:C
22:22584881:T:C
22:22584941:T:G
22:22584999:C:T
22:22585052:C:T
22:22585324:T:A
22:22585362:C:G
22:22585407:A:G
22:22585770:G:T
22:22585773:A:T
22:22585851:T:C
22:22585996:C:T
22:22586065:A:G
22:22586147:C:T
22:22586376:A:G
22:22587439:C:T
22:22588189:G:C
22:22588503:C:T
22:22588619:G:T
22:22588632:T:C
22:22589955:T:A
22:22590113:C:T
22:22590546:C:G
22:22590582:C:T
22:22590780:T:C
22:22590873:T:C
22:22590905:T:C
22:22590920:A:T
22:22591827:G:A
22:22592223:A:T
22:22593407:A:G
22:22593643:A:C
22:22593826:C:T
22:22593968:C:A
22:22594122:T:C
22:22594215:T:C
22:22594298:A:T
22:22594448:T:A
22:22594457:T:A
22:22594460:T:C
22:22594468:C:A
22:22594720:T:G
22:22594905:C:A
22:22595377:C:T
22:22595385:A:C
22:22595507:T:A
22:22596227:A:C
22:22596259:C:T
22:22596468:C:T
22:22597074:A:G
22:22597130:G:C
22:22597173:T:C
22:22597256:C:G
22:22597291:C:G
22:22597330:A:G
22:22597406:G:A
22:22597601:A:G
22:22597742:A:G
22:22597803:A:T
22:22597824:T:C
22:22597829:G:A
22:22597978:C:A
22:22598724:G:T
22:22598743:T:C
22:22599057:A:G
22:22599216:T:C
22:22599674:C:T
22:22599705:G:A
22:22599764:A:G
22:22599808:C:T
22:22600088:A:C
22:22600201:G:T
22:22600210:T:C
22:22600641:G:A
22:22600912:G:A
22:22601007:G:A
22:22601267:A:G
22:22601285:C:T
22:22601293:C:T
22:22602196:G:C
22:22602768:G:C
22:22603024:A:G
22:22603918:T:C
22:22669748:A:G
22:22670011:T:C
22:22670081:G:A
22:22670103:C:T
22:22670585:A:G
22:22670705:A:G
22:22670818:C:G
22:22671670:A:G
22:22671741:A:G
22:22671833:A:G
22:22671962:T:C
22:22672581:T:C
22:22673639:T:C
22:22677667:A:G
22:22677968:G:A
22:22678635:A:G
22:22680014:T:C
22:22681386:C:T
22:22681765:G:A
22:22682657:G:A
22:22683412:G:A
22:22684298:A:G
22:22685340:C:T
22:22687967:T:C
22:22688112:G:A
22:22688212:T:A
22:22689698:T:C
22:22690080:G:A
22:22691123:G:A
22:22691166:C:A
22:22691624:G:C
22:22691900:A:G
22:22694294:A:G
22:22694382:G:A
22:22694486:A:G
22:22697014:G:A
22:22697358:C:T
22:22697490:C:A
22:22698389:G:A
22:22698552:G:A
22:22699092:A:G
22:22700654:G:A
22:22701051:A:G
22:22701115:C:A
22:22701222:G:A
22:22701474:G:A
22:22701660:A:G
22:22701823:G:A
22:22703958:C:G
22:22703976:C:T
22:22704013:C:G
22:22705996:A:C
22:22706190:T:C
22:22708288:C:G
22:22708315:C:A
22:22708408:A:T
22:22708798:C:T
22:22709100:C:G
22:22709163:C:T
22:22709308:T:A
22:22709509:G:T
22:22709940:C:T
22:22710758:T:C
22:22710883:A:G
22:22711289:T:C
22:22711398:T:G
22:22711786:C:T
22:22712831:C:T
22:22712891:G:A
22:22713236:A:G
22:22713451:T:C
22:22713585:C:G
22:22713917:G:A
22:22714084:G:A
22:22714403:T:C
22:22714459:A:G
22:22715089:A:C
22:22716296:G:C
22:22716405:G:C
22:22716568:G:A
22:22716603:T:A
22:22716750:A:G
22:22716912:A:T
22:22717444:C:T
22:22717544:G:A
22:22717616:G:A
22:22717645:G:A
22:22717681:G:A
22:22717809:T:C
22:22717874:A:T
22:22718266:A:G
22:22718704:T:A
22:22718951:C:A
22:22718988:T:C
22:22719005:A:G
22:22719051:T:C
22:22719164:A:G
22:22719198:G:A
22:22720928:G:A
22:22720982:C:A
22:22720983:T:G
22:22721022:C:T
22:22721299:C:A
22:22721652:G:A
22:22721878:C:A
22:22721975:A:G
22:22722503:A:G
22:22722733:T:C
22:22722770:A:G
22:22722929:G:A
22:22723116:A:G
22:22724341:A:C
22:22724951:G:T
22:22725057:T:G
22:22725493:A:C
22:22725582:G:A
22:22725934:G:A
22:22726244:A:C
22:22726609:T:C
22:22726670:C:T
22:22727103:C:T
22:22728326:T:C
22:22728476:A:C
22:22729134:C:T
22:22729171:T:C
22:22729183:T:C
22:22731147:G:A
22:22731758:C:T
22:22733146:G:C
22:22733333:C:A
22:22733401:T:C
22:22734158:T:G
22:22734559:G:C
22:22734628:T:C
22:22734848:T:C
22:22736291:G:A
22:22736474:C:T
22:22737066:G:C
22:22737381:C:T
22:22737788:T:A
22:22738136:T:A
22:22738317:A:G
22:22740308:C:A
22:22740716:G:C
22:22740762:C:G
22:22740855:A:G
22:22741106:T:C
22:22741206:A:C
22:22741337:C:T
22:22741481:C:A
22:22741848:T:G
22:22741939:C:T
22:22742057:G:A
22:22742125:T:G
22:22742337:T:C
22:22742509:G:T
22:22742546:A:T
22:22742624:G:A
22:22742785:A:G
22:22742846:G:T
22:22743069:G:T
22:22743116:C:T
22:22743126:C:T
22:22743256:G:A
22:22743564:C:T
22:22743737:C:T
22:22743812:T:C
22:22743862:C:T
22:22743959:G:A
22:22743984:C:A
22:22744136:A:G
22:22744207:G:A
22:22744402:G:A
22:22744510:G:T
22:22744591:C:A
22:22744727:C:G
22:22745112:C:T
22:22745525:G:A
22:22745604:G:T
22:22745786:T:C
22:22745971:G:C
22:22746257:T:A
22:22746298:C:T
22:22746454:A:C
22:22746634:G:A
22:22747037:C:T
22:22747141:C:T
22:22747327:C:A
22:22747348:C:A
22:22747614:G:T
22:22748058:G:T
22:22748072:A:G
22:22748103:A:G
22:22748200:A:T
22:22748498:G:A
22:22748725:T:G
22:22748894:G:A
22:22749151:C:T
22:22750684:C:T
22:22751104:G:T
22:22751215:G:A
22:22751406:C:T
22:22753029:C:G
22:22753032:A:G
22:22753256:G:C
22:22753274:G:A
22:22753426:G:A
22:22753663:G:C
22:22754073:T:G
22:22754245:A:G
22:22754476:G:A
22:22754483:G:A
22:22754544:A:G
22:22755065:T:C
22:22759094:T:C
22:22759803:A:C
22:22759999:T:C
22:22760142:G:A
22:22761051:T:C
22:22761658:T:G
22:22761889:T:C
22:22762651:C:T
22:22762771:T:C
22:22763526:C:T
22:22763534:T:C
22:22763834:T:G
22:22763841:T:C
22:22765260:C:T
22:22766243:T:A
22:22767510:T:C
22:22768443:T:C
22:22769282:T:G
22:22769365:A:G
22:22769923:A:G
22:22769943:C:G
22:22769944:T:G
22:22770533:C:T
22:22770795:A:G
22:22770874:T:G
22:22771352:G:A
22:22771426:A:G
22:22771458:A:C
22:22771673:A:G
22:22771703:C:A
22:22772470:G:A
22:22772978:A:G
22:22774476:C:A
22:22774989:T:C
22:22775069:T:G
22:22775099:A:C
22:22775515:T:C
22:22775808:T:C
22:22776138:C:T
22:22776278:C:A
22:22776644:C:T
22:22776990:G:C
22:22777920:A:G
22:22778925:C:T
22:22779628:G:A
22:22779652:G:A
22:22780274:C:T
22:22780596:G:A
22:22784982:T:C
22:22785096:G:A
22:22786410:C:T
22:22790610:A:G
22:22790735:C:G
22:22791441:A:G
22:22792154:G:A
22:22793099:A:G
22:22793107:C:T
22:22793162:C:T
22:22793899:C:A
22:22794996:A:G
22:22797239:T:C
22:22797872:T:G
22:22798149:C:T
22:22798799:A:G
22:22799571:A:G
22:22800623:A:G
22:22800690:A:T
22:22800832:A:G
22:22801336:A:C
22:22801542:A:G
22:22801645:A:G
22:22802061:G:A
22:22802091:G:C
22:22802210:T:G
22:22802268:C:G
22:22802403:T:C
22:22802705:T:C
22:22803064:A:G
22:22804318:C:T
22:22804982:C:G
22:22805049:T:C
22:22805889:C:T
22:22806154:T:C
22:22806405:G:C
22:22806673:A:T
22:22806795:C:T
22:22807289:T:C
22:22807484:T:C
22:22808022:G:A
22:22808492:G:A
22:22808518:T:C
22:22808565:G:A
22:22808616:A:G
22:22808710:G:T
22:22808741:T:C
22:22808768:G:A
22:22808887:T:C
22:22808988:T:C
22:22809105:A:G
22:22809137:T:C
22:22809155:A:G
22:22809208:A:T
22:22810091:G:A
22:22810656:A:C
22:22810664:C:A
22:22811117:A:C
22:22811145:T:C
22:22811438:G:A
22:22811610:C:T
22:22811863:T:C
22:22811925:C:T
22:22811979:C:A
22:22812220:T:C
22:22812407:T:C
22:22812735:C:T
22:22813494:G:A
22:22813943:T:G
22:22813974:T:G
22:22814084:G:A
22:22814459:A:G
22:22814883:C:T
22:22815338:T:A
22:22815848:G:A
22:22816068:C:G
22:22816243:T:C
22:22816851:G:A
22:22817218:A:G
22:22817621:T:C
22:22817957:C:A
22:22818159:A:C
22:22818895:C:A
22:22819115:T:C
22:22819378:C:T
22:22819448:T:C
22:22820018:C:T
22:22820630:G:T
22:22820710:C:G
22:22820875:T:G
22:22820934:G:A
22:22821870:G:A
22:22822058:C:T
22:22822363:T:C
22:22823110:T:G
22:22823324:A:G
22:22823803:A:G
22:22823804:C:T
22:22824091:T:A
22:22824574:G:A
22:22825273:G:C
22:22825275:A:G
22:22825441:G:A
22:22825464:C:A
22:22825898:C:G
22:22825931:G:A
22:22826252:A:T
22:22826273:T:G
22:22826905:A:G
22:22827281:T:C
22:22827568:C:T
22:22827870:G:A
22:22828011:C:T
22:22828018:G:A
22:22828088:G:A
22:22828114:G:A
22:22828137:T:G
22:22831235:G:T
22:22837477:C:T
22:22839096:C:A
22:22839424:G:A
22:22839559:A:G
22:22841049:C:G
22:22841102:T:C
22:22841161:C:A
22:22842957:T:G
22:22843118:C:T
22:22844613:G:A
22:22844639:C:A
22:22845240:T:C
22:22845678:G:T
22:22846510:T:C
22:22848011:T:C
22:22848528:A:G
22:22849364:T:A
22:22852123:G:A
22:22852211:A:T
22:22853975:A:G
22:22856373:C:T
22:22857751:G:C
22:22858402:T:A
22:22859120:G:C
22:22859284:A:G
22:22859397:G:A
22:22860129:C:A
22:22860216:T:C
22:22860580:G:A
22:22861527:A:G
22:22861994:G:A
22:22862042:C:T
22:22862062:A:G
22:22862813:G:C
22:22863429:C:T
22:22863779:C:T
22:22865849:G:A
22:22866423:A:G
22:22866460:A:G
22:22866773:T:C
22:22867291:C:A
22:22867300:A:G
22:22867703:G:A
22:22867956:G:C
22:22868090:A:G
22:22868128:T:C
22:22868211:G:A
22:22868497:G:C
22:22869123:T:C
22:22869209:C:G
22:22869218:T:C
22:22869649:G:C
22:22869742:C:A
22:22870063:C:T
22:22870147:G:A
22:22870542:T:C
22:22870965:T:C
22:22871029:T:C
22:22871116:C:G
22:22871157:A:G
22:22871384:C:A
22:22871386:G:A
22:22871640:T:C
22:22873202:T:C
22:22873500:T:G
22:22873965:C:G
22:22874337:A:G
22:22874538:G:C
22:22874655:T:A
22:22874965:A:G
22:22875052:G:C
22:22875537:T:G
22:22875790:C:A
22:22876151:C:G
22:22876232:G:A
22:22876236:T:C
22:22876255:T:C
22:22876386:T:G
22:22876938:T:C
22:22877017:T:C
22:22877564:G:C
22:22877645:G:T
22:22878812:G:C
22:22878970:C:T
22:22878972:T:A
22:22879084:A:G
22:22879227:G:T
22:22879397:G:A
22:22879670:C:T
22:22879734:C:T
22:22879791:C:G
22:22880671:C:T
22:22881842:A:G
22:22882732:C:T
22:22884963:G:T
22:22885076:A:G
22:22889528:G:A
22:22889664:A:C
22:22889902:G:A
22:22890066:T:C
22:22890270:T:G
22:22890302:T:C
22:22891308:G:A
22:22893756:T:C
22:22894965:T:C
22:22895569:G:T
22:22896719:C:G
22:22896851:C:T
22:22896912:C:T
22:22897115:A:G
22:22897261:A:G
22:22897314:C:T
22:22897322:A:G
22:22899234:A:G
22:22901988:G:T
22:22902168:A:G
22:22902625:G:T
22:22902628:A:G
22:22903709:G:A
22:22903788:G:A
22:22903794:A:G
22:22904065:T:A
22:22904066:T:A
22:22904143:A:C
22:22904506:A:G
22:22904802:T:C
22:22905030:G:T
22:22905095:T:G
22:22905574:T:C
22:22905592:A:G
22:22905682:A:G
22:22905693:C:G
22:22905780:T:C
22:22905786:C:T
22:22905809:G:C
22:22905883:G:A
22:22905979:C:T
22:22906060:G:A
22:22906391:T:C
22:22906901:T:G
22:22907618:G:C
22:22907730:A:G
22:22908300:A:G
22:22909172:T:G
22:22909276:G:A
22:22909312:C:T
22:22909404:T:G
22:22909424:G:C
22:22909590:C:T
22:22909963:A:G
22:22909981:A:G
22:22909983:A:G
22:22910273:A:G
22:22910416:T:C
22:22910523:A:G
22:22910531:G:A
22:22910674:C:T
22:22911060:C:T
22:22911549:C:T
22:22912091:T:C
22:22912168:A:T
22:22913629:G:A
22:22913667:A:T
22:22915822:T:C
22:22916106:T:C
22:22916569:T:C
22:22916777:T:A
22:22916960:T:C
22:22917025:C:A
22:22917095:G:C
22:22917279:C:T
22:22917590:G:C
22:22918595:G:A
22:22920212:G:A
22:22920901:T:A
22:22921146:A:G
22:22921404:G:C
22:22921690:A:G
22:22922128:G:C
22:22922640:C:G
22:22922798:G:A
22:22922878:T:C
22:22922888:C:T
22:22923333:C:G
22:22923632:A:G
22:22923637:T:C
22:22923808:A:C
22:22923860:T:C
22:22923994:A:T
22:22924377:A:G
22:22924587:G:A
22:22924813:G:T
22:22924842:A:G
22:22924882:T:G
22:22924995:C:A
22:22925314:G:T
22:22925395:G:C
22:22925405:C:T
22:22925702:C:A
22:22925932:T:A
22:22926123:G:C
22:22926137:C:T
22:22926575:C:G
22:22926693:G:A
22:22926857:T:C
22:22926951:G:T
22:22926994:T:A
22:22927041:G:C
22:22927043:T:G
22:22927135:C:T
22:22927654:C:A
22:22927686:G:T
22:22927793:C:T
22:22928912:T:C
22:22929055:A:T
22:22929268:C:T
22:22929365:C:T
22:22929466:T:C
22:22930220:G:C
22:22930391:C:T
22:22930610:C:T
22:22931376:C:T
22:22931485:G:A
22:22931688:T:G
22:22931716:T:C
22:22931860:G:A
22:22932152:T:C
22:22932241:G:T
22:22935155:G:A
22:22935229:A:G
22:22936815:A:G
22:22938050:G:A
22:22938069:C:T
22:22939608:A:G
22:22939725:A:G
22:22939903:T:C
22:22940611:T:A
22:22942159:C:T
22:22942763:G:A
22:22943500:A:G
22:22943782:G:A
22:22944153:G:A
22:22945355:G:A
22:22945823:G:A
22:22946569:G:A
22:22946974:G:A
22:22947156:C:G
22:22950205:A:G
22:22951024:T:C
22:22951049:G:T
22:22951190:G:A
22:22951246:C:G
22:22951607:G:A
22:22952239:G:A
22:22952474:T:C
22:22953626:A:T
22:22953644:C:A
22:22953807:G:A
22:22955296:A:G
22:22955517:A:G
22:22957510:C:A
22:22957905:T:A
22:22959307:C:T
22:22960217:G:A
22:22960273:C:G
22:22960946:A:C
22:22961753:T:C
22:22997973:A:G
22:22998050:C:T
22:22998124:C:T
22:22998136:G:A
22:22998610:G:T
22:22998633:A:C
22:23000030:G:A
22:23000215:C:T
22:23000278:T:C
22:23000641:A:G
22:23000681:G:A
22:23000690:A:T
22:23000753:G:T
22:23000865:C:T
22:23000892:C:T
22:23001481:G:A
22:23002699:C:T
22:23002893:T:C
22:23002935:C:T
22:23003385:G:A
22:23003442:C:T
22:23003576:A:C
22:23003725:G:A
22:23004296:C:A
22:23005317:C:T
22:23005682:G:T
22:23005865:G:A
22:23005873:T:C
22:23006293:T:C
22:23006419:G:A
22:23006523:G:A
22:23008007:G:A
22:23008118:G:A
22:23009148:T:A
22:23009347:C:A
22:23009692:C:T
22:23009833:A:C
22:23010943:G:A
22:23010963:C:A
22:23011376:G:A
22:23011461:A:T
22:23011593:G:C
22:23011602:T:C
22:23012318:G:A
22:23012596:A:G
22:23012647:A:G
22:23012709:G:A
22:23013007:A:G
22:23013062:G:T
22:23013171:T:C
22:23013350:A:C
22:23013351:T:C
22:23013355:G:A
22:23013483:A:G
22:23013607:T:C
22:23013800:G:T
22:23013809:C:T
22:23013820:G:A
22:23013849:A:C
22:23014658:C:T
22:23016276:T:G
22:23016983:A:G
22:23017909:A:T
22:23018188:G:A
22:23018305:G:C
22:23019307:G:T
22:23019378:G:A
22:23019547:T:C
22:23019886:G:A
22:23021357:C:T
22:23022027:T:C
22:23022136:T:C
22:23022290:G:A
22:23022520:C:T
22:23023222:T:G
22:23023234:G:A
22:23023374:C:G
22:23023396:G:A
22:23024246:T:A
22:23026501:C:T
22:23027209:G:A
22:23027436:C:T
22:23027868:G:A
22:23030543:T:C
22:23031533:A:C
22:23031579:T:C
22:23031581:G:A
22:23031640:G:A
22:23031721:C:T
22:23033019:G:A
22:23033417:C:G
22:23033418:T:C
22:23034330:G:C
22:23035012:G:A
22:23035233:T:C
22:23035357:T:A
22:23035447:G:A
22:23035531:T:C
22:23035739:C:T
22:23036358:C:A
22:23037747:C:G
22:23039016:G:A
22:23041100:C:A
22:23043385:G:T
22:23045012:T:C
22:23045353:C:G
22:23045403:C:T
22:23045749:A:G
22:23046101:A:G
22:23046614:G:T
22:23046667:G:C
22:23046741:A:C
22:23046742:G:A
22:23046915:C:T
22:23046940:T:C
22:23046954:T:C
22:23046957:T:C
22:23047069:C:A
22:23047290:G:A
22:23047298:C:T
22:23047816:C:A
22:23047866:A:G
22:23048105:T:A
22:23048126:A:G
22:23048610:G:T
22:23048921:G:A
22:23048930:G:T
22:23049171:C:T
22:23049190:G:A
22:23049384:C:T
22:23049399:C:T
22:23049430:G:C
22:23051628:T:G
22:23052149:T:C
22:23052192:G:C
22:23052772:A:G
22:23052910:T:A
22:23052924:G:A
22:23052967:G:A
22:23052968:A:G
22:23054614:G:A
22:23054916:G:T
22:23055421:G:A
22:23055539:G:T
22:23055778:G:T
22:23056140:G:A
22:23056185:C:T
22:23056444:C:T
22:23056492:A:G
22:23056593:A:T
22:23056796:T:C
22:23056881:G:A
22:23056896:T:C
22:23059311:C:A
22:23060265:G:T
22:23060308:T:C
22:23060352:A:G
22:23060564:C:T
22:23062398:A:C
22:23062890:T:C
22:23063645:T:G
22:23063840:G:A
22:23063906:A:G
22:23063932:G:A
22:23064058:C:T
22:23064138:T:C
22:23064183:G:A
22:23064271:T:C
22:23064287:C:T
22:23064557:C:T
22:23064738:A:G
22:23064904:C:G
22:23064982:C:A
22:23065017:T:G
22:23065027:G:A
22:23065052:C:G
22:23065072:T:A
22:23065074:G:A
22:23065319:T:C
22:23065320:G:A
22:23065731:C:T
22:23065840:C:T
22:23065881:C:T
22:23066069:C:A
22:23066070:T:G
22:23066078:G:A
22:23066679:G:A
22:23066978:T:C
22:23067476:G:A
22:23067700:A:G
22:23069118:C:T
22:23071014:C:T
22:23071228:T:G
22:23071333:T:C
22:23071667:T:C
22:23071809:C:A
22:23071998:G:A
22:23072142:T:C
22:23073958:G:A
22:23074098:T:C
22:23076350:T:C
22:23076408:C:T
22:23076572:C:T
22:23077925:A:G
22:23078216:G:A
22:23078330:A:G
22:23078354:G:A
22:23080186:A:G
22:23081384:A:G
22:23081391:T:C
22:23081431:T:C
22:23083231:A:G
22:23083515:A:T
22:23083560:G:A
22:23083635:T:G
22:23083731:G:A
22:23083940:C:T
22:23084271:A:C
22:23084624:T:C
22:23084965:A:T
22:23085187:G:C
22:23085615:G:C
22:23087000:T:C
22:23087199:G:A
22:23087756:C:T
22:23088026:G:A
22:23088678:T:C
22:23089095:A:G
22:23089339:A:C
22:23089536:A:G
22:23089759:A:T
22:23089826:G:A
22:23089857:G:A
22:23089865:A:G
22:23091473:T:C
22:23091683:G:A
22:23092160:G:A
22:23092210:G:C
22:23092355:G:A
22:23092445:T:C
22:23093200:G:C
22:23093915:G:A
22:23094518:C:T
22:23095105:G:A
22:23095115:G:A
22:23095493:C:T
22:23095552:C:T
22:23095555:A:G
22:23096298:G:A
22:23096971:C:T
22:23097033:T:C
22:23098193:C:T
22:23098373:C:T
22:23098839:C:T
22:23099231:A:G
22:23102312:A:G
22:23102411:T:C
22:23102440:T:C
22:23102474:G:A
22:23102502:G:A
22:23103010:C:T
22:23103092:A:G
22:23104522:A:G
22:23104527:C:T
22:23104769:G:T
22:23104867:G:A
22:23105331:C:T
22:23105516:G:A
22:23105791:T:C
22:23105820:G:C
22:23105885:T:C
22:23105957:C:A
22:23105970:A:C
22:23105971:G:A
22:23105991:C:T
22:23106508:G:A
22:23106891:C:T
22:23107240:C:T
22:23110532:C:T
22:23110613:G:C
22:23110655:C:T
22:23110757:A:T
22:23110823:A:C
22:23110843:T:A
22:23111003:T:C
22:23111635:C:T
22:23112021:A:C
22:23112286:A:G
22:23112535:A:G
22:23113164:C:T
22:23113506:C:A
22:23114239:T:C
22:23114285:T:C
22:23114327:T:C
22:23114350:A:G
22:23114502:A:G
22:23114508:G:A
22:23114938:C:A
22:23114993:G:A
22:23115001:A:G
22:23115316:C:T
22:23115431:A:C
22:23118016:G:A
22:23118419:T:G
22:23118840:G:A
22:23119972:T:C
22:23119981:G:A
22:23120097:T:C
22:23120186:T:G
22:23120440:G:A
22:23120543:T:C
22:23120581:A:G
22:23120695:C:T
22:23120862:C:T
22:23121132:T:C
22:23121239:A:C
22:23121241:C:T
22:23123028:G:A
22:23124092:G:C
22:23124407:A:T
22:23124534:G:A
22:23125050:C:T
22:23125302:G:A
22:23125420:G:A
22:23125461:C:A
22:23125493:G:C
22:23125787:A:T
22:23125795:C:T
22:23126016:C:T
22:23126359:T:C
22:23126577:A:G
22:23126926:G:A
22:23127500:G:T
22:23128109:A:C
22:23128892:C:T
22:23128943:G:C
22:23128957:G:T
22:23128973:G:T
22:23129036:G:A
22:23129090:G:A
22:23129492:A:G
22:23130618:G:A
22:23132774:A:G
22:23132910:C:T
22:23132962:A:G
22:23135588:G:A
22:23136219:T:C
22:23136811:A:G
22:23137749:C:G
22:23137948:A:G
22:23139043:T:C
22:23139081:C:T
22:23139365:C:G
22:23139388:A:G
22:23140034:T:A
22:23140940:G:A
22:23141243:G:A
22:23141628:G:A
22:23142020:A:G
22:23142034:G:A
22:23142052:T:C
22:23142123:A:G
22:23142143:G:C
22:23142222:A:G
22:23142355:C:T
22:23142404:G:A
22:23143372:C:T
22:23143636:A:G
22:23144293:A:G
22:23144533:A:C
22:23145044:C:G
22:23145582:C:A
22:23149340:T:C
22:23149363:A:G
22:23152101:A:C
22:23154886:T:C
22:23155382:A:G
22:23155988:C:T
22:23156144:C:G
22:23156398:T:C
22:23156516:A:G
22:23157485:G:A
22:23157588:C:A
22:23157886:G:A
22:23158004:G:A
22:23158016:G:T
22:23158684:G:A
22:23158889:C:T
22:23158941:G:A
22:23159239:G:A
22:23159558:G:A
22:23160433:T:C
22:23160720:C:T
22:23161296:A:G
22:23161302:T:C
22:23162769:G:T
22:23164320:A:T
22:23164582:C:T
22:23166136:C:T
22:23167247:G:A
22:23167661:A:C
22:23167829:T:C
22:23168416:C:T
22:23168735:G:A
22:23168881:T:C
22:23168902:A:G
22:23169443:C:T
22:23169929:C:T
22:23170068:C:T
22:23171275:C:A
22:23171738:C:T
22:23171953:A:G
22:23172489:T:C
22:23172907:G:A
22:23175722:G:A
22:23177873:C:G
22:23178553:C:T
22:23178699:A:G
22:23178801:T:C
22:23179140:A:G
22:23179177:A:C
22:23179257:A:G
22:23180233:C:T
22:23180511:A:G
22:23180608:T:C
22:23180907:C:T
22:23181148:A:G
22:23181676:C:G
22:23181681:G:A
22:23181859:A:G
22:23182115:G:A
22:23183714:C:G
22:23183802:T:C
22:23184551:C:T
22:23186463:T:C
22:23187853:A:G
22:23188489:A:G
22:23188770:A:G
22:23189544:G:A
22:23190040:T:C
22:23191525:C:T
22:23193361:G:A
22:23193449:G:A
22:23195201:A:G
22:23195777:A:C
22:23195803:A:G
22:23196467:C:T
22:23197441:C:T
22:23197522:G:A
22:23197597:G:C
22:23198066:A:G
22:23198204:G:A
22:23198222:T:C
22:23199104:A:G
22:23200527:C:T
22:23202063:C:T
22:23202888:T:C
22:23202971:T:C
22:23203127:C:T
22:23203226:A:C
22:23203328:C:T
22:23203432:C:T
22:23203440:C:G
22:23203478:G:A
22:23203580:T:A
22:23203673:A:T
22:23203727:T:A
22:23204004:C:T
22:23204259:C:G
22:23204385:C:T
22:23204691:A:G
22:23205289:A:C
22:23205341:G:A
22:23205980:T:C
22:23206002:G:T
22:23206254:C:T
22:23206455:G:T
22:23206526:A:G
22:23206848:C:T
22:23207076:G:A
22:23207481:G:A
22:23208589:G:A
22:23210513:G:A
22:23210704:C:T
22:23210847:A:G
22:23212592:C:T
22:23212806:A:C
22:23216112:A:G
22:23216562:C:T
22:23217250:C:A
22:23220565:G:A
22:23221772:A:G
22:23222208:C:T
22:23222486:T:C
22:23223261:G:T
22:23223278:A:T
22:23223858:G:A
22:23223867:A:G
22:23223895:G:A
22:23223915:A:G
22:23224058:A:G
22:23224342:A:T
22:23224496:G:A
22:23225780:T:C
22:23225870:T:G
22:23225888:C:T
22:23225953:T:C
22:23225995:A:G
22:23226219:G:A
22:23226469:C:T
22:23227573:T:C
22:23229190:C:T
22:23229918:A:C
22:23230001:C:T
22:23231503:C:T
22:23231528:A:G
22:23231755:T:C
22:23238210:T:C
22:23238289:G:C
22:23239280:A:G
22:23239281:A:C
22:23239321:T:G
22:23239544:A:G
22:23239579:A:G
22:23239868:G:C
22:23239965:C:A
22:23240463:C:T
22:23249390:A:G
22:23249440:C:A
22:23251054:A:C
22:23251842:T:C
22:23251857:C:T
22:23251940:A:G
22:23253303:G:C
22:23253893:C:T
22:23254341:G:A
22:23255525:T:C
22:23255556:T:C
22:23255869:T:C
22:23256260:T:G
22:23256279:C:G
22:23258231:T:C
22:23258300:C:T
22:23258994:G:A
22:23259232:T:C
22:23259501:C:T
22:23259735:A:G
22:23261066:A:G
22:23261552:G:A
22:23261819:G:A
22:23261856:G:A
22:23262360:C:T
22:23263251:C:A
22:23263502:A:G
22:23263708:T:G
22:23264606:G:A
22:23266118:A:G
22:23266478:T:C
22:23266676:C:G
22:23266797:T:C
22:23267152:C:A
22:23268052:A:G
22:23268511:G:A
22:23268987:G:A
22:23269126:G:C
22:23271250:A:G
22:23272630:C:T
22:23272656:C:T
22:23274645:C:T
22:23276363:G:C
22:23276520:G:T
22:23277301:G:A
22:23278515:G:C
22:23278593:T:C
22:23278613:C:T
22:23278808:A:G
22:23279385:C:T
22:23279456:G:C
22:23281116:G:A
22:23282286:T:C
22:23282877:T:C
22:23283041:T:G
22:23283083:T:G
22:23285694:G:A
22:23288012:T:A
22:23288147:C:T
22:23288347:C:T
22:23288557:T:C
22:23289131:A:G
22:23289581:C:T
22:23290335:G:A
22:23291081:C:A
22:23291246:A:G
22:23291611:G:C
22:23291613:A:C
22:23292043:T:A
22:23292407:C:T
22:23292568:T:A
22:23292569:T:A
22:23293006:C:T
22:23294248:T:C
22:23297455:T:C
22:23297693:A:G
22:23297753:C:A
22:23297780:C:T
22:23297814:A:G
22:23297877:C:T
22:23298380:C:T
22:23298653:T:C
22:23298763:A:G
22:23299287:T:G
22:23299622:G:A
22:23299769:G:A
22:23299896:A:G
22:23300049:T:A
22:23300106:T:A
22:23301330:T:C
22:23301336:A:G
22:23301513:G:A
22:23303072:A:G
22:23303137:G:C
22:23303465:A:G
22:23303871:A:T
22:23304323:C:A
22:23305367:T:G
22:23305983:T:C
22:23306510:A:G
22:23306813:C:T
22:23308331:T:C
22:23308572:G:T
22:23309082:A:G
22:23310621:G:A
22:23310978:T:C
22:23315629:C:T
22:23315906:C:A
22:23316616:A:G
22:23317391:C:T
22:23317738:C:T
22:23319251:G:A
22:23319977:A:G
22:23320339:C:T
22:23320833:A:G
22:23322794:T:A
22:23323496:A:G
22:23324839:C:T
22:23326345:G:A
22:23326615:T:C
22:23326827:A:G
22:23327745:C:A
22:23327811:T:C
22:23328017:C:T
22:23329286:G:A
22:23329784:G:A
22:23330366:T:A
22:23330875:A:G
22:23331216:A:G
22:23331665:G:A
22:23332656:A:G
22:23333741:G:C
22:23335538:A:G
22:23335575:T:G
22:23335700:T:A
22:23336825:A:T
22:23337676:G:C
22:23337681:T:C
22:23337705:T:C
22:23338070:G:C
22:23338211:C:T
22:23338503:G:A
22:23339200:C:T
22:23339616:C:T
22:23340093:A:G
22:23341468:G:A
22:23342379:C:G
22:23342414:T:C
22:23343325:G:T
22:23343547:G:A
22:23344094:G:T
22:23345070:G:C
22:23345164:C:A
22:23345194:A:G
22:23345367:A:G
22:23346497:C:T
22:23346648:A:G
22:23350873:G:A
22:23351073:G:A
22:23352933:C:T
22:23353592:G:A
22:23353620:C:G
22:23354047:C:T
22:23354645:T:G
22:23354668:G:A
22:23355751:A:T
22:23356085:G:C
22:23356100:T:A
22:23356738:T:C
22:23356946:G:A
22:23357074:A:G
22:23358608:T:C
22:23362084:T:C
22:23362423:G:A
22:23363352:A:G
22:23363429:G:A
22:23363720:C:T
22:23363837:T:C
22:23363882:G:A
22:23364370:G:A
22:23364587:C:A
22:23365301:A:G
22:23367169:A:T
22:23368033:A:G
22:23369826:C:T
22:23371504:C:G
22:23372071:C:T
22:23372142:A:G
22:23372414:C:T
22:23372864:C:G
22:23372938:T:C
22:23373627:T:C
22:23373902:A:T
22:23374143:G:T
22:23374206:G:A
22:23375092:T:G
22:23376431:T:G
22:23377472:A:C
22:23378115:C:T
22:23379206:A:G
22:23379255:G:A
22:23379362:A:G
22:23379625:T:C
22:23379985:G:A
22:23380955:G:A
22:23382362:G:A
22:23382483:T:C
22:23383863:G:A
22:23385024:A:T
22:23385124:C:T
22:23385952:G:C
22:23386647:A:G
22:23387172:A:G
22:23387642:A:G
22:23389142:T:G
22:23391131:G:A
22:23395411:A:C
22:23395684:C:T
22:23398638:C:T
22:23399461:T:C
22:23399743:A:G
22:23405957:G:A
22:23406619:G:A
22:23407063:G:A
22:23407261:C:A
22:23407301:A:C
22:23408118:G:T
22:23410918:T:A
22:23412058:G:A
22:23415146:C:T
22:23416005:G:A
22:23416941:G:A
22:23417677:A:G
22:23417712:G:C
22:23417758:G:A
22:23418838:A:G
22:23421264:T:A
22:23422052:G:A
22:23422185:A:G
22:23422890:T:C
22:23423107:T:G
22:23423247:G:A
22:23425528:G:C
22:23425923:A:G
22:23425931:G:C
22:23426933:A:G
22:23428434:T:C
22:23428810:A:C
22:23429224:C:T
22:23429552:C:G
22:23429756:T:C
22:23430410:A:G
22:23430693:A:G
22:23431090:T:C
22:23431347:G:A
22:23431763:A:C
22:23432234:C:T
22:23432644:G:A
22:23433243:C:G
22:23433748:T:C
22:23433804:T:C
22:23433863:G:A
22:23433890:G:A
22:23434327:G:A
22:23434593:C:G
22:23435151:G:A
22:23436285:C:T
22:23436424:T:C
22:23437271:G:A
22:23438191:C:T
22:23439530:C:T
22:23439756:C:T
22:23440099:A:G
22:23440526:C:G
22:23441515:C:G
22:23442916:G:T
22:23444067:G:C
22:23444216:G:T
22:23444336:G:C
22:23444792:C:T
22:23444796:A:C
22:23445083:T:C
22:23446386:G:A
22:23447347:G:C
22:23447913:A:G
22:23448091:T:A
22:23449537:T:C
22:23449955:A:G
22:23450882:G:A
22:23450903:A:G
22:23451236:G:T
22:23451775:G:C
22:23454722:C:T
22:23454881:G:A
22:23455366:T:C
22:23456696:T:C
22:23456702:T:C
22:23457098:A:G
22:23457420:T:C
22:23457486:C:T
22:23458577:G:A
22:23459863:G:A
22:23460939:G:T
22:23461003:G:C
22:23461425:A:G
22:23461723:A:G
22:23463183:A:G
22:23464457:A:G
22:23464810:G:A
22:23465078:A:G
22:23466031:G:A
22:23467080:C:T
22:23467804:G:A
22:23467946:G:C
22:23467950:A:G
22:23468538:T:C
22:23469181:T:C
22:23469267:C:T
22:23469433:A:G
22:23469438:G:A
22:23470090:G:A
22:23470660:G:A
22:23471533:C:T
22:23471624:G:A
22:23473231:T:C
22:23474085:G:A
22:23474972:A:G
22:23475750:G:A
22:23475762:C:T
22:23477970:A:G
22:23478695:C:T
22:23480925:G:A
22:23480962:T:G
22:23482460:A:G
22:23482718:C:T
22:23482744:C:A
22:23484254:A:C
22:23488569:G:T
22:23489042:G:A
22:23489362:A:G
22:23490335:C:A
22:23490990:A:G
22:23491644:C:T
22:23494904:T:G
22:23495676:G:A
22:23496545:T:C
22:23497674:T:C
22:23497998:G:A
22:23500553:A:T
22:23501679:T:G
22:23502458:C:T
22:23502478:T:C
22:23502708:T:C
22:23502835:T:G
22:23502987:A:G
22:23503008:T:C
22:23503121:G:A
22:23503170:A:G
22:23503205:G:C
22:23503266:G:A
22:23503319:A:G
22:23503382:C:T
22:23503533:G:T
22:23503569:T:C
22:23503580:C:T
22:23503651:C:T
22:23503756:G:A
22:23503819:T:C
22:23503870:A:G
22:23504326:T:C
22:23504405:C:T
22:23504658:T:C
22:23504862:C:T
22:23504916:G:A
22:23504959:C:T
22:23505934:T:C
22:23505952:T:C
22:23506135:T:G
22:23506826:A:C
22:23509893:A:T
22:23510804:C:A
22:23512554:C:A
22:23515977:G:C
22:23516797:C:A
22:23517976:T:C
22:23518215:A:G
22:23518244:T:G
22:23518251:A:C
22:23519046:G:A
22:23519184:T:C
22:23521094:A:G
22:23523630:C:A
22:23525082:T:C
22:23526643:A:C
22:23528771:C:G
22:23530168:T:G
22:23530434:T:C
22:23532031:C:T
22:23533072:G:T
22:23533356:G:A
22:23534366:A:G
22:23535135:A:G
22:23535499:T:C
22:23535982:G:A
22:23538357:T:C
22:23538587:G:A
22:23538737:T:C
22:23538969:C:A
22:23538970:A:G
22:23539311:A:G
22:23539396:G:A
22:23539440:G:A
22:23539477:A:G
22:23540414:T:G
22:23540609:A:G
22:23540799:A:G
22:23540913:C:T
22:23541488:C:T
22:23542535:A:G
22:23543186:T:C
22:23544151:T:C
22:23545302:T:C
22:23545434:C:A
22:23545879:A:G
22:23546900:G:A
22:23547594:G:C
22:23553922:C:T
22:23558561:A:T
22:23560381:C:T
22:23562891:A:C
22:23563980:T:C
22:23566019:C:T
22:23566081:A:G
22:23568061:C:T
22:23568858:A:G
22:23569063:G:A
22:23569211:A:G
22:23571783:G:C
22:23573867:G:C
22:23574494:A:G
22:23575642:A:G
22:23575660:C:T
22:23579510:C:G
22:23579855:T:C
22:23580987:A:G
22:23584163:T:C
22:23584441:A:G
22:23585132:A:G
22:23586945:C:G
22:23587894:C:T
22:23588165:G:A
22:23589154:A:G
22:23589483:C:G
22:23589560:A:T
22:23589636:A:T
22:23589740:G:A
22:23589758:T:G
22:23589942:A:G
22:23592442:T:G
22:23593051:G:A
22:23594557:G:A
22:23595757:C:T
22:23597030:G:A
22:23597032:A:G
22:23599869:G:A
22:23600013:G:A
22:23602220:G:C
22:23602342:C:T
22:23606384:C:T
22:23606958:A:G
22:23606965:G:A
22:23607442:C:G
22:23609500:A:G
22:23610878:G:A
22:23611357:A:G
22:23612024:C:T
22:23612498:G:A
22:23612628:G:A
22:23613539:A:G
22:23614026:C:T
22:23614426:G:A
22:23616128:G:A
22:23616274:A:T
22:23616355:C:T
22:23616716:C:A
22:23617557:G:A
22:23618043:C:T
22:23618080:G:C
22:23618804:G:A
22:23619440:C:G
22:23619461:C:T
22:23619734:G:A
22:23619956:A:G
22:23620341:C:T
22:23620493:A:T
22:23620531:G:A
22:23621387:T:G
22:23621734:G:A
22:23622519:T:A
22:23622972:T:C
22:23623284:T:C
22:23625330:G:T
22:23625550:C:T
22:23625655:C:T
22:23626081:G:A
22:23626537:A:G
22:23626649:G:A
22:23626896:G:A
22:23627369:A:G
22:23628161:A:G
22:23629013:A:G
22:23629552:T:C
22:23629602:A:T
22:23629856:G:A
22:23630617:C:T
22:23630683:T:C
22:23630690:C:T
22:23631179:A:G
22:23631351:C:T
22:23631639:T:C
22:23631801:T:C
22:23631823:T:C
22:23632257:A:G
22:23632513:A:G
22:23632636:C:A
22:23633252:G:A
22:23633473:T:C
22:23633842:G:A
22:23633944:A:G
22:23635924:G:C
22:23635987:A:C
22:23636118:A:G
22:23636339:C:T
22:23636541:G:A
22:23636736:C:G
22:23637200:T:C
22:23637664:A:G
22:23639971:A:G
22:23639984:A:G
22:23640470:G:C
22:23643212:C:T
22:23643247:T:C
22:23644425:A:G
22:23644631:C:T
22:23644677:T:G
22:23644963:C:A
22:23646953:T:A
22:23647845:T:C
22:23648009:G:A
22:23648625:T:C
22:23648913:T:G
22:23665356:A:C
22:23667731:C:T
22:23690325:G:A
22:23690388:A:G
22:23690414:G:A
22:23690423:C:T
22:23690464:G:A
22:23690509:G:A
22:23690560:C:T
22:23690725:C:T
22:23690731:T:A
22:23691471:T:C
22:23691868:C:T
22:23692738:C:T
22:23693618:A:T
22:23693911:A:G
22:23698549:C:T
22:23698819:T:G
22:23699269:C:T
22:23699601:G:A
22:23699610:C:T
22:23700247:A:G
22:23700622:C:T
22:23700639:T:C
22:23700765:C:T
22:23700907:G:A
22:23700982:T:G
22:23701028:G:A
22:23701350:A:G
22:23701395:G:A
22:23701581:T:C
22:23701763:C:G
22:23701804:T:C
22:23702130:T:C
22:23702185:T:C
22:23702269:T:C
22:23702278:C:T
22:23702316:A:G
22:23704189:C:A
22:23705439:T:C
22:23706717:G:C
22:23707938:G:A
22:23708020:A:G
22:23708125:G:A
22:23708291:G:A
22:23708455:C:G
22:23708474:C:A
22:23708489:G:A
22:23708741:G:A
22:23708833:C:T
22:23709511:T:C
22:23709950:T:C
22:23710483:T:C
22:23712520:A:G
22:23712647:A:C
22:23713809:C:T
22:23715546:A:G
22:23715595:G:A
22:23716212:G:A
22:23717005:T:C
22:23717310:T:C
22:23717315:G:A
22:23717401:G:A
22:23717465:C:T
22:23717466:G:A
22:23717556:G:C
22:23717650:T:C
22:23717854:T:A
22:23719370:T:C
22:23720269:G:A
22:23720420:T:C
22:23720584:G:T
22:23720631:G:A
22:23720661:G:A
22:23720693:C:T
22:23720823:G:A
22:23721063:T:C
22:23721148:A:C
22:23723721:G:T
22:23724686:T:C
22:23724688:T:C
22:23728769:G:A
22:23728799:C:G
22:23729127:C:G
22:23729698:G:A
22:23731801:A:G
22:23731940:G:A
22:23732615:A:T
22:23732640:A:T
22:23732745:A:G
22:23732760:T:C
22:23734930:G:A
22:23736338:G:A
22:23738491:A:T
22:23738649:C:T
22:23739495:G:A
22:23739533:C:T
22:23740098:C:T
22:23740521:T:C
22:23741810:A:G
22:23742018:A:G
22:23742308:C:A
22:23742823:T:C
22:23743499:A:C
22:23746352:G:A
22:23746923:T:C
22:23746954:C:T
22:23747079:G:A
22:23747330:C:G
22:23747610:G:A
22:23747624:C:T
22:23747657:G:A
22:23747665:G:A
22:23747793:A:G
22:23747870:G:T
22:23748149:G:C
22:23748369:G:A
22:23749328:A:G
22:23750730:T:C
22:23750736:G:A
22:23750847:C:T
22:23751488:A:G
22:23752283:A:G
22:23752398:C:T
22:23753059:T:C
22:23753105:C:T
22:23753250:T:C
22:23753349:G:C
22:23753528:T:C
22:23753889:A:G
22:23754338:G:A
22:23754545:C:A
22:23754578:A:G
22:23754702:A:G
22:23754966:C:T
22:23755228:A:G
22:23755406:C:A
22:23755407:C:G
22:23755869:A:G
22:23755964:T:C
22:23756050:A:G
22:23756423:G:A
22:23756637:A:G
22:23756971:G:A
22:23757078:C:T
22:23757434:C:G
22:23757570:G:A
22:23762221:G:C
22:23762236:C:G
22:23762264:T:C
22:23762432:G:A
22:23762646:C:T
22:23762667:C:T
22:23762739:T:C
22:23765953:A:C
22:23766017:A:G
22:23766163:G:A
22:23769986:C:T
22:23772319:T:C
22:23772320:A:T
22:23780538:C:T
22:23792781:G:A
22:23801033:C:T
22:23801123:C:T
22:23801412:C:T
22:23803608:A:G
22:23803722:G:A
22:23805130:A:C
22:23807581:A:G
22:23807739:G:C
22:23808296:A:G
22:23810271:A:G
22:23812614:A:G
22:23812823:C:T
22:23813258:T:G
22:23813308:G:C
22:23813486:A:G
22:23816142:C:T
22:23816145:C:T
22:23820990:T:C
22:23821430:C:A
22:23823749:G:A
22:23826549:A:G
22:23826866:G:A
22:23827304:G:A
22:23827584:G:A
22:23827836:A:G
22:23828410:A:T
22:23829461:G:A
22:23830155:T:C
22:23830249:A:G
22:23830493:A:G
22:23832572:C:A
22:23834373:G:C
22:23834614:C:T
22:23835039:A:C
22:23836045:A:G
22:23836819:T:C
22:23836820:G:C
22:23838200:G:A
22:23838265:C:T
22:23838304:A:G
22:23838312:C:A
22:23838551:G:A
22:23838745:T:C
22:23838833:G:C
22:23839304:G:A
22:23839467:T:G
22:23840483:G:A
22:23840531:T:A
22:23841356:C:T
22:23841552:A:G
22:23842540:T:C
22:23843130:C:T
22:23845547:A:G
22:23846120:A:G
22:23846539:T:C
22:23846777:A:G
22:23849044:A:C
22:23851701:C:T
22:23852072:A:C
22:23853449:T:A
22:23853571:C:A
22:23853685:C:T
22:23853706:G:T
22:23853909:C:A
22:23853965:T:C
22:23854177:G:T
22:23854178:C:T
22:23854226:T:C
22:23854282:G:A
22:23854533:C:T
22:23854860:T:G
22:23854882:A:G
22:23854964:G:A
22:23855154:T:C
22:23855471:G:A
22:23855522:A:G
22:23855604:T:C
22:23855657:A:G
22:23855755:G:A
22:23855842:G:A
22:23855936:G:A
22:23855943:A:G
22:23856058:G:A
22:23856076:C:A
22:23856084:T:G
22:23856727:C:G
22:23856728:T:C
22:23856789:G:C
22:23856900:C:T
22:23856979:T:C
22:23857006:G:A
22:23857007:T:C
22:23857152:T:C
22:23857205:G:A
22:23857223:G:A
22:23857601:A:G
22:23857603:G:A
22:23857642:T:C
22:23858774:T:C
22:23858851:G:T
22:23858924:A:C
22:23860188:T:C
22:23860255:G:A
22:23860506:C:T
22:23860553:C:T
22:23860657:A:G
22:23860874:A:G
22:23860966:G:A
22:23861112:C:T
22:23861121:A:C
22:23861145:A:G
22:23861206:G:A
22:23861357:G:A
22:23861981:G:A
22:23862788:A:G
22:23863430:C:T
22:23865221:A:G
22:23865341:T:G
22:23865356:G:A
22:23865367:T:C
22:23865497:A:G
22:23865750:G:A
22:23866318:G:A
22:23867242:C:T
22:23868718:G:A
22:23868956:A:G
22:23868980:G:A
22:23869130:C:T
22:23869373:T:C
22:23869391:C:T
22:23869784:G:A
22:23869912:G:A
22:23870528:G:A
22:23870698:A:G
22:23870769:C:T
22:23870974:A:G
22:23870989:C:T
22:23871042:G:T
22:23871105:A:G
22:23871201:T:C
22:23871971:C:T
22:23872077:C:G
22:23872134:C:G
22:23872195:A:G
22:23873076:C:T
22:23873270:A:C
22:23873741:C:T
22:23874008:G:C
22:23874170:G:A
22:23874199:T:A
22:23874465:C:T
22:23874589:C:T
22:23874708:G:A
22:23874731:C:G
22:23874838:C:T
22:23875177:G:T
22:23875184:G:T
22:23876408:G:C
22:23877257:G:C
22:23877689:C:T
22:23877733:G:C
22:23878057:C:A
22:23879183:T:C
22:23879235:C:T
22:23879339:C:T
22:23879547:T:C
22:23879578:C:T
22:23879817:A:T
22:23880027:T:C
22:23880050:G:T
22:23880097:G:C
22:23880978:G:A
22:23880999:C:T
22:23884893:C:T
22:23885771:G:A
22:23886021:G:T
22:23886925:A:G
22:23890716:T:C
22:23890836:T:C
22:23891107:T:C
22:23891809:T:C
22:23891904:T:C
22:23892310:C:T
22:23892433:C:T
22:23894242:G:A
22:23894483:G:C
22:23894580:C:T
22:23895043:A:G
22:23895625:C:T
22:23895789:A:C
22:23895885:C:T
22:23896107:T:C
22:23897669:G:A
22:23898323:G:A
22:23898845:G:A
22:23898912:G:A
22:23899142:A:G
22:23899300:C:T
22:23899570:G:C
22:23899944:G:A
22:23899964:T:C
22:23900319:A:G
22:23901646:T:C
22:23902080:C:T
22:23904610:G:A
22:23909983:G:A
22:23910084:G:A
22:23911487:G:C
22:23914020:C:T
22:23919448:C:T
22:23921202:A:G
22:23921529:T:G
22:23921581:C:T
22:23922983:A:G
22:23923425:C:A
22:23925335:T:C
22:23925431:A:G
22:23925779:T:C
22:23926532:C:G
22:23929634:G:T
22:23929636:A:G
22:23929674:A:G
22:23929701:A:C
22:23930279:A:G
22:23930914:G:A
22:23931022:A:G
22:23931845:T:G
22:23932978:C:T
22:23933452:T:C
22:23934030:G:T
22:23945108:C:T
22:23945369:G:A
22:23945876:C:T
22:23946719:C:G
22:23946990:C:G
22:23947494:T:C
22:23951928:T:C
22:23952160:G:A
22:23952627:C:T
22:23965020:C:T
22:23965722:T:C
22:23966720:C:T
22:23967893:A:C
22:23970708:C:T
22:23971028:C:T
22:23972409:A:G
22:23976599:T:A
22:23977513:A:G
22:23977602:C:T
22:23979342:C:T
22:23979763:A:G
22:23982100:G:A
22:23987608:C:A
22:23987956:A:T
22:23990053:G:A
22:23990187:G:C
22:23990208:C:A
22:23993051:G:T
22:23993174:G:A
22:23993180:A:G
22:23993358:T:C
22:23993416:A:T
22:23993831:G:C
22:23993962:C:T
22:23994139:G:A
22:23994168:G:T
22:23994781:A:G
22:23994881:T:A
22:23994933:C:T
22:23995026:A:C
22:23995056:G:A
22:23995213:C:T
22:23995540:C:G
22:23995561:T:C
22:23995609:T:C
22:23995997:C:T
22:23996225:C:A
22:23996259:T:C
22:23996261:A:G
22:23996463:A:G
22:23996567:A:G
22:23996590:C:T
22:23996722:T:C
22:23996965:T:C
22:23997007:T:C
22:23997571:G:A
22:23997651:T:C
22:23997997:T:C
22:23998208:G:C
22:23998474:T:G
22:23998475:A:G
22:23999138:C:T
22:23999627:T:C
22:24000993:G:A
22:24001094:C:T
22:24001256:A:C
22:24001281:G:C
22:24001643:C:T
22:24001837:T:G
22:24001975:A:T
22:24002030:T:C
22:24002522:T:G
22:24003015:C:T
22:24003124:T:A
22:24012624:G:A
22:24020846:A:G
22:24021407:C:T
22:24021489:C:T
22:24021525:T:A
22:24021832:C:T
22:24021885:C:T
22:24021893:T:C
22:24021950:G:A
22:24022115:C:T
22:24022307:G:A
22:24022631:C:T
22:24022975:A:T
22:24024308:C:T
22:24024430:C:T
22:24024815:C:T
22:24024847:T:C
22:24025220:C:A
22:24025365:C:T
22:24025490:T:C
22:24025772:C:T
22:24026415:G:C
22:24026845:C:A
22:24027192:C:T
22:24027233:A:G
22:24027648:A:C
22:24027650:C:G
22:24028186:G:A
22:24028412:T:C
22:24028627:C:T
22:24029646:T:G
22:24029652:T:C
22:24030367:A:G
22:24030571:C:T
22:24030799:T:C
22:24030907:G:A
22:24031712:G:T
22:24032015:C:A
22:24032329:C:T
22:24033466:G:A
22:24033486:T:C
22:24034288:A:G
22:24035970:C:T
22:24036563:G:A
22:24036657:T:C
22:24038086:A:C
22:24038847:T:C
22:24044488:C:G
22:24044515:C:T
22:24045962:A:C
22:24047092:T:C
22:24047657:G:T
22:24048368:T:C
22:24049577:G:A
22:24049718:T:C
22:24049993:A:G
22:24050221:C:T
22:24050288:G:A
22:24052031:C:T
22:24055402:C:A
22:24055942:A:G
22:24056537:G:A
22:24058041:C:G
22:24066392:G:C
22:24066399:T:G
22:24070416:T:C
22:24071877:G:A
22:24072256:G:C
22:24072455:C:T
22:24078513:G:A
22:24079243:A:G
22:24081194:C:A
22:24082112:T:C
22:24083873:C:T
22:24085247:G:A
22:24085854:G:T
22:24086107:A:G
22:24087319:A:C
22:24087914:G:C
22:24088324:G:A
22:24089070:C:A
22:24090587:C:T
22:24092597:A:G
22:24093789:C:A
22:24094476:T:G
22:24094485:G:A
22:24094836:C:T
22:24094912:T:C
22:24096674:A:C
22:24097015:C:T
22:24097972:C:T
22:24099264:C:T
22:24103713:C:T
22:24104902:T:C
22:24105789:G:A
22:24106674:G:A
22:24107801:T:C
22:24108288:C:G
22:24108977:A:G
22:24109285:G:A
22:24109462:T:C
22:24109550:T:C
22:24115515:C:T
22:24116586:G:T
22:24116817:T:C
22:24117525:C:T
22:24117916:A:G
22:24121378:C:T
22:24122267:A:G
22:24122499:G:A
22:24123727:G:A
22:24124842:A:G
22:24125565:G:A
22:24127495:T:C
22:24129005:T:G
22:24129129:G:T
22:24129795:T:C
22:24132374:A:G
22:24133368:C:G
22:24133493:C:T
22:24133570:G:A
22:24134302:T:C
22:24134394:T:C
22:24134694:A:T
22:24134758:G:A
22:24136542:G:A
22:24138301:C:T
22:24138344:G:A
22:24138841:G:A
22:24140348:A:G
22:24142330:T:A
22:24142523:T:C
22:24142738:C:A
22:24142977:G:C
22:24142978:C:T
22:24143502:C:G
22:24144125:A:C
22:24144280:C:T
22:24145318:C:T
22:24145395:A:G
22:24145675:G:C
22:24145727:C:T
22:24145809:T:C
22:24146055:T:G
22:24146552:A:C
22:24146560:C:T
22:24146629:C:T
22:24147056:A:G
22:24147258:G:A
22:24147323:G:A
22:24147595:T:C
22:24148041:C:A
22:24148273:A:G
22:24148533:A:G
22:24148689:C:T
22:24148787:G:A
22:24149191:A:T
22:24149487:G:T
22:24154578:A:G
22:24155554:C:T
22:24155555:G:A
22:24155614:G:A
22:24155820:G:A
22:24155828:T:G
22:24155937:T:C
22:24158149:A:G
22:24158370:G:T
22:24158397:C:T
22:24158573:G:A
22:24158697:G:C
22:24158709:A:G
22:24158895:A:G
22:24158899:C:A
22:24159244:G:A
22:24159276:A:G
22:24159321:T:C
22:24159326:C:T
22:24159437:G:T
22:24159452:A:G
22:24159530:A:C
22:24159620:C:T
22:24161136:A:T
22:24161481:G:A
22:24161854:A:C
22:24161912:T:A
22:24162019:T:C
22:24162130:C:T
22:24162289:A:G
22:24162359:G:T
22:24162363:A:T
22:24162734:C:T
22:24162745:C:T
22:24163001:G:A
22:24163081:T:C
22:24163152:C:T
22:24163228:A:G
22:24163241:A:G
22:24163284:G:A
22:24163482:G:A
22:24163666:G:C
22:24163766:G:A
22:24164221:G:T
22:24164316:A:G
22:24164401:G:A
22:24164467:G:A
22:24164509:A:G
22:24164598:C:T
22:24164723:A:G
22:24165498:A:C
22:24165632:A:G
22:24165654:A:C
22:24165867:G:A
22:24165874:C:T
22:24165947:G:A
22:24166230:G:A
22:24166256:G:C
22:24166378:C:G
22:24166401:C:T
22:24166540:T:C
22:24166616:G:C
22:24166788:G:A
22:24167098:G:A
22:24167166:G:A
22:24167185:C:T
22:24167513:G:A
22:24167902:C:G
22:24167906:T:C
22:24168209:A:G
22:24168335:A:G
22:24168365:C:A
22:24168998:A:G
22:24169196:G:C
22:24169662:T:C
22:24169707:G:C
22:24169751:C:T
22:24170861:A:G
22:24171028:T:C
22:24171052:C:G
22:24171201:C:T
22:24171305:A:G
22:24171404:A:G
22:24171482:G:A
22:24171536:A:G
22:24171901:G:A
22:24172030:T:C
22:24172594:C:G
22:24173394:A:G
22:24173633:G:A
22:24173718:A:G
22:24173919:T:G
22:24174007:A:G
22:24174129:G:A
22:24174145:T:C
22:24174303:G:A
22:24174335:T:C
22:24174408:A:G
22:24174510:G:A
22:24174672:T:C
22:24175077:C:A
22:24175101:T:C
22:24175135:C:T
22:24175208:G:A
22:24175372:G:A
22:24175440:G:T
22:24175583:A:C
22:24175620:G:A
22:24176053:G:T
22:24176164:G:A
22:24176287:G:A
22:24177511:A:C
22:24177636:G:A
22:24177697:A:G
22:24178590:C:G
22:24179132:G:A
22:24179502:G:A
22:24179603:C:G
22:24179648:T:C
22:24179661:A:T
22:24179724:G:C
22:24179922:G:C
22:24180449:C:T
22:24183140:T:A
22:24183198:C:T
22:24184328:C:T
22:24184600:G:A
22:24184686:G:A
22:24184696:G:A
22:24184850:A:G
22:24184908:C:A
22:24184915:T:G
22:24185163:G:A
22:24185599:T:C
22:24185857:G:A
22:24186358:T:G
22:24186431:G:A
22:24186623:T:C
22:24186637:T:C
22:24186723:T:C
22:24186809:T:C
22:24186823:T:C
22:24187486:T:C
22:24187569:G:A
22:24187820:A:G
22:24187946:G:C
22:24188193:C:G
22:24188943:A:T
22:24189032:C:G
22:24189068:T:C
22:24191987:T:C
22:24193103:T:C
22:24194941:T:C
22:24195336:G:A
22:24204158:A:G
22:24204776:C:T
22:24206880:G:A
22:24207962:A:G
22:24208183:T:C
22:24208246:T:C
22:24209759:G:C
22:24210050:A:C
22:24211980:G:T
22:24212248:A:G
22:24212826:A:G
22:24220358:G:A
22:24221295:T:G
22:24221405:G:C
22:24221445:C:T
22:24222606:T:C
22:24222710:C:T
22:24222744:T:C
22:24223667:C:T
22:24226242:A:G
22:24227246:A:C
22:24227928:A:T
22:24228125:T:C
22:24228937:T:C
22:24232044:C:T
22:24232507:G:A
22:24232725:G:A
22:24232747:G:A
22:24232875:G:A
22:24233592:C:T
22:24233914:T:G
22:24233998:G:A
22:24234172:A:G
22:24234245:C:T
22:24234493:A:G
22:24234664:T:C
22:24234807:T:C
22:24234859:A:G
22:24234934:A:G
22:24235198:G:A
22:24235303:G:C
22:24235306:G:A
22:24235360:A:G
22:24235380:A:G
22:24235459:T:G
22:24235466:C:G
22:24236392:G:C
22:24237221:C:G
22:24237463:T:C
22:24237862:T:G
22:24238079:T:A
22:24238674:C:T
22:24238823:G:A
22:24238830:T:C
22:24238857:T:G
22:24239243:T:G
22:24239868:T:C
22:24240138:T:C
22:24240304:G:T
22:24240340:G:A
22:24241101:C:T
22:24241277:G:A
22:24241307:C:T
22:24241342:A:G
22:24241499:A:G
22:24241533:A:G
22:24241549:C:T
22:24241594:A:G
22:24241611:G:T
22:24242302:A:G
22:24242338:T:C
22:24242350:C:G
22:24242894:G:C
22:24242973:A:G
22:24243573:G:A
22:24243736:C:T
22:24245292:A:G
22:24245880:G:T
22:24245915:C:T
22:24245976:A:G
22:24246077:T:C
22:24247073:G:T
22:24247293:A:G
22:24247303:C:G
22:24247310:A:G
22:24247793:T:C
22:24247794:G:C
22:24248166:T:G
22:24248314:A:G
22:24248414:G:A
22:24248712:T:C
22:24248761:T:C
22:24248781:A:G
22:24249091:T:C
22:24250645:C:A
22:24250795:C:G
22:24250802:A:G
22:24251344:T:C
22:24251517:C:T
22:24251766:C:A
22:24252085:A:G
22:24252238:C:T
22:24252597:T:C
22:24252668:G:T
22:24252842:T:C
22:24252938:C:G
22:24254055:C:T
22:24254113:C:T
22:24254363:C:T
22:24254862:G:T
22:24255208:G:A
22:24256894:T:C
22:24257337:G:A
22:24261004:C:T
22:24262044:G:C
22:24262061:G:A
22:24264395:C:T
22:24265659:C:T
22:24266954:A:C
22:24267047:C:T
22:24267347:G:C
22:24267538:C:T
22:24267995:G:C
22:24268120:G:T
22:24268998:C:T
22:24269358:C:T
22:24269430:C:T
22:24269459:G:T
22:24269519:A:G
22:24269958:G:T
22:24270005:T:C
22:24270033:A:G
22:24270039:A:C
22:24270585:G:A
22:24270631:A:T
22:24270732:G:C
22:24270733:G:A
22:24270777:C:T
22:24274622:T:G
22:24275660:G:C
22:24275998:A:G
22:24312204:G:A
22:24313954:A:G
22:24353184:C:T
22:24360336:C:T
22:24376322:G:A
22:24377034:A:G
22:24381083:C:A
22:24381406:C:T
22:24388642:A:G
22:24389199:C:T
22:24401542:G:A
22:24402321:G:A
22:24404830:G:C
22:24406778:C:A
22:24407334:C:G
22:24414829:T:G
22:24417288:T:G
22:24419426:A:G
22:24423790:G:A
22:24425114:C:G
22:24427878:G:A
22:24429241:C:T
22:24433140:A:G
22:24435843:G:A
22:24438047:A:G
22:24439047:A:T
22:24443473:T:C
22:24444640:T:A
22:24451035:G:A
22:24452885:A:G
22:24463564:C:A
22:24463748:C:T
22:24464377:A:G
22:24465672:A:G
22:24469115:G:A
22:24470125:C:G
22:24472270:A:G
22:24478683:G:T
22:24478695:T:G
22:24488861:C:T
22:24489649:T:C
22:24492061:T:C
22:24497624:C:G
22:24498665:T:C
22:24499204:G:A
22:24500866:G:C
22:24510620:C:T
22:24513337:T:A
22:24513520:G:C
22:24513946:A:G
22:24514600:G:C
22:24518128:A:G
22:24518728:A:G
22:24520375:A:G
22:24525236:G:A
22:24525711:T:C
22:24527749:T:C
22:24535229:T:C
22:24535962:G:A
22:24538040:G:T
22:24541432:T:C
22:24542636:T:A
22:24544482:G:T
22:24544607:T:C
22:24544632:T:G
22:24545060:T:C
22:24546298:G:A
22:24547071:C:T
22:24550303:T:C
22:24552872:C:A
22:24556507:T:C
22:24558318:T:C
22:24559739:C:T
22:24561364:A:G
22:24564782:C:T
22:24566894:G:T
22:24567031:A:G
22:24572853:C:T
22:24575952:T:C
22:24576159:G:A
22:24577121:G:C
22:24577986:T:C
22:24580485:A:C
22:24580924:T:G
22:24582041:A:G
22:24582739:G:A
22:24583879:T:C
22:24584970:G:A
22:24585313:A:G
22:24585575:T:C
22:24585594:T:C
22:24585835:T:C
22:24586071:T:C
22:24586791:G:T
22:24587818:T:C
22:24591879:A:G
22:24600438:A:G
22:24600820:G:T
22:24600870:C:G
22:24604300:T:C
22:24604553:T:A
22:24605185:C:T
22:24605938:A:G
22:24608328:C:T
22:24608329:A:G
22:24609951:A:G
22:24610158:A:G
22:24610727:G:C
22:24610780:G:A
22:24611330:T:G
22:24611344:A:G
22:24611356:T:C
22:24612115:C:T
22:24613952:G:A
22:24615506:A:G
22:24618331:A:G
22:24618574:C:T
22:24621491:C:T
22:24621826:A:G
22:24621857:C:A
22:24622648:T:C
22:24625659:A:T
22:24628928:G:A
22:24629380:C:T
22:24630093:C:A
22:24631748:C:T
22:24631791:A:G
22:24632072:T:C
22:24632403:C:T
22:24632431:T:A
22:24638596:G:A
22:24639069:T:C
22:24662649:T:C
22:24669465:G:A
22:24681555:C:T
22:24681579:T:C
22:24695298:G:A
22:24695441:T:C
22:24700854:C:T
22:24704556:T:C
22:24706298:A:G
22:24707112:T:C
22:24715049:A:G
22:24717518:G:A
22:24719085:C:G
22:24719605:T:C
22:24724099:G:A
22:24726718:T:G
22:24726752:G:C
22:24727846:A:C
22:24730587:C:T
22:24732045:A:G
22:24737327:A:G
22:24737868:A:C
22:24742294:C:T
22:24742426:C:G
22:24744079:T:C
22:24744702:T:C
22:24745498:A:C
22:24745667:G:T
22:24745920:A:G
22:24745957:C:T
22:24750273:T:A
22:24750512:T:C
22:24754572:G:A
22:24754911:A:G
22:24755025:G:T
22:24755850:A:G
22:24756865:C:T
22:24760101:T:G
22:24760102:T:C
22:24766986:G:A
22:24767602:T:G
22:24767776:G:C
22:24772276:A:T
22:24774375:A:G
22:24774907:C:T
22:24775348:C:T
22:24775644:A:G
22:24780580:A:G
22:24781680:T:C
22:24793716:A:G
22:24793892:G:C
22:24796290:G:A
22:24801535:C:T
22:24802564:G:A
22:24806804:G:T
22:24807235:C:T
22:24807343:G:T
22:24808435:G:A
22:24808993:G:A
22:24811667:G:A
22:24812377:T:C
22:24813165:G:T
22:24813841:C:T
22:24814403:C:A
22:24814625:C:T
22:24815288:G:A
22:24815406:G:A
22:24818403:G:T
22:24818404:G:T
22:24825511:C:T
22:24826085:T:C
22:24826155:G:A
22:24826672:T:C
22:24830595:T:C
22:24833760:T:G
22:24836024:T:C
22:24837301:T:C
22:24840118:T:G
22:24840253:G:A
22:24840676:C:T
22:24840734:A:G
22:24842452:T:G
22:24843594:C:G
22:24843731:G:C
22:24846391:T:C
22:24847606:T:A
22:24848460:A:G
22:24852233:T:A
22:24855182:C:T
22:24855541:G:A
22:24856329:T:C
22:24858500:C:T
22:24862597:G:A
22:24862738:A:G
22:24864914:T:C
22:24865187:C:T
22:24867882:G:C
22:24869659:A:G
22:24870064:T:A
22:24870126:T:C
22:24871831:A:G
22:24875123:T:C
22:24876800:T:C
22:24876846:C:T
22:24878218:T:C
22:24878430:C:T
22:24878804:T:C
22:24879289:A:G
22:24879557:T:C
22:24879656:T:C
22:24881233:T:C
22:24881685:A:G
22:24881781:C:T
22:24883218:T:A
22:24883528:T:C
22:24885223:C:T
22:24891292:C:G
22:24891355:A:T
22:24892018:A:G
22:24893025:T:G
22:24894856:G:A
22:24897743:G:A
22:24898310:C:T
22:24900045:C:G
22:24901186:C:T
22:24902504:A:T
22:24902606:G:A
22:24908352:A:G
22:24908536:T:C
22:24912232:C:T
22:24912248:A:G
22:24917393:C:A
22:24917852:G:A
22:24918447:G:A
22:24919329:T:C
22:24920322:T:G
22:24921214:T:C
22:24921558:C:T
22:24922452:T:G
22:24929771:A:G
22:24931490:G:A
22:24932214:G:A
22:24932967:C:A
22:24933069:C:T
22:24934355:C:G
22:24934370:C:T
22:24935250:T:C
22:24936970:A:G
22:24938455:T:A
22:24938908:A:G
22:24939289:A:C
22:24940242:G:T
22:24940959:C:T
22:24943294:C:T
22:24943582:G:A
22:24943658:T:C
22:24944782:A:G
22:24945361:C:A
22:24946522:G:C
22:24946618:G:C
22:24947452:C:T
22:24948172:A:G
22:24949306:T:C
22:24949953:G:C
22:24952498:C:A
22:24953056:C:T
22:24953227:A:G
22:24953249:C:A
22:24954832:C:T
22:24958017:G:A
22:24964128:T:C
22:24965885:G:A
22:24970107:A:G
22:24970486:A:G
22:24976110:C:A
22:24982522:A:T
22:24986473:T:C
22:24986546:G:A
22:24987964:G:A
22:24989920:C:T
22:24990213:A:G
22:24990646:A:G
22:24990916:G:A
22:24991863:C:T
22:24991895:A:G
22:24992266:T:C
22:24993367:G:A
22:24994335:G:A
22:24995663:C:T
22:24995668:A:G
22:25074863:G:T
22:25075267:A:G
22:25075327:C:G
22:25075402:A:G
22:25075975:G:A
22:25076598:G:T
22:25076938:A:G
22:25077156:C:T
22:25077432:G:A
22:25079348:A:C
22:25079925:G:A
22:25080077:G:A
22:25080956:T:G
22:25081104:C:G
22:25081241:C:T
22:25081897:G:C
22:25082586:T:G
22:25082635:C:T
22:25082844:C:G
22:25083148:A:C
22:25083454:G:A
22:25083914:C:T
22:25084872:A:G
22:25086063:G:A
22:25086734:T:C
22:25086816:C:G
22:25087731:C:T
22:25088494:C:A
22:25088629:T:A
22:25089322:T:A
22:25090006:A:G
22:25090165:G:A
22:25090370:C:T
22:25090710:G:C
22:25090768:G:A
22:25090863:G:C
22:25091272:C:T
22:25091395:C:T
22:25092017:C:T
22:25092773:G:A
22:25093071:A:G
22:25093324:A:G
22:25094393:T:C
22:25095440:C:T
22:25095452:C:A
22:25096171:T:C
22:25096704:T:G
22:25096813:G:A
22:25099115:G:A
22:25102070:T:C
22:25102094:A:G
22:25102715:G:T
22:25103024:T:C
22:25103101:G:A
22:25103157:C:T
22:25103222:G:A
22:25103248:C:T
22:25103543:A:G
22:25103770:C:T
22:25104087:T:C
22:25104220:A:G
22:25104355:T:C
22:25105221:G:A
22:25105347:C:T
22:25105538:T:A
22:25106327:A:G
22:25106976:G:A
22:25108767:A:G
22:25109027:G:A
22:25110395:T:G
22:25111200:C:G
22:25111218:A:T
22:25111237:A:T
22:25111467:G:T
22:25112325:G:A
22:25113330:C:T
22:25113562:A:G
22:25114396:A:G
22:25114827:G:A
22:25117920:C:T
22:25117963:T:C
22:25118051:A:G
22:25118689:G:A
22:25119284:G:A
22:25119300:T:C
22:25119636:T:C
22:25122720:A:G
22:25123505:T:C
22:25123664:A:G
22:25123669:A:G
22:25124095:C:T
22:25124711:C:T
22:25124928:C:G
22:25125000:A:G
22:25127865:T:C
22:25129964:A:G
22:25130948:A:G
22:25131425:G:T
22:25132498:A:G
22:25132558:C:T
22:25133052:G:T
22:25133117:T:C
22:25133355:T:A
22:25133760:G:C
22:25134256:C:A
22:25134271:C:T
22:25134291:C:T
22:25142030:G:A
22:25144912:C:T
22:25145094:C:T
22:25145471:A:G
22:25147159:A:G
22:25147324:A:G
22:25147816:C:T
22:25148588:C:T
22:25149148:T:C
22:25149206:T:C
22:25150694:C:T
22:25151516:C:A
22:25151638:T:C
22:25151890:C:A
22:25151891:A:C
22:25155143:C:T
22:25155144:A:G
22:25156134:A:C
22:25157311:A:T
22:25158326:A:G
22:25158597:G:C
22:25159862:T:C
22:25159950:G:A
22:25160298:T:C
22:25160785:T:C
22:25161325:C:G
22:25161820:T:G
22:25161825:A:G
22:25162976:T:A
22:25163023:G:A
22:25163624:A:G
22:25164683:C:T
22:25164888:T:C
22:25164960:A:G
22:25165001:C:A
22:25165277:A:G
22:25165726:G:A
22:25166231:A:G
22:25166320:C:T
22:25168053:T:A
22:25168113:A:G
22:25168397:C:A
22:25168411:T:C
22:25169210:G:C
22:25170290:T:C
22:25170297:T:C
22:25171293:G:A
22:25171387:C:A
22:25171477:G:T
22:25171553:C:A
22:25171879:A:G
22:25172117:C:G
22:25172169:A:C
22:25177197:T:C
22:25177308:G:T
22:25177371:T:A
22:25179965:G:C
22:25180088:C:G
22:25181513:T:G
22:25181674:A:G
22:25185823:G:A
22:25185863:T:C
22:25185880:T:G
22:25186070:C:T
22:25186071:A:G
22:25187544:T:C
22:25187658:G:C
22:25189055:G:T
22:25190139:T:C
22:25190479:A:G
22:25192119:A:C
22:25192432:G:A
22:25194822:T:C
22:25196516:C:T
22:25197828:A:G
22:25199298:T:C
22:25202560:A:C
22:25202807:A:G
22:25204514:T:C
22:25204740:C:T
22:25205100:C:T
22:25205719:C:T
22:25207013:G:T
22:25207239:G:A
22:25208398:A:G
22:25208458:C:G
22:25208768:G:A
22:25209377:G:A
22:25209724:T:C
22:25209729:A:C
22:25209753:C:T
22:25209780:T:C
22:25210306:A:G
22:25211229:G:A
22:25211793:A:G
22:25211803:G:T
22:25212702:G:A
22:25212863:T:C
22:25212905:C:T
22:25212913:C:G
22:25213023:C:T
22:25213105:A:G
22:25214682:C:T
22:25215305:C:T
22:25215436:G:A
22:25215484:C:T
22:25215489:T:A
22:25215934:C:T
22:25216289:C:G
22:25216719:G:A
22:25217432:A:G
22:25219930:T:C
22:25220372:A:T
22:25220446:C:T
22:25220600:G:A
22:25220606:C:T
22:25220685:A:T
22:25220753:G:C
22:25221408:A:G
22:25221915:G:C
22:25221962:C:T
22:25221969:T:G
22:25222902:A:G
22:25223662:A:G
22:25223920:C:A
22:25224556:G:A
22:25224834:G:A
22:25225248:G:A
22:25225288:A:C
22:25225305:G:A
22:25225580:G:A
22:25225703:T:A
22:25225769:G:A
22:25225879:T:C
22:25226157:C:T
22:25226662:A:C
22:25226663:A:T
22:25227694:G:A
22:25227897:T:C
22:25228089:A:G
22:25228375:T:C
22:25229995:A:C
22:25230428:G:T
22:25230909:G:C
22:25231008:C:T
22:25231408:G:A
22:25231808:C:T
22:25231954:G:C
22:25232052:C:T
22:25232065:G:A
22:25232155:G:C
22:25232254:T:C
22:25232357:T:C
22:25234461:T:C
22:25234481:G:A
22:25234712:A:C
22:25234966:A:G
22:25235241:G:C
22:25235828:A:T
22:25238292:C:T
22:25238729:G:T
22:25238806:G:A
22:25239557:C:T
22:25240229:G:A
22:25241381:G:A
22:25241837:G:C
22:25242592:A:G
22:25242708:A:C
22:25244060:C:A
22:25244628:T:A
22:25244879:A:G
22:25245583:C:A
22:25245838:C:T
22:25246112:G:A
22:25246734:G:A
22:25247630:C:T
22:25248274:G:A
22:25248749:A:G
22:25248765:A:G
22:25248855:C:T
22:25249121:T:C
22:25250787:A:G
22:25252192:A:G
22:25252387:T:C
22:25252510:A:C
22:25252631:C:A
22:25252661:T:C
22:25253865:A:G
22:25254708:G:A
22:25255580:A:G
22:25255950:C:T
22:25255959:C:T
22:25256534:G:A
22:25258826:G:C
22:25258827:G:A
22:25258902:C:T
22:25258928:C:A
22:25259433:G:A
22:25260770:A:T
22:25260984:G:A
22:25261043:G:T
22:25261859:T:C
22:25261886:G:A
22:25262348:G:A
22:25262369:C:T
22:25262477:T:C
22:25262547:C:T
22:25262562:C:G
22:25262584:A:G
22:25262849:A:G
22:25263240:G:A
22:25263273:C:T
22:25265634:T:C
22:25265790:G:T
22:25265811:A:G
22:25265882:A:G
22:25265972:G:A
22:25268215:G:A
22:25269304:T:C
22:25269518:C:A
22:25269770:C:T
22:25272453:C:T
22:25274327:T:C
22:25274350:C:T
22:25275393:T:C
22:25276618:A:G
22:25278043:C:G
22:25278322:G:C
22:25283602:G:A
22:25283909:G:A
22:25284016:T:G
22:25284135:T:G
22:25284280:T:G
22:25287692:G:A
22:25287889:A:C
22:25289335:G:C
22:25290446:A:G
22:25290487:G:T
22:25290602:C:T
22:25290646:A:G
22:25290853:A:T
22:25290987:C:T
22:25291076:C:T
22:25294376:C:T
22:25297338:A:C
22:25297404:A:G
22:25297513:C:A
22:25297755:G:A
22:25298891:G:A
22:25300658:A:G
22:25302284:A:G
22:25305370:A:G
22:25305805:G:A
22:25306778:G:A
22:25308272:T:C
22:25308506:C:T
22:25309389:C:T
22:25311304:C:G
22:25312691:G:C
22:25313446:C:T
22:25313473:G:A
22:25314193:C:T
22:25315642:C:T
22:25315660:T:C
22:25315753:G:A
22:25316350:A:G
22:25317044:T:C
22:25319003:G:C
22:25319168:A:G
22:25319244:T:C
22:25319456:C:T
22:25319537:C:T
22:25320371:C:T
22:25320738:C:T
22:25320814:C:T
22:25321787:G:A
22:25322840:T:A
22:25324627:T:C
22:25328686:G:A
22:25328799:T:C
22:25329412:C:T
22:25331939:C:T
22:25332099:C:T
22:25334869:G:A
22:25334977:C:T
22:25335093:C:T
22:25338498:G:A
22:25339954:T:C
22:25341203:A:G
22:25343798:C:T
22:25344310:A:G
22:25345537:T:C
22:25350087:A:G
22:25351379:C:A
22:25352963:A:C
22:25357408:C:T
22:25358845:A:G
22:25361760:T:C
22:25361977:T:C
22:25362067:C:T
22:25363270:A:G
22:25363411:G:A
22:25364428:C:T
22:25364707:T:C
22:25365239:C:A
22:25365714:C:T
22:25366411:T:C
22:25366864:G:C
22:25367363:G:C
22:25367378:T:G
22:25367435:G:T
22:25367695:G:T
22:25368401:A:G
22:25368426:C:T
22:25368543:A:C
22:25369243:A:G
22:25373391:A:G
22:25374434:C:G
22:25374503:A:C
22:25382031:C:T
22:25385875:A:G
22:25386627:A:G
22:25386855:G:A
22:25386965:G:A
22:25388197:T:A
22:25388465:G:A
22:25388965:G:A
22:25390044:C:T
22:25390704:C:T
22:25392304:C:T
22:25392832:C:A
22:25393014:C:T
22:25394382:A:G
22:25397740:G:A
22:25401482:C:T
22:25401820:C:G
22:25403114:A:G
22:25405113:T:C
22:25408189:A:C
22:25410266:A:G
22:25410505:G:A
22:25455087:A:C
22:25456109:G:A
22:25456572:C:T
22:25456909:C:T
22:25456939:T:A
22:25457445:C:T
22:25457949:C:T
22:25458352:A:G
22:25459042:C:T
22:25459113:A:T
22:25459387:G:A
22:25460204:T:C
22:25460772:A:T
22:25461452:G:A
22:25462634:C:T
22:25464310:A:G
22:25464866:G:C
22:25465065:T:C
22:25465142:T:C
22:25465240:T:C
22:25465256:A:C
22:25465828:T:C
22:25465949:G:C
22:25466323:G:C
22:25466395:G:T
22:25466553:G:A
22:25466635:G:T
22:25467406:C:A
22:25467408:G:C
22:25467431:C:A
22:25467632:C:T
22:25467916:G:A
22:25468013:C:G
22:25468432:T:C
22:25468709:C:G
22:25469345:T:A
22:25470546:G:A
22:25470557:C:T
22:25471296:A:G
22:25473134:G:A
22:25473526:C:G
22:25473662:G:A
22:25473908:G:C
22:25474330:A:G
22:25475354:T:C
22:25476062:C:A
22:25476584:T:C
22:25476750:A:G
22:25476871:T:C
22:25477082:T:C
22:25477604:T:C
22:25477703:C:T
22:25478023:G:A
22:25478292:C:T
22:25479065:C:T
22:25479684:T:G
22:25480006:G:A
22:25480872:G:C
22:25480981:A:G
22:25481070:G:C
22:25481086:T:C
22:25481557:T:C
22:25482454:A:G
22:25482598:C:G
22:25482991:G:A
22:25483185:A:C
22:25483767:C:T
22:25483781:T:C
22:25483921:C:T
22:25487844:C:T
22:25488728:C:T
22:25490943:G:A
22:25491825:C:G
22:25492696:C:T
22:25492783:T:C
22:25492803:T:G
22:25492826:C:T
22:25494457:G:A
22:25495049:T:C
22:25495827:G:C
22:25496179:G:A
22:25496257:G:A
22:25497260:G:A
22:25497692:G:A
22:25497794:G:C
22:25500496:G:T
22:25501854:T:C
22:25501884:T:C
22:25502844:C:T
22:25504327:C:G
22:25504385:C:T
22:25504760:A:G
22:25505936:A:C
22:25506518:G:T
22:25506779:C:T
22:25506990:C:A
22:25507031:G:A
22:25507595:G:C
22:25509030:G:A
22:25509280:A:C
22:25509308:A:G
22:25509747:A:G
22:25510459:C:T
22:25510694:A:G
22:25511130:A:G
22:25511470:T:G
22:25513075:A:G
22:25520095:T:C
22:25521183:C:A
22:25521655:C:T
22:25523371:T:C
22:25523551:A:T
22:25523876:C:T
22:25524076:G:C
22:25524520:G:A
22:25524916:T:C
22:25524977:G:A
22:25528641:C:A
22:25530059:G:A
22:25530408:C:T
22:25531002:A:G
22:25531673:T:C
22:25531959:G:A
22:25532237:A:C
22:25532553:G:A
22:25532574:A:G
22:25533796:G:A
22:25536538:G:A
22:25536642:G:A
22:25539631:A:G
22:25539975:A:C
22:25540842:A:G
22:25540962:C:T
22:25541997:G:T
22:25542519:A:G
22:25542843:G:C
22:25544165:C:G
22:25544987:T:C
22:25545612:G:A
22:25545909:G:C
22:25546378:G:T
22:25547331:T:A
22:25547949:G:A
22:25548986:C:T
22:25549183:C:T
22:25549405:G:A
22:25549870:C:T
22:25550247:A:G
22:25553479:C:A
22:25553537:A:C
22:25555242:A:G
22:25555283:G:A
22:25555349:G:A
22:25555789:G:A
22:25555948:G:A
22:25556577:A:G
22:25557196:G:A
22:25557365:G:A
22:25557611:C:T
22:25557634:C:A
22:25558097:T:C
22:25558233:G:T
22:25558685:C:G
22:25559784:C:A
22:25560297:C:T
22:25560462:T:G
22:25560579:A:C
22:25561215:A:G
22:25563892:G:A
22:25565026:C:T
22:25565228:T:A
22:25567696:T:A
22:25568577:C:A
22:25569680:C:T
22:25570020:G:A
22:25571301:C:T
22:25571930:G:A
22:25572582:G:A
22:25572748:C:A
22:25573431:G:A
22:25573514:C:T
22:25575620:T:C
22:25576655:G:A
22:25576823:T:C
22:25576881:C:T
22:25576993:T:C
22:25577214:T:C
22:25577554:G:A
22:25577688:G:A
22:25577733:T:C
22:25578708:G:A
22:25578959:G:C
22:25580646:A:G
22:25581866:G:A
22:25583080:C:T
22:25583294:T:C
22:25583412:G:A
22:25585035:T:C
22:25585047:G:A
22:25585701:T:C
22:25586564:A:G
22:25587436:G:A
22:25587800:G:C
22:25587930:A:G
22:25588224:A:G
22:25589256:G:A
22:25589383:C:T
22:25589542:T:C
22:25589570:G:A
22:25589792:T:C
22:25589948:C:T
22:25591200:A:G
22:25591278:T:C
22:25591847:C:T
22:25591883:A:G
22:25593452:A:G
22:25593658:A:G
22:25593690:G:A
22:25594000:G:A
22:25596029:A:G
22:25596870:T:C
22:25597331:T:C
22:25598101:T:G
22:25600699:A:G
22:25601196:C:G
22:25602708:G:A
22:25602790:G:A
22:25603924:G:C
22:25603951:C:T
22:25604188:G:A
22:25605173:G:A
22:25606665:T:C
22:25606975:C:G
22:25607028:C:T
22:25607182:T:C
22:25607259:T:C
22:25607922:G:A
22:25607973:A:T
22:25608162:G:A
22:25608296:G:A
22:25608430:T:C
22:25608548:T:C
22:25608589:G:A
22:25608615:G:C
22:25608776:G:T
22:25609191:G:A
22:25609395:G:A
22:25609572:A:G
22:25609680:C:T
22:25609890:C:T
22:25610055:A:T
22:25610585:A:G
22:25610710:G:A
22:25611223:T:C
22:25611588:T:G
22:25611672:A:G
22:25611674:G:A
22:25611881:C:T
22:25611979:C:T
22:25612194:C:T
22:25612201:C:G
22:25612280:G:A
22:25615710:A:G
22:25616213:T:C
22:25616451:T:A
22:25616458:A:G
22:25618562:G:T
22:25618890:G:A
22:25621123:C:A
22:25621358:G:A
22:25628097:T:C
22:25629361:A:G
22:25629624:C:T
22:25629682:T:C
22:25632266:A:G
22:25636680:A:G
22:25652581:C:A
22:25661612:C:T
22:25661725:G:A
22:25664408:C:T
22:25664515:T:C
22:25664751:T:C
22:25664780:T:C
22:25669569:C:T
22:25669581:G:A
22:25675145:G:A
22:25675336:A:G
22:25678422:C:T
22:25679077:T:C
22:25679231:G:A
22:25679366:G:A
22:25679404:G:C
22:25680779:G:T
22:25694386:C:A
22:25695272:C:T
22:25695452:C:T
22:25696559:G:T
22:25696934:C:G
22:25696997:G:T
22:25710015:C:T
22:25710415:T:C
22:25716169:T:C
22:25716526:C:A
22:25717191:T:G
22:25719109:T:C
22:25719913:C:T
22:25723042:T:G
22:25724767:A:G
22:25725567:T:C
22:25726992:C:T
22:25727464:C:T
22:25729091:C:T
22:25729256:A:G
22:25732025:G:A
22:25732054:A:G
22:25732273:A:C
22:25732697:A:G
22:25734534:C:T
22:25735922:A:G
22:25742891:G:A
22:25743172:C:T
22:25744472:C:T
22:25746647:C:T
22:25746751:T:C
22:25746766:C:G
22:25747716:A:G
22:25748718:A:G
22:25748811:G:T
22:25750074:C:T
22:25750281:G:A
22:25750534:C:T
22:25752783:G:C
22:25753231:G:A
22:25753777:A:G
22:25753970:G:A
22:25754259:G:A
22:25754412:C:T
22:25754505:G:A
22:25754600:A:G
22:25754888:G:C
22:25755599:G:A
22:25755649:A:G
22:25756163:C:T
22:25757268:A:G
22:25757367:G:A
22:25757786:T:C
22:25758473:T:C
22:25758790:C:G
22:25760254:A:G
22:25761936:C:T
22:25762010:T:C
22:25762777:C:T
22:25763493:A:C
22:25764706:C:T
22:25768093:G:A
22:25769491:C:T
22:25772931:C:G
22:25775535:C:T
22:25776810:T:G
22:25778419:A:T
22:25783704:A:G
22:25784184:A:G
22:25786161:C:T
22:25786422:A:G
22:25787002:A:G
22:25788542:T:C
22:25788649:A:G
22:25788912:A:G
22:25791356:A:G
22:25792699:A:G
22:25792735:G:A
22:25797167:C:T
22:25798632:C:G
22:25798856:G:A
22:25799013:T:C
22:25799024:T:A
22:25800512:T:G
22:25803830:A:G
22:25803932:A:G
22:25804083:G:A
22:25805218:A:G
22:25806894:G:A
22:25806949:C:T
22:25807004:T:G
22:25807136:A:G
22:25807198:T:C
22:25808939:G:A
22:25810971:A:G
22:25813829:C:T
22:25814108:C:G
22:25815583:G:A
22:25816415:G:A
22:25816473:G:A
22:25816696:C:T
22:25817013:C:G
22:25817384:A:C
22:25818831:T:C
22:25818914:G:T
22:25819042:G:T
22:25819043:G:T
22:25831825:T:A
22:25833596:C:T
22:25833818:T:A
22:25834342:C:T
22:25835514:A:G
22:25839181:T:C
22:25841145:G:A
22:25841762:C:T
22:25842086:T:C
22:25844116:C:T
22:25844147:C:T
22:25845855:C:G
22:25848811:C:T
22:25856231:C:T
22:25868063:A:T
22:25869206:T:A
22:25872592:A:C
22:25872631:G:C
22:25872837:G:A
22:25873180:C:T
22:25874464:G:A
22:25874502:G:A
22:25874580:A:C
22:25875265:T:C
22:25875573:C:T
22:25875803:T:C
22:25875988:T:G
22:25878282:C:G
22:25878614:G:A
22:25879474:T:G
22:25881013:T:A
22:25885188:G:T
22:25885353:T:C
22:25885704:A:G
22:25886661:G:A
22:25887513:T:C
22:25889385:A:C
22:25895362:C:T
22:25896747:G:C
22:25896979:G:A
22:25897330:C:A
22:25897715:C:T
22:25898094:T:C
22:25898162:C:T
22:25904257:A:G
22:25905197:A:G
22:25905421:G:C
22:25905464:C:G
22:25905879:G:A
22:25905922:C:T
22:25906317:T:G
22:25906803:A:G
22:25906811:C:T
22:25906860:G:C
22:25906898:A:G
22:25906930:T:G
22:25907905:C:A
22:25909103:A:G
22:25909119:A:G
22:25909204:C:T
22:25909517:A:G
22:25909677:A:G
22:25909811:G:A
22:25910390:T:A
22:25910555:A:C
22:25910605:C:G
22:25910667:G:A
22:25910844:G:C
22:25910879:C:T
22:25911300:T:G
22:25911773:A:G
22:25918674:T:C
22:25918694:A:T
22:25918709:A:G
22:25928268:C:T
22:25931606:G:A
22:25931987:A:T
22:25934721:G:C
22:25934878:C:A
22:25937821:C:T
22:25938025:T:C
22:25938977:C:T
22:25940411:C:T
22:25940500:T:G
22:25940733:T:C
22:25941742:A:G
22:25941860:C:G
22:25942595:C:T
22:25943322:C:T
22:25945066:A:T
22:25945176:C:T
22:25945785:G:A
22:25945826:C:T
22:25947710:A:G
22:25950750:C:T
22:25951739:T:C
22:25953686:G:A
22:25953851:C:T
22:25954372:A:C
22:25954453:T:G
22:25955219:G:A
22:25956887:C:T
22:25958952:T:C
22:25962047:T:A
22:25962823:T:G
22:25962883:C:G
22:25962988:G:A
22:25965761:T:C
22:25975254:A:C
22:25976119:G:A
22:26016746:A:G
22:26018380:A:T
22:26019328:G:T
22:26025678:C:A
22:26027424:G:A
22:26033507:C:T
22:26036790:C:A
22:26042134:T:C
22:26046513:C:T
22:26047118:A:C
22:26048926:G:C
22:26051000:T:C
22:26058852:A:G
22:26059030:C:G
22:26062974:T:C
22:26063179:T:C
22:26064159:G:A
22:26065034:T:C
22:26075006:A:G
22:26075188:C:T
22:26077217:C:G
22:26080422:G:A
22:26081311:C:T
22:26087447:G:A
22:26090175:G:A
22:26091306:T:C
22:26093187:G:T
22:26094540:T:C
22:26094963:G:A
22:26096177:T:C
22:26102308:G:T
22:26111018:G:A
22:26111816:T:C
22:26112639:T:C
22:26113010:T:G
22:26116963:G:T
22:26126015:T:C
22:26128840:G:T
22:26131046:G:C
22:26131985:C:T
22:26132612:G:A
22:26132643:A:G
22:26132839:A:C
22:26132943:G:A
22:26132972:G:A
22:26133685:A:G
22:26133775:C:T
22:26134163:G:A
22:26134716:C:T
22:26135929:C:T
22:26137873:C:T
22:26138084:G:A
22:26139378:A:G
22:26141369:C:T
22:26141526:T:G
22:26142061:C:T
22:26143280:C:G
22:26144212:G:A
22:26144760:C:T
22:26145655:C:T
22:26146062:T:C
22:26146200:G:A
22:26146429:T:G
22:26147364:T:C
22:26147490:G:A
22:26147557:A:G
22:26149567:T:C
22:26150103:C:T
22:26150584:T:C
22:26150770:G:A
22:26151331:G:A
22:26152165:T:G
22:26152738:A:G
22:26154508:C:T
22:26156600:C:T
22:26157144:A:G
22:26157299:T:C
22:26158284:G:A
22:26158628:T:C
22:26158659:A:G
22:26159289:G:A
22:26159643:A:C
22:26159759:G:A
22:26159810:A:C
22:26160105:G:C
22:26160161:C:G
22:26160286:A:G
22:26160370:T:A
22:26160382:C:T
22:26160533:C:T
22:26160691:A:G
22:26161389:G:A
22:26161565:T:G
22:26161686:G:A
22:26161792:G:C
22:26162775:T:C
22:26162814:T:A
22:26163003:C:A
22:26163996:T:C
22:26164079:C:T
22:26166011:C:A
22:26167085:T:C
22:26167114:G:A
22:26167705:C:T
22:26167868:G:A
22:26168558:A:G
22:26168871:G:A
22:26168923:A:G
22:26170562:G:C
22:26170627:C:T
22:26171282:A:T
22:26172961:C:T
22:26173184:C:T
22:26173484:G:A
22:26173888:G:C
22:26174168:G:T
22:26175170:T:C
22:26175283:A:C
22:26175564:G:C
22:26175744:T:G
22:26176849:C:T
22:26179042:T:A
22:26179312:C:T
22:26179922:G:A
22:26180196:T:C
22:26180538:A:G
22:26180851:T:C
22:26180883:C:G
22:26181594:T:C
22:26181767:T:C
22:26184246:C:T
22:26184370:A:G
22:26186598:A:G
22:26189026:T:C
22:26189049:T:C
22:26189061:A:G
22:26189346:G:C
22:26189816:A:G
22:26189868:T:A
22:26189870:G:T
22:26189900:G:C
22:26190872:A:G
22:26190915:A:G
22:26191081:T:C
22:26191160:C:T
22:26192077:G:A
22:26192675:A:G
22:26193036:C:A
22:26193824:C:T
22:26193982:C:G
22:26194045:T:C
22:26194093:G:A
22:26194191:C:T
22:26194242:T:G
22:26194458:C:T
22:26194941:C:T
22:26196200:G:A
22:26196208:C:T
22:26196260:G:A
22:26196349:A:G
22:26196708:T:A
22:26197034:G:A
22:26197283:T:C
22:26197404:T:C
22:26197500:G:A
22:26197805:C:T
22:26197928:C:A
22:26197929:T:G
22:26197978:T:C
22:26198101:C:T
22:26198358:G:C
22:26198390:A:G
22:26198531:T:C
22:26199458:C:T
22:26199651:C:T
22:26199849:C:G
22:26200050:G:A
22:26200210:A:C
22:26200278:A:T
22:26200441:G:C
22:26201172:C:T
22:26201351:C:A
22:26202070:G:A
22:26202100:A:T
22:26202207:A:G
22:26202258:A:C
22:26202399:T:G
22:26202416:C:T
22:26202582:G:A
22:26202598:C:G
22:26202924:A:C
22:26203121:C:T
22:26203690:G:A
22:26203759:C:T
22:26203762:A:G
22:26203782:G:A
22:26203852:C:T
22:26204093:C:A
22:26204179:C:T
22:26204184:A:G
22:26204584:C:T
22:26204651:G:C
22:26204776:G:A
22:26204863:A:G
22:26204914:T:G
22:26204919:G:T
22:26205292:C:A
22:26205293:A:G
22:26205347:A:G
22:26205432:G:A
22:26205482:A:G
22:26205494:A:G
22:26205536:T:A
22:26205609:G:C
22:26205634:A:G
22:26205757:A:G
22:26205774:C:T
22:26206640:T:C
22:26206887:G:A
22:26207859:G:A
22:26208093:A:G
22:26208208:T:C
22:26208384:T:C
22:26209085:T:C
22:26209476:G:A
22:26209678:G:A
22:26209848:A:G
22:26213684:T:C
22:26215263:T:G
22:26216843:T:C
22:26216993:A:G
22:26218164:A:G
22:26218676:G:A
22:26218677:C:T
22:26219605:G:A
22:26220265:A:G
22:26220637:G:A
22:26221770:C:T
22:26222021:A:G
22:26222247:T:C
22:26222454:C:T
22:26222505:G:A
22:26224632:G:A
22:26224704:T:C
22:26225144:G:A
22:26225298:T:C
22:26225384:A:G
22:26226309:C:T
22:26226380:G:A
22:26226748:A:G
22:26226815:A:G
22:26226840:A:G
22:26226935:A:G
22:26227039:T:C
22:26227108:C:T
22:26227292:C:G
22:26227767:C:T
22:26228281:A:G
22:26228350:G:A
22:26228805:C:T
22:26229142:G:A
22:26229211:G:A
22:26229502:C:T
22:26230559:G:A
22:26230967:A:G
22:26231524:A:G
22:26231597:A:G
22:26231688:G:A
22:26231951:T:C
22:26232110:T:C
22:26232271:T:C
22:26232616:A:C
22:26233343:A:C
22:26234080:G:T
22:26234118:A:T
22:26234498:A:C
22:26234604:T:C
22:26235594:G:A
22:26235629:G:A
22:26235790:A:T
22:26236128:C:T
22:26236791:A:G
22:26237826:T:C
22:26237955:G:A
22:26238321:T:C
22:26239850:C:A
22:26239906:A:G
22:26239912:T:A
22:26239950:A:G
22:26240234:A:G
22:26241580:G:A
22:26241897:C:A
22:26241928:G:A
22:26241994:T:C
22:26242521:G:C
22:26244504:G:C
22:26245038:G:A
22:26245178:T:C
22:26245283:A:G
22:26245805:G:A
22:26245833:A:G
22:26245987:T:C
22:26246132:C:G
22:26246222:T:C
22:26246224:T:G
22:26246360:A:G
22:26247456:G:A
22:26247607:C:T
22:26247854:C:T
22:26248194:C:T
22:26249277:A:G
22:26250110:G:T
22:26250235:A:G
22:26250248:C:T
22:26250271:T:C
22:26250645:C:T
22:26251663:G:T
22:26251672:G:A
22:26252865:A:G
22:26252944:T:A
22:26254041:C:T
22:26254248:A:G
22:26254975:C:G
22:26255048:A:G
22:26255082:G:T
22:26257677:A:C
22:26257761:T:A
22:26259791:G:C
22:26260775:A:C
22:26265711:T:C
22:26266134:G:A
22:26266391:C:T
22:26266939:A:C
22:26267759:A:C
22:26268340:G:A
22:26268413:C:A
22:26268463:T:C
22:26271505:A:G
22:26273222:A:G
22:26273335:G:T
22:26273789:T:C
22:26273889:C:T
22:26273893:G:C
22:26274949:T:C
22:26275014:C:T
22:26275460:A:G
22:26275549:A:G
22:26275770:T:C
22:26275912:A:G
22:26276188:G:A
22:26276449:C:A
22:26276870:G:A
22:26277148:T:C
22:26277720:A:G
22:26278427:A:G
22:26278431:C:G
22:26280462:C:T
22:26282238:A:G
22:26282413:A:G
22:26283020:T:C
22:26283694:G:A
22:26283714:G:T
22:26283716:A:G
22:26284108:T:C
22:26285639:A:C
22:26290055:A:G
22:26292607:A:G
22:26292808:T:C
22:26292875:C:A
22:26293153:G:A
22:26293241:C:T
22:26293877:A:T
22:26294124:T:A
22:26296347:G:A
22:26297933:C:T
22:26298754:G:A
22:26298874:T:C
22:26298891:T:G
22:26299346:G:C
22:26300480:C:T
22:26300642:T:C
22:26300730:G:A
22:26301036:A:G
22:26301517:G:C
22:26302733:C:T
22:26302859:A:G
22:26303610:A:G
22:26304988:A:G
22:26305237:C:T
22:26305281:T:C
22:26305682:G:A
22:26305873:G:T
22:26306022:G:A
22:26306095:A:T
22:26306163:T:C
22:26306750:T:C
22:26307237:A:G
22:26307647:C:T
22:26308236:A:G
22:26308720:C:T
22:26309139:A:G
22:26309169:C:T
22:26311025:T:A
22:26311081:A:G
22:26312188:A:T
22:26313639:A:G
22:26313745:G:T
22:26314062:C:T
22:26314534:C:G
22:26314907:C:T
22:26315144:G:A
22:26316016:A:G
22:26316491:G:A
22:26317155:A:G
22:26317160:G:A
22:26318236:G:A
22:26318563:C:T
22:26319112:C:T
22:26319391:T:C
22:26320015:T:C
22:26321051:A:C
22:26324616:A:T
22:26325203:G:A
22:26325360:A:G
22:26326069:C:T
22:26326254:C:T
22:26326267:G:A
22:26326298:T:C
22:26326313:T:C
22:26327243:A:G
22:26328806:G:T
22:26330370:T:G
22:26330475:A:G
22:26331185:G:A
22:26331264:T:C
22:26331350:C:T
22:26332483:T:C
22:26332769:G:C
22:26334630:C:A
22:26335062:A:G
22:26335739:A:T
22:26335966:G:A
22:26335980:G:C
22:26337086:T:C
22:26337618:A:G
22:26337794:A:T
22:26337911:C:T
22:26338095:A:G
22:26338940:T:C
22:26338972:G:A
22:26340936:C:T
22:26341059:T:G
22:26341280:G:A
22:26342232:T:C
22:26342426:C:G
22:26343593:A:G
22:26343805:A:G
22:26344024:C:T
22:26344596:A:G
22:26345067:A:G
22:26345603:C:T
22:26345809:G:T
22:26346108:A:G
22:26347844:T:C
22:26350103:C:A
22:26352322:C:T
22:26354655:A:C
22:26359733:G:A
22:26361327:G:A
22:26369358:C:T
22:26371020:G:A
22:26371211:A:C
22:26371614:C:T
22:26371626:T:G
22:26371997:C:G
22:26375073:C:A
22:26379969:A:G
22:26380079:T:C
22:26380389:G:A
22:26380411:A:G
22:26380870:T:G
22:26381898:T:C
22:26382534:G:A
22:26382764:G:A
22:26383274:G:A
22:26384470:T:C
22:26384564:T:C
22:26385027:C:T
22:26386199:A:G
22:26387299:C:T
22:26387738:T:C
22:26387764:A:G
22:26388119:G:A
22:26388144:T:A
22:26388337:C:T
22:26388548:A:G
22:26388706:G:A
22:26388779:G:A
22:26388897:G:A
22:26389087:A:G
22:26389143:C:G
22:26389349:C:T
22:26389550:T:G
22:26389551:T:C
22:26389671:T:C
22:26389691:T:A
22:26389846:T:C
22:26389955:C:G
22:26390262:A:G
22:26390372:T:C
22:26390659:C:T
22:26390903:T:C
22:26390964:G:A
22:26391090:G:A
22:26391167:C:T
22:26391283:A:C
22:26391811:G:A
22:26392172:A:G
22:26392705:T:C
22:26392729:C:T
22:26392946:G:T
22:26392981:T:C
22:26394062:G:A
22:26394587:C:T
22:26394694:G:A
22:26394700:T:C
22:26394724:A:G
22:26394969:G:C
22:26395274:C:G
22:26396647:C:T
22:26397641:G:A
22:26398021:G:A
22:26399679:C:T
22:26401331:A:G
22:26401695:G:C
22:26402469:A:G
22:26402623:C:T
22:26402806:C:G
22:26402839:G:A
22:26402944:G:A
22:26403253:A:G
22:26403488:T:C
22:26403599:G:A
22:26404101:G:A
22:26404375:A:G
22:26407134:T:C
22:26408060:T:G
22:26408660:A:G
22:26408727:G:A
22:26409036:G:A
22:26409264:C:T
22:26410661:G:C
22:26412755:C:A
22:26412805:G:A
22:26412923:G:C
22:26414388:C:T
22:26415278:C:T
22:26415294:T:G
22:26415475:C:T
22:26417956:C:T
22:26418568:C:T
22:26419672:A:G
22:26421188:T:C
22:26421333:A:G
22:26421568:A:C
22:26421591:A:G
22:26421793:A:G
22:26422980:A:G
22:26425299:T:C
22:26425853:T:C
22:26426940:A:G
22:26427522:T:G
22:26427838:T:G
22:26428221:C:G
22:26429185:A:G
22:26429696:C:G
22:26430323:A:G
22:26430456:C:T
22:26430757:C:T
22:26430991:C:A
22:26431850:T:C
22:26431863:T:C
22:26431941:A:G
22:26431988:G:A
22:26432526:T:G
22:26432705:T:C
22:26432820:T:C
22:26433170:C:T
22:26433521:T:G
22:26434963:A:G
22:26435541:A:G
22:26436716:G:A
22:26437515:C:T
22:26437690:G:A
22:26437809:T:C
22:26438107:G:A
22:26438495:A:G
22:26440704:C:G
22:26445388:G:C
22:26446481:T:C
22:26448197:A:G
22:26453030:G:A
22:26454172:G:A
22:26454848:A:G
22:26455088:A:C
22:26455092:G:A
22:26455216:C:T
22:26455559:G:A
22:26456632:C:T
22:26457784:G:C
22:26458134:T:G
22:26458388:A:G
22:26459298:A:G
22:26459935:A:T
22:26460519:C:T
22:26463024:G:A
22:26463467:C:G
22:26465266:C:T
22:26466235:G:A
22:26466765:C:T
22:26470198:T:C
22:26472006:T:C
22:26472646:T:C
22:26473392:A:C
22:26474305:C:A
22:26474659:G:T
22:26475259:G:C
22:26476250:T:G
22:26476756:A:G
22:26477288:T:A
22:26479951:A:G
22:26480783:G:A
22:26482842:A:G
22:26483608:A:G
22:26484207:T:C
22:26484668:A:G
22:26484948:A:G
22:26485012:G:T
22:26485668:C:T
22:26485805:C:T
22:26486163:T:G
22:26487205:A:C
22:26487206:G:A
22:26489574:G:A
22:26490387:G:A
22:26491112:G:A
22:26494612:T:G
22:26497107:G:A
22:26497371:G:A
22:26498890:T:C
22:26499033:C:T
22:26500384:G:C
22:26500417:A:G
22:26500958:G:A
22:26501277:G:A
22:26501625:G:A
22:26501884:C:T
22:26502090:G:A
22:26502096:G:A
22:26503159:G:A
22:26503944:C:T
22:26504002:A:G
22:26504037:G:A
22:26504140:A:G
22:26504839:A:G
22:26504923:T:C
22:26505218:G:A
22:26505565:A:G
22:26506868:C:T
22:26507446:C:T
22:26507645:C:T
22:26507942:C:T
22:26508521:T:C
22:26509216:G:A
22:26512663:C:T
22:26512760:A:G
22:26512989:T:C
22:26513042:C:T
22:26513270:G:A
22:26513692:A:G
22:26513694:G:A
22:26514479:T:C
22:26515631:A:T
22:26516130:G:A
22:26516530:A:C
22:26516603:A:G
22:26516836:C:T
22:26517370:C:T
22:26518455:T:G
22:26520808:T:C
22:26521071:A:G
22:26527958:C:G
22:26531916:A:T
22:26540493:T:A
22:26541422:A:G
22:26543273:A:G
22:26543287:G:T
22:26548342:T:C
22:26548478:T:G
22:26549114:A:T
22:26549129:A:T
22:26550398:C:T
22:26550539:G:A
22:26551267:A:G
22:26551565:T:C
22:26551819:A:T
22:26553145:A:G
22:26553234:G:A
22:26553694:A:C
22:26555347:C:A
22:26555482:T:C
22:26555950:A:G
22:26557350:G:A
22:26557408:C:G
22:26557486:A:G
22:26559883:G:T
22:26561478:G:A
22:26562140:C:T
22:26562147:G:C
22:26562271:C:T
22:26565156:C:T
22:26566757:G:T
22:26568194:C:A
22:26573043:G:T
22:26573240:G:A
22:26573345:A:G
22:26574594:T:C
22:26574945:C:A
22:26575473:A:G
22:26577346:C:T
22:26577566:C:T
22:26578256:G:A
22:26581298:G:A
22:26581516:G:A
22:26582116:G:A
22:26582436:T:C
22:26586795:G:T
22:26588174:C:A
22:26588406:C:T
22:26588745:C:T
22:26589485:G:T
22:26589752:C:T
22:26590622:G:A
22:26590942:G:A
22:26593779:G:A
22:26602272:T:A
22:26605313:A:T
22:26605643:A:G
22:26606256:G:A
22:26612114:C:G
22:26613062:C:T
22:26617260:A:T
22:26617678:A:G
22:26617787:G:A
22:26617905:G:A
22:26618065:T:G
22:26619070:T:C
22:26619211:C:A
22:26619816:A:T
22:26620244:G:A
22:26620491:C:T
22:26621355:C:T
22:26621676:C:G
22:26622161:T:C
22:26624155:C:T
22:26624716:A:G
22:26625665:A:G
22:26627142:C:T
22:26627906:A:G
22:26627989:A:C
22:26628105:G:A
22:26628569:C:G
22:26629095:G:A
22:26629678:G:A
22:26630019:G:A
22:26630311:A:T
22:26630455:C:T
22:26630456:G:A
22:26630688:T:C
22:26631600:G:A
22:26631997:G:T
22:26633075:G:A
22:26633178:C:T
22:26633943:T:A
22:26634067:G:A
22:26634750:C:T
22:26635548:G:A
22:26635797:A:G
22:26635839:C:G
22:26637448:G:A
22:26638161:G:A
22:26638268:G:T
22:26638560:T:C
22:26638906:T:G
22:26638968:G:A
22:26638998:C:G
22:26639167:T:G
22:26639605:T:C
22:26639807:C:T
22:26639835:G:A
22:26640044:A:G
22:26640200:A:G
22:26640354:G:A
22:26640849:A:G
22:26640900:A:T
22:26641081:G:A
22:26641235:C:T
22:26641443:T:G
22:26642679:G:A
22:26642934:G:A
22:26643423:G:C
22:26643526:G:A
22:26643743:T:C
22:26643779:T:C
22:26644568:G:A
22:26644628:A:G
22:26644715:G:A
22:26644898:C:T
22:26645039:A:T
22:26645377:G:A
22:26645380:T:C
22:26645662:G:T
22:26645891:T:G
22:26645928:A:T
22:26646321:G:A
22:26646503:T:C
22:26646617:T:C
22:26646686:T:C
22:26646765:G:T
22:26646788:C:T
22:26647217:C:A
22:26647405:G:C
22:26647499:G:A
22:26647728:G:C
22:26648071:G:T
22:26648441:A:G
22:26648711:G:A
22:26648940:T:C
22:26649337:A:C
22:26649421:C:T
22:26649446:C:T
22:26649761:A:G
22:26649848:A:T
22:26650124:G:A
22:26650369:G:C
22:26650605:T:C
22:26650647:T:A
22:26650662:C:T
22:26650667:T:C
22:26650883:T:C
22:26651478:G:A
22:26651549:C:T
22:26651679:C:T
22:26651730:G:C
22:26651742:A:C
22:26651766:T:C
22:26651829:C:T
22:26651954:T:A
22:26652123:G:A
22:26652208:T:C
22:26652427:G:A
22:26652453:C:T
22:26652706:C:A
22:26652930:G:A
22:26653362:C:G
22:26653614:G:A
22:26653742:C:T
22:26654053:C:T
22:26654236:C:T
22:26654237:A:G
22:26654682:G:A
22:26654697:A:C
22:26656018:G:T
22:26657779:G:T
22:26658439:T:G
22:26658556:C:T
22:26659254:T:G
22:26659601:C:T
22:26659868:C:T
22:26660296:C:T
22:26660309:T:C
22:26660538:C:T
22:26660760:C:T
22:26661763:T:A
22:26664053:A:C
22:26664450:C:T
22:26665099:A:G
22:26665674:G:A
22:26666059:T:A
22:26666235:T:C
22:26666246:G:A
22:26667155:G:A
22:26667774:G:T
22:26668353:A:G
22:26668524:T:C
22:26668690:T:C
22:26668806:A:G
22:26669791:T:C
22:26670085:A:C
22:26670128:G:C
22:26670276:T:A
22:26670300:A:G
22:26670346:A:T
22:26670352:A:G
22:26670960:A:G
22:26671039:C:A
22:26671590:C:A
22:26671594:C:T
22:26671767:G:C
22:26672315:A:C
22:26672510:A:T
22:26672739:T:G
22:26673119:C:T
22:26675644:C:T
22:26675659:T:A
22:26675815:C:T
22:26676419:C:G
22:26676648:C:A
22:26678128:C:T
22:26681640:C:T
22:26683328:G:A
22:26683380:T:A
22:26683793:G:A
22:26684218:T:C
22:26684958:C:A
22:26687474:C:T
22:26689201:A:T
22:26689635:C:T
22:26689700:C:A
22:26689741:T:G
22:26690407:T:C
22:26690539:G:A
22:26690561:T:C
22:26690618:C:T
22:26691374:G:C
22:26692128:G:T
22:26692186:G:A
22:26692456:T:C
22:26693227:G:A
22:26694214:A:G
22:26694535:A:T
22:26694660:T:C
22:26695077:G:T
22:26695735:C:A
22:26695761:C:A
22:26695782:C:T
22:26697195:T:C
22:26698892:A:G
22:26700592:T:C
22:26700595:T:A
22:26700773:G:C
22:26701805:G:A
22:26702015:A:C
22:26702773:T:G
22:26703553:G:T
22:26703588:G:A
22:26704363:G:A
22:26704561:C:T
22:26704915:A:G
22:26705391:G:A
22:26705531:A:G
22:26705995:A:C
22:26705996:G:A
22:26706826:T:C
22:26706885:T:C
22:26707158:A:C
22:26707395:G:A
22:26707550:T:C
22:26707580:T:A
22:26707586:A:G
22:26708126:G:A
22:26708252:T:C
22:26708986:C:T
22:26709221:C:T
22:26709307:C:T
22:26710270:A:G
22:26710386:C:G
22:26710410:A:G
22:26710535:G:A
22:26710661:C:A
22:26710772:C:T
22:26712222:G:A
22:26712281:G:A
22:26713964:G:T
22:26714535:A:G
22:26714582:T:C
22:26715227:C:T
22:26715393:A:G
22:26715923:G:A
22:26715970:T:C
22:26716166:A:G
22:26716297:C:T
22:26716432:A:G
22:26718872:C:G
22:26719011:C:G
22:26719976:T:A
22:26721533:A:C
22:26721780:C:T
22:26722146:C:T
22:26722513:G:A
22:26722657:A:G
22:26722944:T:C
22:26723797:A:G
22:26723914:G:T
22:26724561:G:A
22:26724763:G:T
22:26725121:G:A
22:26725126:G:A
22:26726045:T:C
22:26726366:G:A
22:26726711:T:C
22:26726856:A:G
22:26726954:T:C
22:26729005:T:G
22:26730172:C:T
22:26730242:C:T
22:26730293:T:C
22:26730409:C:T
22:26730815:C:T
22:26730977:G:A
22:26731283:C:T
22:26731331:T:C
22:26731656:G:T
22:26732144:C:A
22:26732398:A:G
22:26732943:T:A
22:26733244:T:G
22:26733299:G:A
22:26733689:A:G
22:26733770:G:A
22:26734141:C:T
22:26734346:T:C
22:26735292:G:A
22:26735518:T:A
22:26735570:G:A
22:26735632:C:T
22:26735648:G:A
22:26735765:G:A
22:26735813:T:C
22:26736812:G:A
22:26737966:A:G
22:26738225:A:G
22:26739840:A:T
22:26740087:C:G
22:26740281:T:G
22:26742834:C:T
22:26743311:C:T
22:26745320:A:G
22:26748910:T:C
22:26750230:T:C
22:26750356:C:T
22:26753295:C:T
22:26753731:T:C
22:26754248:G:C
22:26754350:T:C
22:26754405:T:C
22:26755614:T:A
22:26757871:G:A
22:26758022:T:G
22:26758073:C:T
22:26758200:A:G
22:26758375:G:T
22:26758438:C:T
22:26758617:A:C
22:26758637:A:C
22:26758783:G:T
22:26758931:A:G
22:26759040:T:C
22:26759069:C:T
22:26759177:C:T
22:26759278:T:A
22:26761167:G:A
22:26761183:A:G
22:26764638:T:C
22:26765996:A:G
22:26766024:T:C
22:26767140:C:G
22:26767648:C:G
22:26768355:A:G
22:26768469:G:A
22:26768779:T:C
22:26768848:A:C
22:26768984:C:T
22:26769234:T:G
22:26769308:C:T
22:26769992:C:A
22:26770390:A:G
22:26770631:T:C
22:26770740:C:T
22:26770876:C:T
22:26770986:C:G
22:26771294:A:G
22:26772006:A:G
22:26772080:A:T
22:26772779:G:A
22:26772791:A:G
22:26773254:T:C
22:26774580:A:G
22:26777025:A:G
22:26777440:G:A
22:26777795:A:T
22:26778461:A:G
22:26780189:G:A
22:26782251:A:G
22:26782661:T:C
22:26785020:C:T
22:26787544:T:C
22:26789849:G:A
22:26789906:T:C
22:26789971:C:T
22:26790039:T:C
22:26790040:G:T
22:26790274:T:C
22:26790999:G:T
22:26791256:G:T
22:26792596:G:A
22:26792793:A:G
22:26793038:A:G
22:26793145:T:A
22:26793190:T:C
22:26794102:G:A
22:26794424:T:A
22:26794625:C:A
22:26794825:C:T
22:26794938:T:C
22:26795029:C:T
22:26795139:C:G
22:26795840:G:A
22:26796475:A:G
22:26796526:A:G
22:26797139:C:T
22:26797142:A:T
22:26798092:T:A
22:26798774:T:G
22:26799850:T:A
22:26800009:C:T
22:26800799:C:A
22:26800802:T:C
22:26800975:G:A
22:26801287:G:A
22:26801527:A:G
22:26802063:T:C
22:26804152:G:A
22:26804176:G:A
22:26804215:C:T
22:26805582:T:A
22:26806000:C:T
22:26806031:C:T
22:26806429:C:G
22:26806710:T:G
22:26807117:C:T
22:26808038:A:C
22:26809183:C:T
22:26809873:T:C
22:26810506:A:C
22:26811387:G:A
22:26811897:G:C
22:26812756:A:T
22:26812913:A:G
22:26812914:G:C
22:26813452:C:T
22:26814608:G:A
22:26816558:C:G
22:26818675:C:T
22:26821469:C:T
22:26825774:C:T
22:26825776:C:T
22:26830478:A:G
22:26831077:A:G
22:26831624:C:T
22:26832103:G:A
22:26832218:G:A
22:26833161:G:C
22:26833186:G:A
22:26835534:A:G
22:26836008:T:C
22:26836120:G:A
22:26836244:G:T
22:26836535:C:T
22:26836780:T:C
22:26839657:T:A
22:26840477:C:T
22:26841279:G:A
22:26841519:G:A
22:26842818:T:C
22:26843708:C:T
22:26843916:C:T
22:26843990:C:T
22:26844070:A:G
22:26844146:G:A
22:26844658:A:T
22:26844769:T:C
22:26846304:G:A
22:26846690:G:A
22:26847237:G:A
22:26849666:T:C
22:26851828:A:G
22:26852157:A:G
22:26853905:C:A
22:26853980:T:C
22:26854441:G:A
22:26857599:G:A
22:26857615:G:C
22:26858337:G:T
22:26859086:T:C
22:26859465:G:T
22:26859524:A:C
22:26859942:C:T
22:26860269:G:C
22:26861545:A:G
22:26861721:T:C
22:26862041:G:A
22:26862153:C:A
22:26862212:T:C
22:26863032:G:T
22:26863093:C:T
22:26863559:T:C
22:26863639:A:G
22:26864658:A:G
22:26865040:T:C
22:26865054:A:G
22:26865973:G:A
22:26867490:G:A
22:26867655:C:T
22:26870502:T:C
22:26870609:C:T
22:26870985:A:G
22:26871068:C:T
22:26873397:C:A
22:26873415:G:A
22:26876881:C:G
22:26877463:G:A
22:26877539:C:T
22:26877981:G:A
22:26878024:A:G
22:26878967:T:C
22:26879091:G:A
22:26879297:G:C
22:26880556:T:C
22:26880921:G:T
22:26881146:T:C
22:26882142:G:A
22:26884039:G:A
22:26887829:A:G
22:26888725:T:C
22:26889564:C:T
22:26894985:C:T
22:26896130:A:T
22:26898891:C:T
22:26898962:G:C
22:26899474:T:C
22:26901230:G:C
22:26903959:C:T
22:26904541:G:A
22:26904965:C:T
22:26905708:C:G
22:26907899:C:T
22:26908433:C:T
22:26909750:A:G
22:26910295:A:G
22:26910993:T:C
22:26911418:A:G
22:26914151:T:C
22:26915762:T:C
22:26917189:T:C
22:26917626:A:G
22:26918860:T:C
22:26920048:T:C
22:26921725:A:G
22:26922545:A:C
22:26922694:G:A
22:26923155:T:C
22:26923325:G:A
22:26923416:C:G
22:26923487:C:G
22:26923511:C:G
22:26923907:T:C
22:26924149:C:T
22:26924312:C:T
22:26924336:C:T
22:26924456:G:A
22:26924995:A:G
22:26925500:A:G
22:26925782:G:C
22:26925834:T:A
22:26929088:G:A
22:26929558:C:T
22:26929814:A:G
22:26930065:C:T
22:26930156:A:G
22:26931221:C:T
22:26932150:G:A
22:26933195:C:A
22:26935969:C:T
22:26936562:G:A
22:26936897:G:A
22:26939781:T:C
22:26939992:C:T
22:26940428:G:A
22:26941223:A:G
22:26941768:T:G
22:26942127:A:G
22:26942551:C:T
22:26944268:G:A
22:26945043:C:T
22:26947089:C:G
22:26947093:T:C
22:26947628:G:A
22:26948221:G:A
22:26948466:C:A
22:26948487:C:T
22:26948588:G:C
22:26948694:G:A
22:26949650:G:A
22:26949883:C:T
22:26949965:C:G
22:26950058:G:A
22:26951185:C:G
22:26951317:A:G
22:26951589:G:A
22:26951971:T:G
22:26953324:T:C
22:26954578:T:C
22:26954725:G:A
22:26954800:C:T
22:26955377:T:A
22:26955520:C:T
22:26955854:C:G
22:26955896:C:T
22:26955934:T:C
22:26955990:G:T
22:26956121:G:A
22:26956392:T:C
22:26957774:T:C
22:26957782:G:A
22:26958104:A:G
22:26958182:G:A
22:26958318:C:T
22:26958331:C:T
22:26958342:G:A
22:26958393:T:C
22:26958481:C:G
22:26959826:G:A
22:26959859:G:A
22:26960349:G:C
22:26960470:A:G
22:26960472:G:A
22:26960648:C:A
22:26960689:T:C
22:26960789:A:G
22:26962033:T:C
22:26963030:G:C
22:26963254:C:T
22:26963438:A:G
22:26966602:A:G
22:26967163:C:T
22:26967373:A:G
22:26967499:T:C
22:26968211:T:G
22:26968506:G:T
22:26969331:A:G
22:26969857:T:C
22:26970016:T:C
22:26970787:G:A
22:26971155:T:G
22:26972341:T:C
22:26974172:C:G
22:26974741:G:A
22:26975517:A:G
22:26976369:C:T
22:26976545:C:T
22:26976771:G:A
22:26977252:T:C
22:26978847:G:A
22:26980543:C:T
22:26981039:A:G
22:26981240:C:A
22:26981662:T:C
22:26981879:T:C
22:26982066:C:T
22:26983287:G:T
22:26984471:T:C
22:26984636:C:A
22:26986315:A:C
22:26986826:A:G
22:26986875:A:T
22:26990807:A:G
22:26995967:C:T
22:26996946:G:A
22:26997184:G:T
22:26997275:G:C
22:26997342:A:C
22:26997482:T:C
22:26997730:A:T
22:27002223:G:A
22:27002392:C:T
22:27004298:A:G
22:27004300:G:T
22:27004902:C:A
22:27004964:G:A
22:27005122:G:C
22:27005158:C:T
22:27005194:A:G
22:27005470:T:A
22:27006136:G:A
22:27006143:G:C
22:27006189:G:A
22:27006308:C:G
22:27006698:C:T
22:27011420:C:T
22:27011460:G:A
22:27012894:A:G
22:27014467:C:T
22:27017300:G:T
22:27017435:C:G
22:27019128:C:T
22:27020011:A:G
22:27020705:C:T
22:27020835:G:A
22:27021189:A:G
22:27021401:G:A
22:27021425:A:G
22:27021936:A:G
22:27024504:C:T
22:27025879:T:C
22:27025917:C:T
22:27026923:G:A
22:27027214:C:G
22:27027358:T:A
22:27028829:G:A
22:27028899:T:C
22:27029072:C:T
22:27029545:A:G
22:27029861:T:C
22:27030998:T:C
22:27033263:C:T
22:27036505:T:C
22:27037688:G:C
22:27038708:C:G
22:27038865:G:T
22:27042106:C:T
22:27043233:C:G
22:27043594:T:C
22:27043728:G:T
22:27043811:G:A
22:27044317:T:C
22:27045504:C:A
22:27045898:G:T
22:27046662:A:T
22:27046685:A:C
22:27047254:G:A
22:27048046:C:T
22:27048920:T:C
22:27049011:C:T
22:27049032:A:G
22:27049119:A:G
22:27051299:A:G
22:27051338:G:C
22:27052890:A:T
22:27053120:C:T
22:27054179:G:A
22:27054199:C:T
22:27054209:T:C
22:27054832:A:G
22:27054989:G:A
22:27056763:C:G
22:27057439:T:G
22:27057450:T:A
22:27057987:C:A
22:27059838:C:T
22:27060536:T:C
22:27061791:G:A
22:27061937:C:T
22:27062122:G:C
22:27062669:G:A
22:27062795:C:T
22:27063706:A:T
22:27063746:A:G
22:27063804:G:C
22:27064287:G:A
22:27064494:C:T
22:27065117:A:G
22:27067045:G:T
22:27067224:G:T
22:27067643:A:G
22:27067792:C:T
22:27068052:A:T
22:27068702:C:A
22:27069254:G:T
22:27069439:G:A
22:27069557:C:T
22:27069835:G:A
22:27069907:A:T
22:27070749:C:T
22:27071694:G:A
22:27072140:G:A
22:27072146:C:T
22:27073858:A:C
22:27074049:A:G
22:27074401:C:T
22:27074685:A:G
22:27074768:A:G
22:27074845:G:A
22:27075975:G:A
22:27076305:C:T
22:27076306:G:C
22:27076576:C:T
22:27076596:T:C
22:27076984:C:T
22:27077231:C:T
22:27078466:A:G
22:27078560:T:C
22:27081979:A:C
22:27082103:G:A
22:27082153:G:A
22:27082723:A:T
22:27082992:C:A
22:27083706:T:C
22:27084655:C:T
22:27085223:G:A
22:27085224:C:A
22:27085338:G:A
22:27085554:C:T
22:27086367:C:T
22:27086668:C:T
22:27086990:C:T
22:27088298:T:C
22:27088391:G:A
22:27088638:C:T
22:27088786:G:A
22:27089325:G:C
22:27090179:C:T
22:27093109:T:G
22:27093202:T:A
22:27093508:A:G
22:27094025:C:T
22:27094241:A:C
22:27095014:C:T
22:27095710:G:A
22:27095712:G:A
22:27095998:C:A
22:27096893:T:A
22:27097842:C:G
22:27098842:C:G
22:27099288:G:T
22:27099768:T:A
22:27100912:G:T
22:27103786:A:G
22:27104440:T:C
22:27104705:A:G
22:27105857:A:C
22:27108047:C:T
22:27108217:G:A
22:27108681:G:A
22:27109475:T:C
22:27110259:C:T
22:27110386:C:G
22:27110827:C:T
22:27110974:C:T
22:27111321:T:C
22:27111968:C:A
22:27112693:A:G
22:27112769:C:G
22:27113697:A:G
22:27113741:G:A
22:27117672:A:G
22:27117690:A:G
22:27118181:T:G
22:27118416:A:G
22:27119619:T:C
22:27119629:A:T
22:27119660:G:A
22:27119714:G:C
22:27119905:C:T
22:27120203:T:C
22:27120704:C:T
22:27121273:G:T
22:27121364:A:G
22:27121907:A:G
22:27122480:C:T
22:27122923:G:T
22:27123432:A:C
22:27123638:G:T
22:27123944:T:C
22:27124543:T:A
22:27124742:A:G
22:27125763:A:T
22:27126510:C:T
22:27127596:T:G
22:27127610:A:G
22:27129463:C:A
22:27130617:A:G
22:27133584:C:A
22:27133681:A:G
22:27133734:A:G
22:27133816:G:A
22:27136316:G:A
22:27136852:C:A
22:27137639:A:C
22:27137761:T:C
22:27139303:A:G
22:27140443:A:G
22:27141026:G:A
22:27141605:G:T
22:27142276:A:G
22:27143245:G:A
22:27143425:A:G
22:27144070:T:C
22:27144107:G:A
22:27144233:T:C
22:27144722:G:A
22:27144734:C:T
22:27145021:G:A
22:27145885:T:C
22:27145892:G:T
22:27145901:C:T
22:27145953:G:A
22:27147492:T:G
22:27149053:C:T
22:27149561:T:C
22:27149725:A:G
22:27149768:G:A
22:27152950:C:G
22:27153492:A:G
22:27153785:C:T
22:27153798:T:A
22:27159832:A:G
22:27161035:A:G
22:27161589:C:T
22:27161876:A:T
22:27161921:G:A
22:27163014:C:T
22:27163290:G:C
22:27163682:T:G
22:27163806:G:A
22:27163999:T:C
22:27164962:C:T
22:27166540:A:G
22:27167348:C:A
22:27167440:G:C
22:27167448:G:A
22:27167494:T:A
22:27170725:T:G
22:27170806:G:T
22:27171458:G:A
22:27171576:C:G
22:27171638:G:A
22:27171701:T:C
22:27172005:G:A
22:27172826:A:C
22:27173486:G:T
22:27173534:T:C
22:27173999:A:C
22:27174663:T:A
22:27174996:G:A
22:27175858:G:A
22:27177355:A:G
22:27177745:C:T
22:27178074:G:A
22:27179384:G:A
22:27179453:G:A
22:27179493:A:G
22:27179946:G:A
22:27182539:A:G
22:27185343:C:G
22:27185955:T:G
22:27186321:G:A
22:27186355:G:A
22:27186715:A:C
22:27188543:C:T
22:27188808:A:T
22:27188809:T:C
22:27188885:G:A
22:27188902:T:G
22:27188947:G:A
22:27188964:T:C
22:27189042:T:C
22:27189536:T:C
22:27189774:G:T
22:27189835:G:A
22:27190706:G:A
22:27190734:G:A
22:27190866:C:T
22:27191848:G:C
22:27191942:C:T
22:27192460:C:T
22:27192863:A:G
22:27198800:G:C
22:27203596:T:C
22:27204754:T:C
22:27204921:C:T
22:27205681:G:A
22:27205766:C:T
22:27205841:C:T
22:27206134:G:A
22:27206227:T:C
22:27206289:T:C
22:27206530:C:A
22:27206672:C:T
22:27206864:A:G
22:27206962:T:C
22:27207439:A:G
22:27207525:C:G
22:27207855:C:G
22:27207950:G:A
22:27208048:G:T
22:27208157:C:T
22:27208165:C:T
22:27208222:T:C
22:27208422:T:C
22:27208711:G:A
22:27208861:C:A
22:27209017:C:T
22:27209132:C:T
22:27209227:G:A
22:27210691:A:G
22:27211191:A:G
22:27211502:G:C
22:27211572:A:G
22:27211876:C:G
22:27212043:T:C
22:27212674:G:C
22:27213199:T:C
22:27213968:T:C
22:27214141:G:A
22:27214161:G:A
22:27214989:C:T
22:27215976:T:C
22:27216058:G:A
22:27216426:A:G
22:27217018:G:A
22:27217038:A:G
22:27217919:A:C
22:27218272:G:A
22:27219371:A:C
22:27219881:G:A
22:27221959:C:T
22:27222059:A:G
22:27222286:G:A
22:27224492:C:G
22:27226407:A:G
22:27226558:G:C
22:27227219:T:C
22:27227454:C:T
22:27228195:A:G
22:27228712:T:C
22:27228910:C:T
22:27228977:G:A
22:27229346:A:C
22:27230983:A:C
22:27231403:G:A
22:27231633:A:T
22:27231668:C:G
22:27231916:A:C
22:27232049:G:A
22:27232480:T:C
22:27233505:C:T
22:27233872:C:T
22:27234422:C:T
22:27234623:G:A
22:27235331:T:C
22:27236166:T:C
22:27236175:C:G
22:27236439:T:C
22:27238390:T:C
22:27238805:T:C
22:27239805:T:G
22:27240025:G:T
22:27240239:T:A
22:27240293:T:C
22:27240456:G:A
22:27240659:C:A
22:27241464:G:A
22:27241644:C:T
22:27242048:T:C
22:27242642:A:G
22:27242952:T:G
22:27243142:C:G
22:27243234:C:T
22:27243295:C:G
22:27243665:C:T
22:27243919:A:G
22:27244109:C:T
22:27244507:T:G
22:27244685:G:A
22:27244876:C:T
22:27245137:T:C
22:27245222:A:C
22:27245262:G:C
22:27245312:T:G
22:27245342:G:T
22:27245485:G:A
22:27245565:T:C
22:27245627:C:G
22:27245963:G:A
22:27246070:T:C
22:27246218:C:T
22:27246836:A:G
22:27246926:C:A
22:27247107:T:A
22:27247201:T:G
22:27247357:A:G
22:27247913:C:G
22:27248025:T:C
22:27248779:A:G
22:27249140:A:G
22:27249352:G:A
22:27250195:G:A
22:27250280:T:C
22:27250786:A:T
22:27251367:T:C
22:27251479:C:G
22:27251670:G:C
22:27252185:A:C
22:27252454:T:C
22:27252843:T:A
22:27252859:A:C
22:27253353:C:T
22:27253560:T:C
22:27253791:G:C
22:27253905:G:T
22:27254122:C:T
22:27255464:C:A
22:27255690:G:A
22:27255849:T:C
22:27256080:C:T
22:27256295:A:G
22:27256542:T:C
22:27256543:A:G
22:27256928:G:A
22:27257321:G:C
22:27257411:C:A
22:27257658:A:T
22:27258265:A:C
22:27258572:G:T
22:27259079:T:C
22:27259888:A:G
22:27259889:G:T
22:27261517:T:C
22:27261845:T:C
22:27262569:G:A
22:27263046:A:G
22:27264282:A:G
22:27264501:T:C
22:27264668:T:A
22:27264880:T:G
22:27265239:C:T
22:27267178:T:C
22:27267344:A:G
22:27268143:G:A
22:27269938:T:C
22:27270068:C:T
22:27271926:T:C
22:27273238:G:A
22:27274720:G:T
22:27274743:C:T
22:27275776:A:T
22:27276295:C:T
22:27277262:A:T
22:27277683:A:G
22:27279702:T:A
22:27279749:T:C
22:27281209:G:T
22:27281884:G:A
22:27283680:A:G
22:27284022:T:C
22:27284064:C:A
22:27284142:G:C
22:27285813:T:G
22:27286733:G:A
22:27286859:C:T
22:27286864:A:T
22:27287053:T:C
22:27287323:G:A
22:27287669:G:C
22:27287869:A:C
22:27287946:C:T
22:27288251:G:C
22:27288263:A:T
22:27288275:T:G
22:27290612:G:A
22:27290749:G:A
22:27291244:G:A
22:27292583:T:C
22:27292868:G:A
22:27293494:G:T
22:27295234:C:T
22:27299366:G:C
22:27299487:C:T
22:27300463:A:G
22:27300496:C:T
22:27300715:T:G
22:27301137:A:G
22:27301462:C:A
22:27301478:G:A
22:27301705:G:A
22:27301931:A:G
22:27302126:G:C
22:27302631:T:C
22:27303145:T:C
22:27303561:C:T
22:27303755:A:T
22:27304394:G:A
22:27304495:T:C
22:27304645:G:A
22:27304672:T:C
22:27304735:C:T
22:27304933:G:A
22:27305180:G:A
22:27305562:G:A
22:27305781:G:A
22:27306659:G:A
22:27306830:C:T
22:27307019:A:G
22:27307722:T:C
22:27309798:A:G
22:27309945:C:T
22:27310221:C:G
22:27311292:T:A
22:27311370:T:C
22:27312304:C:G
22:27312335:G:A
22:27312985:T:C
22:27313437:C:T
22:27313765:A:G
22:27314070:T:A
22:27315723:G:T
22:27316264:A:G
22:27316368:G:T
22:27316435:C:T
22:27316491:A:G
22:27317070:C:T
22:27317339:G:C
22:27317437:A:G
22:27317686:C:T
22:27318987:C:G
22:27319097:A:T
22:27319468:A:G
22:27319992:C:G
22:27320076:T:C
22:27320093:T:G
22:27320185:G:A
22:27320679:G:C
22:27320800:G:A
22:27321172:T:C
22:27321338:T:C
22:27321581:C:T
22:27321959:C:T
22:27322073:C:T
22:27322217:G:C
22:27322774:G:A
22:27323117:A:G
22:27323171:C:A
22:27323179:A:G
22:27323203:T:C
22:27323221:T:C
22:27323691:C:T
22:27323867:G:A
22:27323871:A:T
22:27324152:C:T
22:27324326:A:G
22:27324536:A:C
22:27325049:G:A
22:27325600:G:A
22:27326615:A:T
22:27327701:T:C
22:27327741:G:A
22:27328131:C:G
22:27328145:G:A
22:27328318:T:C
22:27328440:T:A
22:27328598:A:T
22:27328787:T:C
22:27330332:A:T
22:27330420:A:G
22:27330652:T:C
22:27330896:A:G
22:27331206:A:C
22:27331244:C:G
22:27331293:C:T
22:27331506:T:A
22:27331577:A:G
22:27331661:T:C
22:27332018:C:A
22:27332590:G:A
22:27332684:G:A
22:27332735:C:T
22:27333482:G:A
22:27333485:C:T
22:27333519:T:A
22:27333553:C:T
22:27333719:A:G
22:27333729:A:G
22:27333770:T:A
22:27333791:T:C
22:27333794:C:T
22:27334578:C:G
22:27334843:G:A
22:27334951:C:T
22:27334985:A:G
22:27335459:C:T
22:27336747:T:C
22:27337048:C:T
22:27338076:G:C
22:27338441:C:G
22:27338819:C:T
22:27338951:T:A
22:27339406:T:G
22:27339453:G:A
22:27339652:G:A
22:27339872:G:A
22:27339913:A:G
22:27340983:G:A
22:27340986:C:A
22:27341117:A:C
22:27341161:G:T
22:27341413:C:T
22:27341568:A:G
22:27341639:G:C
22:27341762:G:C
22:27341985:C:G
22:27342139:A:G
22:27342629:C:T
22:27344827:A:G
22:27345388:C:T
22:27346779:T:C
22:27346941:A:T
22:27347402:G:A
22:27347493:A:T
22:27348321:C:T
22:27348456:A:G
22:27348681:C:A
22:27349099:G:A
22:27349116:T:G
22:27349552:G:A
22:27349602:C:T
22:27349754:G:A
22:27349849:G:A
22:27350567:G:A
22:27350911:G:C
22:27351033:C:T
22:27351615:A:G
22:27351732:T:C
22:27352745:C:T
22:27352747:C:T
22:27353309:G:A
22:27353810:C:T
22:27354054:G:C
22:27355159:C:T
22:27355195:T:C
22:27355348:A:G
22:27355733:T:C
22:27356579:A:G
22:27357341:T:C
22:27357975:A:T
22:27359601:A:G
22:27360162:G:A
22:27360964:C:G
22:27360994:C:T
22:27361465:A:G
22:27361631:C:G
22:27362234:G:C
22:27362767:A:G
22:27363053:T:C
22:27364300:T:C
22:27364610:C:T
22:27366972:G:C
22:27368219:A:G
22:27368283:A:G
22:27368478:C:T
22:27368751:T:C
22:27369762:G:A
22:27369770:T:G
22:27369826:G:T
22:27370273:C:T
22:27370782:C:T
22:27371685:T:C
22:27372522:T:G
22:27372785:G:T
22:27373336:G:C
22:27373562:G:A
22:27373720:C:A
22:27373934:G:T
22:27375697:T:C
22:27375700:C:T
22:27376273:G:C
22:27376590:T:C
22:27376910:T:C
22:27376961:A:G
22:27377469:C:T
22:27377569:G:A
22:27377687:G:T
22:27377796:C:T
22:27378221:A:G
22:27378884:G:A
22:27379830:T:C
22:27380461:A:G
22:27380631:G:A
22:27380713:G:A
22:27380730:G:A
22:27380743:C:T
22:27381136:A:G
22:27381193:C:A
22:27381346:G:A
22:27381389:G:A
22:27381837:T:C
22:27382132:C:G
22:27383615:G:T
22:27383645:C:G
22:27383655:T:C
22:27383886:G:A
22:27384565:T:A
22:27384762:G:C
22:27385773:A:G
22:27386111:G:T
22:27386488:C:T
22:27387402:G:A
22:27388110:T:C
22:27388405:T:C
22:27388842:G:C
22:27389201:A:G
22:27390436:G:A
22:27390455:A:G
22:27390831:T:C
22:27392074:A:G
22:27392265:C:T
22:27392272:C:T
22:27392391:A:G
22:27393381:G:A
22:27394733:C:T
22:27394843:C:T
22:27395292:T:G
22:27395385:C:T
22:27397683:C:A
22:27398512:T:C
22:27398749:T:C
22:27398838:A:T
22:27398910:C:T
22:27398938:C:T
22:27399182:C:T
22:27399321:G:A
22:27399405:T:C
22:27399576:T:C
22:27399577:G:C
22:27400316:C:T
22:27402492:A:G
22:27403571:T:C
22:27403729:C:T
22:27405012:C:T
22:27405992:A:G
22:27406436:C:A
22:27406501:C:T
22:27406705:T:C
22:27406912:C:A
22:27407146:T:G
22:27408321:G:A
22:27410371:G:A
22:27410749:C:T
22:27411710:C:A
22:27412029:C:A
22:27413261:G:A
22:27413264:C:T
22:27413379:G:A
22:27413392:G:T
22:27413509:A:G
22:27413543:G:A
22:27413660:G:A
22:27413922:T:C
22:27414427:A:G
22:27416825:T:C
22:27418259:C:T
22:27418911:G:A
22:27420113:A:G
22:27420318:A:G
22:27421136:T:G
22:27421632:A:G
22:27422813:G:A
22:27422865:G:A
22:27423007:T:A
22:27424724:T:A
22:27425162:G:T
22:27425365:C:T
22:27425422:A:C
22:27425592:G:A
22:27425657:T:G
22:27425847:T:C
22:27428860:G:A
22:27429052:A:G
22:27429111:C:T
22:27430078:T:G
22:27430158:A:G
22:27430304:C:T
22:27430432:C:T
22:27430630:G:A
22:27430724:G:A
22:27431791:T:C
22:27431971:T:C
22:27432985:G:A
22:27433179:G:A
22:27433250:A:G
22:27433885:C:A
22:27433973:C:G
22:27434730:C:T
22:27434791:C:T
22:27434836:C:T
22:27435086:C:T
22:27435613:T:C
22:27435820:G:A
22:27436049:G:A
22:27436164:A:G
22:27436289:A:G
22:27436699:G:A
22:27436940:A:G
22:27437467:C:T
22:27437550:G:A
22:27438196:A:G
22:27438353:T:C
22:27438359:C:A
22:27438386:T:C
22:27438432:A:G
22:27438603:C:A
22:27438631:A:G
22:27439543:G:A
22:27439582:C:G
22:27440266:A:G
22:27440291:T:C
22:27440326:C:T
22:27440536:C:A
22:27440602:C:T
22:27441379:C:A
22:27441548:C:T
22:27442333:T:G
22:27442556:A:G
22:27442639:T:G
22:27443068:G:A
22:27443148:G:C
22:27443484:C:T
22:27443584:T:C
22:27444637:G:A
22:27444882:T:C
22:27445437:C:A
22:27445883:C:T
22:27446324:C:T
22:27446868:G:A
22:27447079:C:T
22:27447297:C:T
22:27447378:G:A
22:27447531:C:T
22:27447669:A:G
22:27448028:T:C
22:27448280:C:T
22:27448644:T:C
22:27449363:A:G
22:27449940:A:G
22:27450461:G:A
22:27450510:T:A
22:27450582:G:C
22:27451055:C:T
22:27451180:C:T
22:27451501:T:C
22:27451567:G:A
22:27452743:A:G
22:27453771:A:G
22:27454022:C:A
22:27454981:T:C
22:27455355:C:T
22:27455409:G:A
22:27456410:A:G
22:27456420:T:C
22:27456646:G:A
22:27456810:T:C
22:27457068:T:C
22:27457518:A:C
22:27457523:A:C
22:27457693:A:G
22:27459273:C:G
22:27459722:G:C
22:27460793:G:A
22:27460811:A:T
22:27461803:G:A
22:27463700:C:T
22:27463749:T:C
22:27463851:T:C
22:27464033:A:C
22:27464053:A:G
22:27464401:A:G
22:27464643:G:A
22:27465477:A:T
22:27465597:A:G
22:27465628:T:G
22:27466232:C:T
22:27466629:A:C
22:27467717:G:A
22:27468461:T:C
22:27468857:T:C
22:27469165:A:G
22:27470124:C:T
22:27471415:T:C
22:27471525:T:C
22:27471567:T:C
22:27471971:G:C
22:27472458:A:C
22:27472516:G:A
22:27472988:A:G
22:27473028:A:G
22:27473132:T:C
22:27473169:G:A
22:27473772:C:T
22:27473976:C:T
22:27475512:A:G
22:27475606:G:T
22:27475966:A:G
22:27476884:A:G
22:27478521:C:T
22:27478856:G:T
22:27479173:G:C
22:27479318:G:A
22:27480367:G:A
22:27481022:G:A
22:27481284:C:T
22:27482638:G:T
22:27483371:T:C
22:27483480:G:C
22:27483618:C:G
22:27484389:T:C
22:27484451:T:G
22:27484476:G:A
22:27485111:C:T
22:27485301:G:A
22:27485345:C:T
22:27485482:C:G
22:27485612:T:G
22:27485912:C:T
22:27485959:A:G
22:27486167:G:C
22:27486722:A:G
22:27486978:G:C
22:27487232:A:G
22:27487580:A:G
22:27487815:A:G
22:27488604:C:T
22:27488690:C:T
22:27489433:C:A
22:27489583:G:A
22:27490303:C:T
22:27490592:G:A
22:27490728:C:T
22:27490880:T:C
22:27491043:G:A
22:27491198:G:C
22:27491252:G:A
22:27491551:G:T
22:27491699:T:G
22:27491959:A:C
22:27492028:T:C
22:27492424:C:T
22:27493072:A:T
22:27493153:C:T
22:27493361:C:A
22:27493503:A:G
22:27493529:C:T
22:27493570:C:G
22:27493910:G:A
22:27494303:G:A
22:27494460:T:C
22:27494511:A:G
22:27494518:A:G
22:27494998:T:C
22:27495758:A:T
22:27496274:A:C
22:27496476:G:T
22:27496594:G:C
22:27497017:G:T
22:27497182:G:A
22:27497372:T:C
22:27497704:G:A
22:27498426:G:A
22:27499784:T:C
22:27500423:C:T
22:27500511:G:A
22:27500696:C:T
22:27500719:T:C
22:27501531:C:T
22:27502691:C:T
22:27502783:C:A
22:27502898:C:G
22:27503371:G:A
22:27503582:A:C
22:27503837:C:T
22:27504063:A:G
22:27504082:A:C
22:27504161:G:C
22:27504942:T:C
22:27506926:C:T
22:27507131:C:T
22:27507354:C:A
22:27507715:G:A
22:27507824:G:A
22:27507837:C:T
22:27508234:C:T
22:27508510:G:A
22:27508858:A:G
22:27509227:G:T
22:27509377:A:C
22:27509769:C:T
22:27509919:C:T
22:27511748:T:C
22:27512234:A:G
22:27512383:G:A
22:27512789:G:A
22:27512801:C:T
22:27516762:G:A
22:27518948:G:A
22:27521426:A:G
22:27523485:C:A
22:27523864:C:T
22:27523948:C:T
22:27525210:G:T
22:27525363:T:C
22:27525674:C:T
22:27526095:A:G
22:27526265:T:C
22:27527005:C:T
22:27527498:C:T
22:27530318:A:T
22:27530934:C:T
22:27532474:G:A
22:27532926:T:C
22:27533729:A:G
22:27533998:G:T
22:27534418:C:G
22:27535029:T:C
22:27535231:G:T
22:27535438:C:T
22:27535572:A:G
22:27539202:T:C
22:27539983:T:A
22:27540148:C:T
22:27540434:C:G
22:27542843:A:G
22:27542945:C:G
22:27544195:G:T
22:27545209:A:G
22:27545303:A:G
22:27547421:T:C
22:27548094:G:A
22:27548374:T:C
22:27548426:T:C
22:27548901:G:A
22:27550744:C:T
22:27550764:A:G
22:27551790:T:A
22:27552564:T:C
22:27552631:G:A
22:27553126:C:T
22:27554630:G:T
22:27555319:G:A
22:27559412:T:A
22:27559812:G:C
22:27559902:G:A
22:27560576:A:T
22:27561081:T:A
22:27561500:G:A
22:27561952:C:T
22:27561960:G:A
22:27562140:G:A
22:27562184:G:A
22:27563274:A:C
22:27563775:C:T
22:27564807:G:A
22:27565388:T:C
22:27565531:G:A
22:27565888:A:G
22:27565909:T:A
22:27565958:C:T
22:27566498:C:G
22:27566506:A:G
22:27566566:T:A
22:27566619:C:G
22:27567320:A:G
22:27567545:C:T
22:27568117:G:A
22:27568222:A:G
22:27569081:T:C
22:27569979:G:C
22:27571423:G:A
22:27571639:A:G
22:27573745:C:T
22:27574154:C:T
22:27574804:A:G
22:27574896:A:G
22:27574903:T:A
22:27575117:C:A
22:27575542:A:G
22:27577261:G:A
22:27579150:C:A
22:27579428:A:G
22:27581642:C:T
22:27582100:C:A
22:27583652:A:G
22:27584176:C:T
22:27584291:G:A
22:27584316:G:A
22:27584594:C:G
22:27584680:G:A
22:27585710:G:A
22:27586954:G:A
22:27587001:A:G
22:27587222:G:A
22:27588271:G:A
22:27588763:T:A
22:27589981:C:T
22:27590340:T:C
22:27590678:G:A
22:27592742:G:T
22:27593239:C:T
22:27595582:G:T
22:27596611:C:T
22:27598602:A:T
22:27599418:T:G
22:27599846:G:T
22:27600516:T:C
22:27600598:C:T
22:27600604:C:G
22:27601017:T:C
22:27603908:C:A
22:27604149:C:A
22:27604316:C:T
22:27606184:G:A
22:27606778:T:C
22:27608087:T:C
22:27608295:G:A
22:27608301:G:A
22:27609597:A:G
22:27609827:C:A
22:27609860:C:G
22:27610165:T:C
22:27610637:A:C
22:27610680:G:C
22:27610995:T:C
22:27611328:G:A
22:27612568:C:T
22:27613130:C:T
22:27613318:C:T
22:27614498:C:A
22:27615305:T:C
22:27616264:G:A
22:27616325:G:A
22:27616993:C:T
22:27617895:C:T
22:27618036:T:A
22:27618267:A:G
22:27619844:C:T
22:27620514:G:T
22:27620929:A:T
22:27622115:T:C
22:27622616:A:G
22:27622645:C:T
22:27622907:A:G
22:27623489:T:C
22:27624375:G:T
22:27624878:A:T
22:27625321:G:A
22:27626905:A:G
22:27627316:T:C
22:27627416:T:C
22:27627524:A:T
22:27628151:G:C
22:27628728:T:C
22:27629291:T:A
22:27631699:A:T
22:27632596:G:C
22:27633517:A:G
22:27634799:G:C
22:27635001:T:C
22:27636138:G:C
22:27636146:G:A
22:27636486:C:T
22:27636606:A:C
22:27636913:C:T
22:27636930:A:G
22:27637091:A:G
22:27637506:A:G
22:27638327:A:T
22:27638662:G:A
22:27638996:G:T
22:27640747:G:A
22:27640814:T:C
22:27640853:C:T
22:27641756:C:T
22:27642064:G:A
22:27642581:A:C
22:27643302:A:G
22:27644841:G:T
22:27644949:A:G
22:27645258:C:T
22:27646376:A:T
22:27646582:C:T
22:27646755:C:G
22:27646869:C:A
22:27647065:C:A
22:27647289:A:G
22:27647504:G:A
22:27648191:A:C
22:27648408:G:C
22:27649704:A:G
22:27650779:C:T
22:27650865:G:T
22:27651715:T:C
22:27652075:A:G
22:27652290:G:T
22:27653188:A:G
22:27653294:G:C
22:27653397:C:T
22:27653424:C:T
22:27656908:T:C
22:27657507:G:A
22:27657604:G:A
22:27658292:G:C
22:27659029:T:C
22:27659230:T:C
22:27659347:C:T
22:27659629:A:C
22:27659631:G:A
22:27659724:G:A
22:27659743:G:A
22:27659774:G:A
22:27659964:G:A
22:27659974:G:A
22:27660461:C:T
22:27660487:G:A
22:27660655:T:C
22:27660675:G:A
22:27661009:G:T
22:27661878:A:G
22:27661950:C:T
22:27661995:G:A
22:27662176:G:A
22:27662186:T:C
22:27662213:G:T
22:27662397:C:T
22:27662473:C:T
22:27662934:C:T
22:27663166:A:G
22:27663248:G:T
22:27663643:T:C
22:27666698:G:A
22:27667795:G:A
22:27668370:A:G
22:27668509:C:T
22:27668544:G:A
22:27669376:G:A
22:27670348:G:T
22:27670885:C:T
22:27671479:A:C
22:27671536:A:C
22:27671537:A:T
22:27672223:C:A
22:27673159:A:G
22:27673211:C:T
22:27674189:G:T
22:27674547:G:A
22:27674832:T:G
22:27674953:C:A
22:27676577:T:C
22:27676598:T:G
22:27676899:T:C
22:27677747:T:C
22:27678463:C:T
22:27679808:G:A
22:27682627:G:A
22:27683477:G:A
22:27684158:T:C
22:27684756:C:T
22:27685544:A:G
22:27686254:A:T
22:27687437:G:A
22:27688335:C:T
22:27688616:G:A
22:27688707:A:G
22:27689490:C:T
22:27689641:G:A
22:27689978:G:A
22:27690377:G:A
22:27690484:T:C
22:27690683:A:G
22:27691285:G:T
22:27692054:G:A
22:27696913:T:C
22:27697012:A:G
22:27697765:G:T
22:27698071:A:G
22:27698217:G:A
22:27698397:T:G
22:27700289:G:A
22:27700318:C:T
22:27700919:T:C
22:27701012:C:T
22:27701317:C:T
22:27701555:C:T
22:27701608:A:G
22:27702157:G:A
22:27702771:G:T
22:27702923:T:G
22:27703428:C:G
22:27703935:A:G
22:27703936:T:G
22:27704503:T:C
22:27704700:A:C
22:27705687:A:C
22:27705699:G:A
22:27705776:G:C
22:27705922:G:A
22:27705940:G:A
22:27706005:T:C
22:27706403:T:A
22:27706941:C:T
22:27707665:G:A
22:27709560:G:A
22:27710343:T:C
22:27710440:T:C
22:27710603:A:G
22:27711025:G:T
22:27711056:T:G
22:27711058:T:C
22:27711243:C:T
22:27711761:A:G
22:27711993:C:G
22:27712520:C:T
22:27712681:A:G
22:27712781:A:G
22:27712996:T:C
22:27713356:C:T
22:27713374:A:G
22:27713828:G:C
22:27713849:A:C
22:27714574:A:G
22:27715209:G:A
22:27717116:G:A
22:27717134:G:A
22:27717716:A:G
22:27718705:C:A
22:27722014:C:G
22:27722616:A:T
22:27722802:G:A
22:27723050:C:G
22:27723424:T:C
22:27723600:G:A
22:27724696:C:T
22:27724782:T:C
22:27725153:A:G
22:27725762:A:G
22:27726026:C:T
22:27726071:A:G
22:27726166:G:A
22:27726947:C:T
22:27727106:A:C
22:27728405:C:T
22:27728635:A:G
22:27729077:C:T
22:27729180:T:C
22:27729548:G:T
22:27730109:A:G
22:27730213:G:T
22:27730986:G:C
22:27731294:G:A
22:27731470:C:T
22:27732598:C:T
22:27732798:C:T
22:27733111:G:C
22:27733380:G:A
22:27733507:C:T
22:27733598:C:G
22:27734957:C:T
22:27735210:T:G
22:27735230:A:G
22:27735268:T:C
22:27736108:G:A
22:27736395:C:T
22:27736625:T:C
22:27736768:C:T
22:27737024:T:C
22:27737254:C:A
22:27737393:T:C
22:27737574:C:A
22:27737631:C:T
22:27738160:C:A
22:27738226:G:T
22:27739485:C:G
22:27740599:A:G
22:27741447:G:T
22:27741454:T:G
22:27741772:A:C
22:27742732:C:T
22:27743999:T:C
22:27744608:G:A
22:27744959:G:A
22:27745625:C:A
22:27746118:T:G
22:27746401:C:T
22:27746639:T:C
22:27747124:T:C
22:27747251:A:G
22:27747270:G:A
22:27747303:C:T
22:27748742:A:G
22:27748753:T:C
22:27748774:C:T
22:27749378:T:C
22:27749492:T:G
22:27749520:G:A
22:27750076:T:C
22:27750408:G:C
22:27750425:A:G
22:27751435:A:G
22:27751454:T:A
22:27751520:A:G
22:27751576:C:T
22:27751579:T:C
22:27751796:G:A
22:27751975:A:T
22:27752084:T:C
22:27752593:G:A
22:27752783:G:A
22:27754138:A:G
22:27754412:C:T
22:27754413:A:G
22:27754774:A:G
22:27754802:G:A
22:27755625:C:T
22:27755736:G:T
22:27755906:T:C
22:27756079:T:C
22:27756110:T:C
22:27756135:G:A
22:27756300:C:T
22:27756439:C:T
22:27756513:A:G
22:27757077:C:A
22:27757114:G:A
22:27757552:A:G
22:27758098:C:T
22:27758200:T:C
22:27758305:A:G
22:27758313:T:C
22:27758490:T:C
22:27758706:T:G
22:27758841:T:C
22:27758891:A:G
22:27758894:A:G
22:27758938:C:G
22:27759178:C:T
22:27759199:T:C
22:27759299:G:A
22:27759404:G:A
22:27759691:T:C
22:27759933:A:G
22:27760003:T:C
22:27760019:G:A
22:27760036:T:C
22:27760061:C:G
22:27760086:T:C
22:27760167:A:C
22:27760382:A:T
22:27760497:C:T
22:27760796:A:G
22:27760854:C:T
22:27760856:T:C
22:27761128:G:A
22:27761147:C:A
22:27761246:T:G
22:27761508:C:T
22:27761614:T:C
22:27761697:T:C
22:27762155:T:C
22:27762307:T:A
22:27762566:C:T
22:27762699:G:C
22:27763106:C:T
22:27763989:C:G
22:27765064:T:C
22:27765755:G:A
22:27766075:G:A
22:27766318:T:C
22:27766513:C:A
22:27766758:G:A
22:27766867:T:A
22:27767093:G:A
22:27768007:C:G
22:27768787:A:G
22:27768895:G:A
22:27769029:C:T
22:27769191:C:T
22:27769228:T:C
22:27769282:G:C
22:27769389:G:A
22:27769412:C:G
22:27773148:G:A
22:27774424:T:C
22:27774635:C:T
22:27774779:A:G
22:27774784:A:C
22:27775128:T:C
22:27775129:C:T
22:27775511:G:A
22:27775760:T:C
22:27776343:G:A
22:27776424:T:A
22:27776803:A:G
22:27777382:G:A
22:27777752:C:T
22:27777944:A:T
22:27778099:A:G
22:27778338:G:A
22:27778518:T:C
22:27778649:C:G
22:27778731:T:C
22:27779106:C:G
22:27779122:G:A
22:27779272:T:G
22:27779409:T:C
22:27779894:T:G
22:27779905:A:G
22:27780404:G:T
22:27780524:C:T
22:27780856:A:G
22:27781570:C:T
22:27781783:C:T
22:27782209:A:G
22:27782226:C:T
22:27782447:G:A
22:27782451:C:G
22:27782758:C:G
22:27782895:A:G
22:27783185:G:A
22:27783769:G:A
22:27784403:G:A
22:27784705:T:C
22:27784817:C:T
22:27784836:G:T
22:27784837:G:A
22:27785102:A:C
22:27785119:G:A
22:27785286:G:T
22:27785809:T:C
22:27785823:A:G
22:27785939:G:A
22:27786506:C:T
22:27787129:C:T
22:27787480:C:A
22:27788357:C:G
22:27788401:G:T
22:27788426:G:A
22:27788451:C:T
22:27788780:G:T
22:27788965:G:A
22:27788975:C:A
22:27789634:G:T
22:27789939:A:T
22:27790244:G:A
22:27790587:A:G
22:27792426:A:G
22:27792470:T:C
22:27793356:C:G
22:27793641:G:A
22:27794056:G:C
22:27794842:G:A
22:27794966:C:T
22:27794969:C:T
22:27795090:T:C
22:27795356:T:G
22:27795445:C:A
22:27795462:G:T
22:27796846:A:G
22:27796866:C:T
22:27797761:G:A
22:27797799:A:C
22:27797867:C:A
22:27798492:G:A
22:27798655:G:A
22:27798832:G:A
22:27799006:C:T
22:27799038:A:C
22:27799251:G:A
22:27799868:C:T
22:27800029:C:A
22:27801288:G:A
22:27801334:A:C
22:27802006:C:A
22:27802080:A:G
22:27802088:G:T
22:27802578:G:A
22:27803409:C:T
22:27804019:G:A
22:27804079:T:C
22:27805183:G:A
22:27805195:G:A
22:27805463:T:C
22:27806502:T:C
22:27806889:G:T
22:27807098:C:A
22:27807237:T:C
22:27807573:T:A
22:27808186:A:G
22:27808478:C:T
22:27808816:T:C
22:27809401:A:C
22:27809402:C:T
22:27811651:A:T
22:27811767:G:T
22:27813277:C:G
22:27813701:G:A
22:27813751:G:T
22:27814070:G:A
22:27814082:C:T
22:27814314:G:A
22:27814417:C:T
22:27814604:T:C
22:27815491:A:G
22:27815564:T:C
22:27815735:G:A
22:27816514:G:A
22:27816556:T:G
22:27816784:G:A
22:27817300:T:C
22:27817362:A:T
22:27817516:T:G
22:27817776:T:C
22:27818428:T:C
22:27818596:C:T
22:27818700:T:C
22:27818766:T:G
22:27819961:C:T
22:27820751:T:C
22:27820873:A:T
22:27820961:G:A
22:27821656:T:C
22:27822583:G:A
22:27822897:C:T
22:27823040:T:G
22:27823214:C:T
22:27823215:A:G
22:27823333:G:C
22:27823368:A:G
22:27823823:C:T
22:27824585:C:T
22:27824600:G:C
22:27825443:C:T
22:27825804:G:A
22:27826429:C:G
22:27828634:T:C
22:27828878:C:T
22:27829103:T:A
22:27829536:G:A
22:27829661:T:C
22:27832985:C:G
22:27833053:C:A
22:27833918:G:A
22:27834500:A:G
22:27834539:A:G
22:27836058:T:C
22:27836075:A:T
22:27836099:A:T
22:27836161:A:T
22:27836177:A:T
22:27836393:A:T
22:27836850:A:G
22:27836922:T:C
22:27837974:C:T
22:27839208:G:A
22:27839461:G:A
22:27839704:C:T
22:27839923:A:G
22:27841324:C:G
22:27841518:A:G
22:27841691:T:G
22:27841795:T:A
22:27841982:T:C
22:27842315:A:T
22:27843753:G:A
22:27844670:G:C
22:27846875:A:T
22:27847318:G:A
22:27850544:T:C
22:27850871:A:T
22:27852275:A:G
22:27852569:C:T
22:27853988:T:C
22:27854694:T:C
22:27854979:T:C
22:27855066:G:A
22:27855073:A:G
22:27855335:C:A
22:27856190:G:A
22:27856512:A:T
22:27857172:G:A
22:27858043:T:G
22:27858684:A:C
22:27858703:G:A
22:27858801:G:T
22:27860965:G:C
22:27861922:G:A
22:27861962:G:A
22:27862191:T:C
22:27862769:C:T
22:27862808:C:T
22:27862874:A:G
22:27862899:A:G
22:27862975:T:C
22:27863032:T:C
22:27863094:A:T
22:27863300:G:A
22:27863694:C:T
22:27864048:C:T
22:27864073:G:A
22:27864144:A:G
22:27864255:T:A
22:27864440:C:T
22:27864471:C:A
22:27864890:C:T
22:27865062:G:A
22:27865344:A:C
22:27867567:G:A
22:27869017:A:G
22:27869118:A:G
22:27869126:G:A
22:27869192:T:C
22:27869375:T:C
22:27870265:A:G
22:27872463:C:T
22:27873024:A:G
22:27873353:G:C
22:27875360:G:C
22:27876151:G:T
22:27876815:A:G
22:27876972:A:G
22:27877684:T:C
22:27878619:G:A
22:27878857:C:T
22:27879170:C:T
22:27879333:G:A
22:27881196:T:C
22:27881211:C:T
22:27881212:C:G
22:27881377:A:T
22:27881452:G:A
22:27881805:T:A
22:27881843:A:G
22:27881885:C:T
22:27882039:T:C
22:27882245:C:T
22:27882282:C:A
22:27882687:T:G
22:27882704:A:G
22:27882716:G:T
22:27882874:A:C
22:27882876:A:G
22:27882878:A:C
22:27882904:C:G
22:27883136:C:T
22:27883188:T:A
22:27883189:G:A
22:27883265:A:G
22:27883316:C:T
22:27883341:C:T
22:27883950:G:A
22:27883993:C:T
22:27884073:G:A
22:27884156:C:T
22:27884455:T:A
22:27886736:G:A
22:27887420:C:T
22:27887471:A:C
22:27887895:C:A
22:27888231:A:G
22:27888311:G:A
22:27888434:G:A
22:27888558:G:A
22:27890684:G:A
22:27891856:T:C
22:27892079:C:T
22:27892976:T:G
22:27892977:A:C
22:27893497:C:T
22:27894016:C:T
22:27894302:A:G
22:27894536:A:G
22:27894539:C:A
22:27894675:C:T
22:27894847:C:T
22:27895305:G:A
22:27895409:C:T
22:27895489:G:C
22:27895526:G:A
22:27895825:T:C
22:27896011:C:T
22:27896321:G:A
22:27896369:G:A
22:27896409:C:T
22:27896605:G:A
22:27896995:A:G
22:27896998:T:A
22:27897203:C:A
22:27897701:T:A
22:27898321:G:T
22:27898638:T:C
22:27898793:G:A
22:27899464:T:G
22:27899500:A:T
22:27899679:G:A
22:27899801:G:T
22:27899867:C:T
22:27900025:T:G
22:27900255:T:C
22:27900324:A:T
22:27900353:T:A
22:27900425:G:A
22:27900846:G:A
22:27901505:G:A
22:27901554:G:C
22:27901804:A:G
22:27901915:C:T
22:27902354:C:T
22:27902795:T:C
22:27902981:C:T
22:27903116:G:T
22:27903420:C:T
22:27903582:C:T
22:27903583:A:T
22:27904168:A:G
22:27904170:C:A
22:27904834:T:G
22:27905428:T:C
22:27905762:C:T
22:27905926:C:G
22:27906244:G:C
22:27906256:G:C
22:27906686:T:C
22:27906722:A:G
22:27908236:G:A
22:27909106:A:G
22:27910759:G:A
22:27911747:C:T
22:27912171:A:G
22:27912970:G:C
22:27913012:G:A
22:27913178:A:G
22:27913485:T:A
22:27913532:C:T
22:27913646:T:G
22:27913890:T:G
22:27914054:G:A
22:27914249:G:A
22:27914480:C:T
22:27914942:G:A
22:27915061:C:G
22:27916393:A:G
22:27917029:T:A
22:27917070:G:A
22:27917803:G:C
22:27917940:C:T
22:27918505:C:T
22:27918557:T:G
22:27920038:C:T
22:27920144:T:C
22:27920173:T:C
22:27920240:C:G
22:27920269:T:G
22:27920547:T:G
22:27921255:G:A
22:27921791:T:C
22:27922431:G:C
22:27922614:C:T
22:27922662:C:T
22:27922707:C:T
22:27922759:C:T
22:27923343:G:A
22:27923635:T:C
22:27924275:A:C
22:27924516:T:C
22:27924976:C:T
22:27925090:A:G
22:27925288:G:A
22:27925604:C:G
22:27926280:A:C
22:27927026:G:A
22:27928042:C:T
22:27929270:C:T
22:27929853:T:C
22:27930080:C:A
22:27930781:C:T
22:27930851:C:A
22:27931552:A:G
22:27931842:A:C
22:27932079:T:C
22:27934138:G:A
22:27935369:C:A
22:27935424:C:T
22:27935824:T:A
22:27935845:C:A
22:27936238:C:T
22:27936580:A:G
22:27936871:C:A
22:27937085:G:A
22:27940060:G:C
22:27940894:T:C
22:27941083:C:T
22:27944404:T:G
22:27945841:G:A
22:27946728:A:C
22:27948878:C:T
22:27949306:G:C
22:27951161:C:G
22:27951176:G:A
22:27952123:C:T
22:27952608:T:C
22:27953418:C:T
22:27955410:G:A
22:27956628:A:C
22:27959320:G:C
22:27959466:G:C
22:27959752:G:A
22:27959754:G:A
22:27959841:C:T
22:27960309:G:A
22:27960580:C:T
22:27960790:C:T
22:27961199:G:C
22:27961350:C:T
22:27961878:C:T
22:27962231:G:A
22:27962517:A:G
22:27962792:T:C
22:27963442:C:T
22:27963508:A:T
22:27964381:G:A
22:27964426:A:G
22:27964538:G:A
22:27965094:G:A
22:27965100:C:A
22:27965330:T:C
22:27965370:T:C
22:27965444:A:G
22:27965613:G:C
22:27966655:T:C
22:27967233:G:A
22:27967275:C:T
22:27967455:G:A
22:27967463:T:C
22:27967652:G:A
22:27967803:G:A
22:27968059:G:C
22:27968208:T:C
22:27968303:C:A
22:27970761:T:A
22:27971083:G:A
22:27972341:C:T
22:27972479:A:G
22:27972536:T:G
22:27973264:C:T
22:27973569:C:T
22:27974819:A:C
22:27975202:T:C
22:27975230:A:T
22:27975321:A:T
22:27975451:A:G
22:27977493:C:G
22:27977562:A:G
22:27977955:A:T
22:27978512:C:T
22:27978565:C:A
22:27978888:C:G
22:27979468:C:G
22:27979793:T:A
22:27980107:C:G
22:27980126:G:T
22:27980179:T:C
22:27980751:C:T
22:27980876:T:C
22:27981094:T:C
22:27981370:G:A
22:27981879:A:G
22:27981884:A:G
22:27985473:G:A
22:27985660:C:T
22:27987202:G:A
22:27988228:G:A
22:27988234:G:A
22:27989166:T:C
22:27989777:T:C
22:27989890:T:C
22:27989946:T:C
22:27990077:G:A
22:27992262:G:A
22:27992413:T:C
22:27992747:C:T
22:27993597:A:C
22:27993898:A:G
22:27996532:T:C
22:27997290:C:T
22:27998795:G:T
22:27999020:A:T
22:27999140:T:G
22:27999855:T:C
22:28003266:T:C
22:28007741:T:C
22:28008105:T:C
22:28008284:C:T
22:28008723:C:T
22:28008858:A:G
22:28009004:G:T
22:28010936:C:A
22:28011067:G:A
22:28011465:C:T
22:28011484:G:T
22:28011695:C:T
22:28012011:T:G
22:28012260:A:G
22:28014251:C:T
22:28015125:C:T
22:28015142:C:T
22:28015322:A:C
22:28015487:A:G
22:28015689:C:G
22:28015711:C:G
22:28015740:G:A
22:28015843:A:G
22:28015848:G:T
22:28015911:C:A
22:28015920:G:A
22:28015968:T:C
22:28015983:G:T
22:28015986:A:G
22:28016068:A:G
22:28016150:C:T
22:28016289:T:C
22:28016739:G:C
22:28016909:G:C
22:28017801:C:T
22:28019908:T:C
22:28020528:G:A
22:28020981:A:G
22:28022195:C:T
22:28022728:A:G
22:28023003:T:C
22:28023063:A:G
22:28023100:A:G
22:28023875:T:G
22:28023898:C:T
22:28024182:T:C
22:28024467:T:C
22:28026049:T:G
22:28026569:C:A
22:28027021:G:A
22:28027132:C:G
22:28027704:G:A
22:28028948:C:G
22:28029538:C:T
22:28029685:G:T
22:28030091:A:T
22:28030233:C:T
22:28030915:C:A
22:28033030:A:G
22:28033628:T:C
22:28033824:G:C
22:28034300:C:G
22:28034554:G:A
22:28035413:C:T
22:28035544:T:C
22:28036626:C:G
22:28038608:A:G
22:28039672:T:C
22:28040974:A:G
22:28042529:C:T
22:28042532:C:T
22:28042658:T:G
22:28043820:C:G
22:28044057:T:G
22:28044236:G:A
22:28044325:G:A
22:28044594:A:C
22:28046256:T:G
22:28046423:C:T
22:28046482:C:T
22:28046561:C:T
22:28047392:T:C
22:28047876:T:C
22:28047929:G:A
22:28048391:C:T
22:28048449:A:G
22:28048803:C:T
22:28048932:A:C
22:28049074:C:T
22:28049435:T:C
22:28049550:A:G
22:28049597:T:C
22:28050517:C:A
22:28050683:A:G
22:28051037:C:G
22:28051382:T:C
22:28052111:A:G
22:28053797:C:T
22:28054280:G:A
22:28054814:G:A
22:28055460:A:G
22:28057092:T:C
22:28058570:T:C
22:28058587:G:T
22:28058655:C:T
22:28059002:G:A
22:28059703:G:A
22:28059705:C:T
22:28059740:T:C
22:28060034:G:A
22:28060148:G:T
22:28060203:C:T
22:28060814:T:C
22:28060842:C:T
22:28060956:G:A
22:28060985:G:C
22:28061193:G:A
22:28061529:C:T
22:28062506:C:T
22:28063227:A:G
22:28063591:C:T
22:28063730:A:C
22:28065092:G:A
22:28066266:G:C
22:28066905:G:A
22:28067205:T:C
22:28067235:T:C
22:28067389:A:G
22:28067502:G:A
22:28068564:T:A
22:28068630:G:A
22:28070326:A:G
22:28070766:T:G
22:28071507:A:G
22:28071667:G:T
22:28071675:T:C
22:28071706:C:T
22:28072042:C:T
22:28072940:A:G
22:28073265:A:G
22:28073270:A:C
22:28073495:A:G
22:28073758:G:A
22:28074551:C:T
22:28074740:G:A
22:28075256:A:G
22:28075879:T:G
22:28075992:T:C
22:28076058:T:C
22:28076208:G:T
22:28076285:T:C
22:28077114:C:T
22:28078535:C:T
22:28078747:C:T
22:28079911:A:G
22:28081131:A:C
22:28081203:G:C
22:28082093:T:C
22:28082715:A:G
22:28083520:G:A
22:28084338:G:A
22:28084554:G:A
22:28085300:G:A
22:28085749:C:T
22:28085952:T:C
22:28086145:C:T
22:28086991:T:C
22:28087123:C:T
22:28087306:T:A
22:28088298:G:C
22:28088661:T:C
22:28089643:A:C
22:28089737:G:A
22:28090207:G:A
22:28090374:A:G
22:28091982:A:G
22:28092303:T:C
22:28092551:T:C
22:28093392:G:T
22:28093463:C:G
22:28093712:G:A
22:28093777:C:G
22:28093980:C:T
22:28094047:T:C
22:28094156:T:C
22:28094573:C:T
22:28094610:G:A
22:28094845:A:G
22:28094989:C:T
22:28095240:T:A
22:28095783:A:G
22:28096457:G:A
22:28096740:A:G
22:28096963:A:C
22:28098029:A:G
22:28098110:C:T
22:28098144:C:A
22:28098436:G:A
22:28098566:C:T
22:28099479:G:A
22:28099649:A:G
22:28099778:C:T
22:28099911:C:T
22:28100219:G:A
22:28100261:G:A
22:28100987:G:C
22:28101289:G:A
22:28101366:G:A
22:28101389:C:A
22:28101614:C:T
22:28101681:A:G
22:28101703:G:T
22:28101772:A:T
22:28101781:A:G
22:28102048:G:T
22:28102382:G:T
22:28102496:A:G
22:28102594:C:T
22:28102627:G:A
22:28102970:T:C
22:28103087:C:T
22:28103259:A:G
22:28103787:A:C
22:28104051:G:A
22:28104062:G:A
22:28104754:A:T
22:28104907:A:G
22:28104977:G:A
22:28105851:G:A
22:28106208:T:A
22:28106402:A:G
22:28107076:G:C
22:28107284:C:T
22:28108542:G:A
22:28108955:A:T
22:28109273:A:G
22:28109665:A:G
22:28110312:T:C
22:28110477:G:C
22:28110965:G:A
22:28111200:C:A
22:28111233:G:A
22:28111578:G:A
22:28111806:C:T
22:28112070:T:C
22:28112217:C:G
22:28112616:C:G
22:28113103:A:G
22:28113229:G:A
22:28114492:A:G
22:28114621:C:T
22:28115057:G:A
22:28115346:A:T
22:28115594:G:A
22:28115669:G:A
22:28116313:T:A
22:28116769:C:G
22:28117297:A:T
22:28118100:A:T
22:28120402:G:A
22:28120491:G:A
22:28120707:C:T
22:28122701:A:G
22:28123639:C:T
22:28125740:G:A
22:28126771:G:C
22:28127526:C:T
22:28128191:T:C
22:28128858:T:C
22:28129028:C:A
22:28129776:T:C
22:28130044:G:T
22:28130130:T:C
22:28133509:T:A
22:28134147:G:A
22:28135027:C:T
22:28135033:A:T
22:28135297:G:A
22:28136977:C:A
22:28138006:G:A
22:28147298:T:C
22:28148813:G:A
22:28149998:C:G
22:28150109:A:G
22:28150815:G:A
22:28151120:C:G
22:28151673:A:G
22:28151825:G:A
22:28152601:G:A
22:28152639:A:G
22:28153856:A:C
22:28154618:G:T
22:28155452:G:A
22:28156788:A:G
22:28157301:T:C
22:28159672:G:A
22:28159690:T:C
22:28159748:T:C
22:28160074:T:C
22:28160972:T:G
22:28160984:G:C
22:28161411:G:A
22:28163346:G:A
22:28163994:A:G
22:28164050:T:G
22:28168252:C:T
22:28168483:G:C
22:28169499:C:T
22:28169521:C:A
22:28169949:T:G
22:28170031:C:A
22:28170690:G:A
22:28170723:A:T
22:28172577:T:G
22:28174969:G:C
22:28175162:C:T
22:28179823:T:C
22:28186287:G:A
22:28186289:A:G
22:28186370:A:G
22:28186775:T:C
22:28187396:A:G
22:28188203:T:C
22:28190414:A:T
22:28191846:T:G
22:28196910:G:A
22:28197815:T:C
22:28198577:A:G
22:28199417:T:G
22:28203750:G:A
22:28206141:T:C
22:28206142:G:C
22:28206147:A:G
22:28206194:A:G
22:28206912:A:C
22:28207139:T:C
22:28207630:G:T
22:28208528:C:G
22:28213044:C:T
22:28215600:C:A
22:28256019:A:G
22:28257368:C:A
22:28258700:G:T
22:28261630:G:A
22:28264081:C:T
22:28270372:T:G
22:28272328:G:A
22:28284061:A:T
22:28287465:A:G
22:28288136:T:C
22:28288161:C:T
22:28288487:G:A
22:28288512:G:C
22:28293980:G:C
22:28294801:T:C
22:28296640:C:T
22:28298336:G:A
22:28300490:C:T
22:28301743:C:T
22:28304371:T:C
22:28306607:T:C
22:28312557:A:T
22:28312564:G:A
22:28313583:A:C
22:28313988:A:G
22:28314113:C:A
22:28315465:T:C
22:28316173:G:A
22:28317401:C:A
22:28321217:T:C
22:28321438:C:G
22:28326657:G:A
22:28327264:A:G
22:28328241:G:T
22:28330197:T:C
22:28332154:A:G
22:28336162:A:G
22:28336223:C:A
22:28337711:C:A
22:28341053:C:T
22:28341443:C:T
22:28348833:G:A
22:28349827:C:G
22:28350165:C:G
22:28355872:G:A
22:28364454:A:G
22:28365155:G:A
22:28366472:C:T
22:28368266:T:C
22:28368473:T:C
22:28370541:C:T
22:28371485:T:C
22:28371541:C:T
22:28371656:C:T
22:28372703:C:T
22:28372834:C:T
22:28373744:C:A
22:28374216:T:C
22:28374219:G:A
22:28378472:A:G
22:28380588:G:A
22:28380770:T:C
22:28386322:C:T
22:28386620:A:G
22:28388379:G:A
22:28391157:T:C
22:28391786:C:G
22:28393540:C:T
22:28395314:C:T
22:28396867:A:C
22:28398528:A:G
22:28402624:T:C
22:28405165:G:A
22:28407763:A:T
22:28408444:A:C
22:28409772:T:G
22:28411918:A:G
22:28412908:T:G
22:28416547:C:G
22:28421300:A:C
22:28423378:C:A
22:28426022:G:C
22:28426128:T:C
22:28427336:A:C
22:28430652:C:T
22:28444430:A:G
22:28444431:T:C
22:28444744:G:A
22:28449353:A:C
22:28454655:T:G
22:28459665:G:A
22:28462756:A:G
22:28465604:A:G
22:28469630:A:G
22:28475531:T:C
22:28478985:G:A
22:28488105:G:T
22:28488450:G:A
22:28488491:C:G
22:28510237:T:C
22:28513986:C:A
22:28534005:G:T
22:28537992:C:T
22:28540492:A:G
22:28545264:A:C
22:28545329:T:C
22:28546346:T:G
22:28550006:G:A
22:28553180:G:A
22:28554373:T:C
22:28558418:C:T
22:28558766:T:C
22:28559120:G:C
22:28575543:A:G
22:28582273:G:A
22:28583738:C:T
22:28584917:G:T
22:28586674:G:A
22:28604583:C:T
22:28612399:A:T
22:28612645:T:C
22:28616356:G:C
22:28618454:A:G
22:28619218:A:C
22:28620907:A:G
22:28624319:T:C
22:28628209:T:C
22:28629415:T:C
22:28629713:C:T
22:28630787:T:G
22:28631900:T:A
22:28633571:T:C
22:28634976:T:C
22:28635673:T:C
22:28638511:C:G
22:28641134:A:C
22:28643456:G:A
22:28643884:G:C
22:28644881:A:C
22:28648645:G:A
22:28653316:T:G
22:28657013:T:C
22:28663405:A:G
22:28666398:T:C
22:28666961:T:C
22:28669155:T:C
22:28672174:T:G
22:28672406:G:A
22:28675098:A:G
22:28682616:T:C
22:28693496:T:C
22:28699124:G:A
22:28704361:A:G
22:28708967:A:G
22:28714205:T:C
22:28714212:A:G
22:28717316:C:T
22:28719656:G:A
22:28722535:T:C
22:28729767:A:T
22:28740583:C:T
22:28741745:A:G
22:28752505:G:A
22:28753833:G:A
22:28754648:A:G
22:28756581:A:G
22:28757526:A:C
22:28757950:C:T
22:28758980:A:C
22:28762034:C:T
22:28762145:T:A
22:28762747:C:T
22:28770582:G:C
22:28772817:C:T
22:28773326:C:T
22:28773804:G:A
22:28774710:T:C
22:28775991:A:G
22:28795080:T:C
22:28795263:G:A
22:28797318:C:T
22:28798679:C:G
22:28799080:T:C
22:28799436:G:A
22:28802478:G:A
22:28803391:T:C
22:28807625:C:T
22:28811329:C:T
22:28813465:C:A
22:28814890:A:G
22:28815629:A:C
22:28818863:T:C
22:28820327:G:A
22:28833502:C:A
22:28834531:T:C
22:28834769:G:A
22:28835458:G:A
22:28838721:G:A
22:28841839:T:C
22:28845279:A:G
22:28845498:G:T
22:28845881:G:C
22:28846580:A:T
22:28847896:T:C
22:28849749:G:A
22:28860167:T:G
22:28863714:T:C
22:28869432:C:T
22:28871309:A:G
22:28871570:G:A
22:28874089:A:G
22:28876170:C:G
22:28877335:C:T
22:28877715:G:T
22:28882973:G:A
22:28886805:C:T
22:28889735:C:A
22:28891623:G:C
22:28893208:G:T
22:28899748:G:T
22:28900973:G:T
22:28903360:A:G
22:28909504:A:T
22:28912855:C:T
22:28913950:C:T
22:28920651:A:G
22:28923317:G:A
22:28923933:C:T
22:28934313:T:C
22:28942227:C:T
22:28942682:T:C
22:28945515:T:A
22:28966048:T:C
22:28972184:T:C
22:28976157:G:C
22:28982943:C:A
22:28984447:G:T
22:28985326:T:C
22:28988260:A:G
22:28993183:T:C
22:28993331:A:C
22:28993756:A:G
22:28998821:T:C
22:28999402:G:A
22:28999890:C:T
22:29001789:T:C
22:29002083:G:T
22:29004881:C:A
22:29005302:A:C
22:29005595:T:C
22:29008626:G:A
22:29015590:T:G
22:29015603:C:T
22:29016057:C:T
22:29020756:G:C
22:29022172:C:T
22:29022188:T:C
22:29024691:A:G
22:29028132:C:T
22:29033308:G:C
22:29033545:T:C
22:29034964:C:T
22:29036465:A:G
22:29037864:C:A
22:29039615:G:T
22:29039953:T:G
22:29042025:G:A
22:29042079:A:G
22:29045212:C:A
22:29045745:T:C
22:29045930:T:C
22:29046240:A:T
22:29052951:C:T
22:29053003:C:T
22:29053727:T:C
22:29054573:T:C
22:29058409:T:C
22:29069423:C:G
22:29075122:T:G
22:29075319:G:C
22:29093753:G:A
22:29094084:T:A
22:29094828:A:C
22:29099754:T:C
22:29100711:T:C
22:29100977:C:G
22:29100985:G:C
22:29102967:G:A
22:29103217:G:A
22:29105415:G:C
22:29105558:A:G
22:29105610:C:T
22:29106733:T:C
22:29106945:G:C
22:29107195:G:A
22:29108229:A:G
22:29109036:C:T
22:29110002:T:C
22:29110759:C:G
22:29115066:C:T
22:29121760:G:C
22:29123846:T:A
22:29127224:A:T
22:29127412:A:C
22:29130012:T:C
22:29130300:C:T
22:29131129:T:C
22:29131426:T:A
22:29132389:G:C
22:29132990:A:G
22:29133033:G:C
22:29134559:G:C
22:29135889:T:C
22:29137870:C:T
22:29137944:G:C
22:29143393:G:A
22:29145411:T:C
22:29145539:C:T
22:29149796:G:A
22:29151760:G:A
22:29152965:G:A
22:29153547:C:T
22:29156448:A:G
22:29157487:G:A
22:29162506:G:A
22:29162940:A:G
22:29163311:G:A
22:29164855:G:C
22:29165120:T:C
22:29165525:T:G
22:29165766:T:C
22:29165866:C:A
22:29168208:T:G
22:29168339:G:A
22:29169290:C:A
22:29169420:T:G
22:29171298:G:A
22:29174770:C:A
22:29174790:G:A
22:29179739:C:A
22:29179998:C:T
22:29181384:C:T
22:29181868:A:G
22:29182500:C:A
22:29183133:A:G
22:29185113:A:C
22:29187380:G:T
22:29187419:C:T
22:29189446:G:A
22:29190471:T:C
22:29191879:T:C
22:29192670:T:C
22:29196494:C:T
22:29196526:G:A
22:29196757:G:C
22:29196843:G:C
22:29198151:T:G
22:29199790:G:T
22:29200117:T:C
22:29202063:A:G
22:29203314:C:T
22:29203964:G:A
22:29205004:G:A
22:29205076:A:G
22:29206209:T:C
22:29207915:G:A
22:29208838:C:A
22:29208952:C:G
22:29208975:A:G
22:29211435:C:T
22:29213011:G:A
22:29213034:A:G
22:29214606:G:C
22:29215249:A:C
22:29215449:G:A
22:29215542:G:A
22:29215703:G:A
22:29215803:G:A
22:29219122:C:A
22:29219472:G:A
22:29223169:A:G
22:29225457:A:G
22:29225500:G:A
22:29225523:G:A
22:29225592:C:G
22:29225603:T:A
22:29226189:A:T
22:29226570:T:G
22:29227971:G:A
22:29228130:T:C
22:29228484:G:C
22:29230733:C:A
22:29231447:C:T
22:29232564:A:G
22:29233262:T:C
22:29233342:T:C
22:29233486:A:G
22:29236308:A:G
22:29239157:A:G
22:29239250:T:C
22:29239766:T:C
22:29241195:T:C
22:29242473:T:C
22:29245231:T:G
22:29245938:G:C
22:29246097:A:C
22:29246278:T:C
22:29246605:A:T
22:29247097:A:G
22:29250505:T:G
22:29251926:C:A
22:29251962:G:T
22:29252732:G:A
22:29253335:A:C
22:29253364:T:C
22:29258140:T:A
22:29259102:T:A
22:29259293:C:T
22:29261159:C:T
22:29266025:A:G
22:29269658:C:G
22:29269692:A:G
22:29269808:A:G
22:29271088:G:T
22:29272328:T:A
22:29273966:G:A
22:29281710:G:A
22:29282679:A:G
22:29283036:G:A
22:29283518:A:G
22:29283757:C:T
22:29285148:T:C
22:29286180:C:T
22:29287730:C:T
22:29287816:T:G
22:29288639:A:G
22:29289250:T:C
22:29289346:C:A
22:29290680:C:A
22:29290981:C:T
22:29293162:G:C
22:29293369:C:T
22:29295898:C:T
22:29296652:A:G
22:29296931:C:A
22:29297365:C:T
22:29299301:T:G
22:29299571:A:G
22:29299806:T:C
22:29300306:C:T
22:29302224:T:C
22:29302906:A:G
22:29303595:G:C
22:29304200:A:T
22:29304253:T:C
22:29307158:A:G
22:29307859:G:C
22:29311271:G:A
22:29312578:C:T
22:29314636:T:C
22:29314899:T:C
22:29315834:A:G
22:29317559:C:G
22:29318724:C:T
22:29321008:A:G
22:29321839:A:T
22:29325923:G:A
22:29327347:A:G
22:29334600:C:T
22:29338656:G:C
22:29343188:G:C
22:29347215:G:T
22:29349306:C:T
22:29350911:G:T
22:29352495:A:C
22:29356499:A:G
22:29358219:T:C
22:29358802:C:T
22:29359102:A:G
22:29360297:A:G
22:29360450:G:A
22:29360655:T:C
22:29361159:A:G
22:29363344:T:C
22:29368935:G:A
22:29369398:A:C
22:29371761:C:T
22:29375026:C:T
22:29378610:T:C
22:29379557:T:C
22:29379731:C:A
22:29379891:T:C
22:29380120:A:T
22:29380255:T:C
22:29380995:G:A
22:29381152:C:G
22:29381377:C:T
22:29389202:A:T
22:29390049:A:G
22:29393195:T:C
22:29395969:A:G
22:29397998:C:T
22:29401333:G:A
22:29401498:G:A
22:29402539:T:C
22:29402832:G:T
22:29402845:A:T
22:29402848:G:T
22:29403050:C:A
22:29404651:A:G
22:29408419:T:C
22:29408594:A:G
22:29409966:T:C
22:29410104:T:C
22:29410232:A:C
22:29410675:A:T
22:29411267:A:G
22:29413305:G:A
22:29413785:A:G
22:29414001:A:G
22:29417296:A:C
22:29417792:T:C
22:29417909:A:G
22:29418163:A:T
22:29418209:G:A
22:29418627:C:T
22:29418658:T:C
22:29418669:T:A
22:29418858:T:G
22:29419062:T:C
22:29419987:A:G
22:29420482:G:A
22:29422908:C:T
22:29425749:T:C
22:29427200:G:A
22:29427329:C:T
22:29429561:G:C
22:29429997:T:C
22:29430459:C:A
22:29431259:C:G
22:29431915:A:T
22:29432722:G:A
22:29433095:C:T
22:29434105:A:G
22:29435397:C:A
22:29438327:A:T
22:29439201:G:A
22:29439939:T:A
22:29440692:A:C
22:29443709:A:G
22:29446611:A:C
22:29446975:T:C
22:29447111:C:T
22:29449477:A:G
22:29450923:A:G
22:29453027:A:G
22:29453193:G:C
22:29454477:T:C
22:29457582:A:G
22:29458441:A:G
22:29458845:A:G
22:29459732:A:G
22:29461150:T:A
22:29461790:T:C
22:29463089:C:T
22:29463545:C:T
22:29465869:T:C
22:29466346:T:C
22:29466825:T:C
22:29466835:T:C
22:29467221:G:A
22:29468456:C:T
22:29468721:C:G
22:29470115:A:G
22:29471323:A:G
22:29472863:G:A
22:29472884:T:C
22:29473884:A:G
22:29473896:T:A
22:29474077:A:G
22:29474277:T:G
22:29475124:A:G
22:29475583:C:T
22:29476844:C:G
22:29477611:C:T
22:29477692:A:C
22:29477841:T:G
22:29478760:T:C
22:29478831:G:T
22:29479090:T:G
22:29479193:G:A
22:29479231:G:C
22:29479884:G:T
22:29479890:C:A
22:29480024:G:T
22:29480400:T:A
22:29480742:A:G
22:29480905:A:G
22:29480946:A:G
22:29480954:T:C
22:29482155:T:G
22:29482221:T:C
22:29482676:C:T
22:29482725:G:A
22:29483060:A:G
22:29483583:A:G
22:29483873:G:T
22:29483920:G:C
22:29484425:G:T
22:29484829:G:A
22:29484845:C:T
22:29485528:G:T
22:29485708:G:A
22:29485794:G:A
22:29486390:G:C
22:29486779:T:A
22:29487725:C:G
22:29488162:T:C
22:29489001:T:C
22:29489399:G:C
22:29491706:C:T
22:29492112:A:G
22:29494148:T:C
22:29494593:G:A
22:29494624:C:G
22:29495079:G:A
22:29495254:G:A
22:29495373:C:T
22:29495392:C:G
22:29496402:G:A
22:29497143:A:G
22:29498118:G:A
22:29498988:A:G
22:29499810:G:A
22:29501278:T:G
22:29501681:G:A
22:29502728:G:A
22:29503887:T:C
22:29503955:T:C
22:29504073:A:T
22:29509142:C:T
22:29509716:C:T
22:29509735:A:T
22:29509781:G:A
22:29511517:A:G
22:29511620:G:A
22:29511729:G:A
22:29514303:G:C
22:29514647:T:C
22:29514956:T:G
22:29515179:G:A
22:29517678:G:A
22:29517987:C:T
22:29518216:T:C
22:29519375:T:C
22:29521071:G:C
22:29522486:T:C
22:29524534:G:A
22:29525126:C:T
22:29526197:C:T
22:29527059:G:A
22:29532951:T:G
22:29532971:A:G
22:29533210:A:G
22:29533499:G:A
22:29533572:C:G
22:29535810:C:T
22:29537065:C:G
22:29537124:C:T
22:29537467:G:A
22:29538468:T:C
22:29540297:G:A
22:29541447:G:A
22:29541931:C:T
22:29542864:G:A
22:29543307:A:G
22:29543415:G:A
22:29544164:C:T
22:29548896:G:A
22:29549520:T:A
22:29550379:G:T
22:29550628:T:C
22:29552332:G:C
22:29553007:T:A
22:29553039:A:G
22:29554183:C:A
22:29554530:A:G
22:29558854:A:G
22:29559157:A:G
22:29565788:G:C
22:29567431:T:C
22:29567665:T:G
22:29567765:C:G
22:29567856:C:G
22:29568772:T:A
22:29568785:A:G
22:29574425:C:G
22:29577135:C:T
22:29578578:A:G
22:29581070:T:C
22:29581296:A:G
22:29586058:C:T
22:29588097:T:C
22:29590222:A:G
22:29591127:C:T
22:29591625:A:C
22:29594050:C:T
22:29594194:C:T
22:29594277:A:G
22:29594278:G:C
22:29594442:A:G
22:29595911:G:A
22:29596502:T:C
22:29596992:T:C
22:29598422:C:T
22:29598878:G:A
22:29598970:C:G
22:29599089:A:G
22:29599984:T:C
22:29601204:T:A
22:29602971:G:A
22:29603611:A:G
22:29603796:G:A
22:29604130:A:G
22:29604275:G:C
22:29604561:G:A
22:29604787:T:C
22:29606866:G:A
22:29607407:C:T
22:29610138:A:G
22:29613439:C:T
22:29613441:G:T
22:29613930:A:G
22:29614678:G:A
22:29616265:A:G
22:29620232:C:T
22:29620325:A:C
22:29622977:T:A
22:29625911:G:A
22:29626327:A:G
22:29626613:C:T
22:29626793:A:T
22:29626802:A:G
22:29626860:G:A
22:29628096:C:G
22:29628615:G:A
22:29628741:C:T
22:29628806:G:A
22:29630337:G:A
22:29630564:C:T
22:29630822:C:G
22:29632258:A:C
22:29632731:T:C
22:29632738:A:G
22:29633826:C:T
22:29633935:G:A
22:29635311:G:A
22:29636713:T:A
22:29636985:C:T
22:29638470:G:A
22:29639090:C:T
22:29639161:A:G
22:29639192:C:T
22:29640019:C:T
22:29640309:G:A
22:29641018:T:C
22:29641095:C:G
22:29641278:A:G
22:29641327:T:C
22:29641551:T:C
22:29641695:C:T
22:29641739:G:A
22:29641741:G:T
22:29641997:A:G
22:29642111:A:G
22:29642365:G:A
22:29643421:G:A
22:29645264:G:C
22:29645400:C:T
22:29646095:A:G
22:29646275:A:G
22:29648604:A:T
22:29650458:C:T
22:29650692:A:G
22:29650741:C:T
22:29650905:C:T
22:29652158:G:A
22:29653611:G:A
22:29653929:G:T
22:29654004:C:T
22:29655371:C:T
22:29655416:C:T
22:29657604:C:T
22:29659960:C:T
22:29661341:G:A
22:29664423:G:A
22:29664906:C:T
22:29669648:G:C
22:29669693:T:C
22:29670939:T:C
22:29675401:A:G
22:29675936:T:A
22:29677967:C:A
22:29685711:C:T
22:29685752:A:G
22:29688632:T:G
22:29689837:A:G
22:29692488:G:T
22:29693990:A:G
22:29700536:C:G
22:29702139:T:C
22:29702654:C:A
22:29702748:G:C
22:29702910:A:T
22:29703409:G:C
22:29704125:C:T
22:29705927:A:G
22:29707955:A:T
22:29710325:T:C
22:29710360:T:C
22:29717716:G:A
22:29717802:A:G
22:29718321:C:T
22:29719167:G:T
22:29721902:G:A
22:29725893:T:C
22:29727866:C:T
22:29728783:T:C
22:29728854:A:T
22:29730625:A:G
22:29734696:T:G
22:29734797:G:A
22:29735310:C:T
22:29737823:T:C
22:29738546:C:T
22:29743482:T:C
22:29743779:C:T
22:29746253:T:C
22:29748859:G:A
22:29750186:T:C
22:29755888:T:C
22:29765382:A:T
22:29766895:C:T
22:29766966:G:A
22:29767034:A:G
22:29767925:A:G
22:29769089:A:T
22:29769306:C:A
22:29769626:A:G
22:29771912:C:T
22:29772391:G:C
22:29773869:A:G
22:29775618:G:T
22:29776050:T:C
22:29776323:C:G
22:29776857:C:T
22:29777291:A:G
22:29777581:C:A
22:29778070:T:C
22:29778719:C:A
22:29780884:A:T
22:29781445:T:G
22:29782433:A:C
22:29784786:G:C
22:29786497:C:T
22:29789021:T:C
22:29791234:A:G
22:29793641:A:G
22:29794027:A:C
22:29794913:G:T
22:29805407:A:G
22:29812464:C:T
22:29822255:A:T
22:29822713:G:A
22:29822763:G:A
22:29824132:C:G
22:29824523:C:T
22:29824710:C:T
22:29825404:A:C
22:29826829:C:T
22:29827256:C:T
22:29827322:A:C
22:29828285:C:T
22:29828751:A:C
22:29829333:G:C
22:29829595:C:T
22:29829795:T:C
22:29833469:A:G
22:29834766:A:G
22:29835987:C:T
22:29836926:T:C
22:29837286:A:G
22:29838203:A:T
22:29839503:A:G
22:29839659:A:T
22:29839677:G:A
22:29840180:T:C
22:29840340:C:T
22:29840367:A:G
22:29841642:G:A
22:29842142:C:A
22:29843416:C:T
22:29843932:T:C
22:29844314:G:T
22:29844884:A:G
22:29845703:C:A
22:29846339:A:G
22:29847722:C:A
22:29848481:G:T
22:29848484:T:G
22:29850334:A:T
22:29850587:G:A
22:29850761:A:C
22:29851172:G:A
22:29851183:T:C
22:29851315:T:C
22:29852474:G:A
22:29853526:T:C
22:29854169:T:C
22:29855836:T:C
22:29857859:C:G
22:29860088:C:G
22:29860457:A:G
22:29860870:C:G
22:29861840:T:C
22:29862247:G:A
22:29863152:T:C
22:29866456:G:C
22:29870085:A:C
22:29870951:A:G
22:29872160:G:C
22:29873494:C:A
22:29877565:A:G
22:29880773:A:G
22:29880914:T:C
22:29881468:G:A
22:29883892:G:T
22:29884277:T:C
22:29884567:C:T
22:29886043:A:C
22:29886413:A:G
22:29891002:T:C
22:29893033:A:T
22:29899724:A:G
22:29899735:G:A
22:29902192:A:C
22:29903117:T:C
22:29904354:G:A
22:29904519:T:C
22:29905051:G:A
22:29906701:T:C
22:29907401:C:T
22:29907850:G:T
22:29908072:C:T
22:29908154:G:T
22:29908849:G:T
22:29912430:A:G
22:29912885:G:A
22:29913272:C:T
22:29913572:T:C
22:29915144:C:T
22:29915406:A:G
22:29919333:T:C
22:29919830:T:C
22:29920298:T:A
22:29920819:C:A
22:29923084:A:G
22:29924212:T:C
22:29925284:T:C
22:29927598:C:T
22:29927704:T:C
22:29929239:G:A
22:29929627:G:A
22:29929744:A:G
22:29930064:C:T
22:29930077:T:C
22:29930195:T:C
22:29932438:C:A
22:29933572:C:T
22:29935704:G:A
22:29935773:G:A
22:29936520:G:T
22:29936832:C:A
22:29937239:C:A
22:29937268:G:T
22:29940949:G:A
22:29944552:T:A
22:29944801:T:A
22:29947380:A:G
22:29952181:C:G
22:29952226:T:C
22:29953805:A:G
22:29954593:G:A
22:29955252:A:G
22:29955971:G:A
22:29956135:G:C
22:29956137:T:C
22:29956156:T:C
22:29957013:C:T
22:29957321:G:A
22:29957570:G:A
22:29957911:T:C
22:29957944:C:T
22:29960335:A:G
22:29960768:T:G
22:29962047:C:T
22:29962077:A:G
22:29963508:C:T
22:29965880:G:A
22:29966083:C:T
22:29970989:T:C
22:29972309:G:A
22:29974831:A:G
22:29975937:T:C
22:29978026:A:T
22:29978749:C:G
22:29978758:C:G
22:29979461:G:A
22:29980315:C:T
22:29981244:G:C
22:29984291:G:A
22:29984687:C:T
22:29985012:A:G
22:29985229:C:T
22:29986744:G:C
22:29989825:G:A
22:29990971:A:G
22:29990979:C:T
22:29992758:G:A
22:29993275:G:C
22:29993428:G:A
22:29993438:T:C
22:29994207:G:A
22:29994378:T:C
22:29995511:G:A
22:29997139:C:G
22:29997574:T:C
22:29999236:G:C
22:29999784:C:A
22:29999878:G:C
22:30001447:G:A
22:30002440:T:G
22:30002603:T:G
22:30004929:C:T
22:30006747:A:G
22:30008461:G:A
22:30011060:C:T
22:30013809:A:G
22:30014581:A:G
22:30016378:A:C
22:30017000:G:C
22:30018200:A:G
22:30019726:C:T
22:30022936:A:G
22:30023960:G:T
22:30032235:A:G
22:30032484:A:C
22:30033036:T:A
22:30034994:G:T
22:30037168:T:C
22:30037315:C:G
22:30037900:C:G
22:30038152:A:C
22:30043563:C:T
22:30044228:A:G
22:30044669:A:G
22:30047732:T:C
22:30047891:C:G
22:30048182:G:A
22:30049584:A:G
22:30049643:C:T
22:30050292:T:C
22:30051433:C:T
22:30053118:G:A
22:30054024:G:A
22:30055674:A:G
22:30056185:T:G
22:30056945:G:A
22:30057574:A:G
22:30057820:C:T
22:30060073:T:G
22:30061953:A:G
22:30063550:G:T
22:30064117:C:T
22:30064731:A:G
22:30065813:T:C
22:30065967:G:T
22:30066344:G:A
22:30070223:T:A
22:30071358:C:T
22:30071944:C:T
22:30072759:T:C
22:30073681:T:C
22:30074776:G:T
22:30074804:A:G
22:30075052:T:C
22:30075087:A:C
22:30076398:C:T
22:30076720:G:A
22:30077725:T:C
22:30079213:T:C
22:30080517:G:A
22:30081250:C:A
22:30081715:G:A
22:30082921:G:T
22:30083426:T:G
22:30083539:G:A
22:30084739:A:T
22:30085655:C:G
22:30086144:C:T
22:30088039:T:G
22:30088183:C:T
22:30088257:C:T
22:30088442:T:C
22:30088671:T:C
22:30089511:C:G
22:30089669:G:C
22:30091145:T:C
22:30091999:C:T
22:30092695:A:G
22:30094065:G:A
22:30095366:T:C
22:30096874:G:T
22:30097039:C:G
22:30101878:T:G
22:30103476:G:A
22:30104909:C:T
22:30105298:C:G
22:30106659:A:G
22:30111302:A:G
22:30111558:C:T
22:30111624:C:T
22:30112070:C:G
22:30112226:C:T
22:30112364:T:C
22:30117454:C:T
22:30119954:T:G
22:30120121:C:T
22:30120950:G:C
22:30121062:G:A
22:30121285:G:A
22:30121454:C:T
22:30121455:G:C
22:30121577:A:T
22:30121648:G:A
22:30121678:G:A
22:30122279:C:T
22:30123010:G:A
22:30124369:C:T
22:30124450:C:T
22:30124614:A:T
22:30124833:T:C
22:30124968:C:T
22:30125620:G:A
22:30126644:T:C
22:30128240:C:T
22:30128380:C:T
22:30128443:T:C
22:30130115:A:T
22:30130313:A:G
22:30130516:C:A
22:30131148:G:A
22:30131570:A:G
22:30131897:G:A
22:30133430:T:A
22:30133579:C:T
22:30133881:C:T
22:30135806:G:A
22:30137262:G:A
22:30138149:A:T
22:30138548:T:C
22:30138689:C:T
22:30138908:C:G
22:30143206:G:A
22:30143240:C:T
22:30143693:G:C
22:30145591:C:T
22:30145717:G:T
22:30146507:G:A
22:30147038:T:C
22:30147210:G:A
22:30147861:A:G
22:30147938:C:G
22:30149144:C:T
22:30149896:C:T
22:30149961:C:T
22:30150140:T:C
22:30150320:G:A
22:30150549:C:T
22:30150937:C:T
22:30151582:A:G
22:30152522:G:C
22:30153655:A:G
22:30153721:T:C
22:30154101:C:A
22:30155113:A:G
22:30155251:G:C
22:30156608:A:C
22:30157940:T:C
22:30158351:C:T
22:30158463:C:T
22:30161133:C:G
22:30161278:T:A
22:30163332:G:A
22:30163526:A:G
22:30163835:C:G
22:30164511:T:C
22:30166630:G:A
22:30167343:C:A
22:30173109:G:C
22:30173177:T:C
22:30174229:A:G
22:30178305:C:T
22:30180001:A:G
22:30180911:A:G
22:30184599:G:A
22:30184950:A:G
22:30185613:C:T
22:30185719:C:G
22:30185889:A:T
22:30186139:C:T
22:30188084:C:T
22:30188245:T:G
22:30188741:C:T
22:30193548:A:T
22:30196264:T:C
22:30199926:C:T
22:30200099:A:G
22:30200362:C:G
22:30200399:A:G
22:30200893:G:C
22:30200936:T:C
22:30201381:C:T
22:30202079:G:A
22:30202774:G:C
22:30202984:T:C
22:30203833:G:A
22:30205937:G:A
22:30206291:C:A
22:30207039:T:C
22:30208608:G:A
22:30210356:G:A
22:30211512:A:G
22:30211876:A:G
22:30212194:C:G
22:30212366:C:T
22:30212986:C:T
22:30213972:T:G
22:30214704:G:C
22:30215718:G:A
22:30216982:C:A
22:30217827:A:T
22:30217992:C:T
22:30218213:C:A
22:30219326:C:T
22:30219415:G:A
22:30221826:T:A
22:30229399:C:G
22:30229954:T:C
22:30229967:A:T
22:30232024:G:A
22:30232843:C:T
22:30232902:G:A
22:30233446:A:G
22:30233608:C:G
22:30233679:G:A
22:30234045:G:A
22:30236243:G:T
22:30236331:A:T
22:30237362:A:T
22:30238317:A:T
22:30240176:C:T
22:30240575:C:A
22:30240778:C:T
22:30241061:A:G
22:30244835:A:T
22:30244949:C:T
22:30245643:A:T
22:30249347:T:C
22:30249727:C:T
22:30250312:A:T
22:30251180:A:G
22:30251472:C:T
22:30251815:C:T
22:30252401:T:C
22:30253256:G:T
22:30258357:A:G
22:30259342:T:C
22:30260809:A:C
22:30263671:T:C
22:30269431:T:G
22:30269773:A:G
22:30271962:A:T
22:30272481:A:G
22:30273725:G:A
22:30274324:C:T
22:30274335:C:G
22:30275091:C:T
22:30277066:G:C
22:30279365:C:T
22:30281962:C:G
22:30283504:T:C
22:30283750:G:A
22:30283999:C:T
22:30285770:A:C
22:30288338:A:T
22:30288339:A:T
22:30288398:A:T
22:30288625:A:G
22:30289819:A:C
22:30290633:A:G
22:30292724:A:G
22:30293559:G:A
22:30294173:A:G
22:30294744:T:C
22:30295561:C:G
22:30296222:C:T
22:30297546:A:G
22:30298186:A:G
22:30300112:C:G
22:30300548:C:T
22:30300579:T:C
22:30300586:C:G
22:30302153:G:A
22:30302164:A:G
22:30303066:A:G
22:30304234:C:T
22:30307558:A:T
22:30307614:A:G
22:30308180:T:G
22:30308780:G:C
22:30309155:T:C
22:30310821:T:C
22:30312091:A:G
22:30314092:T:G
22:30314834:T:A
22:30315416:G:T
22:30319749:T:C
22:30320657:A:G
22:30323090:G:A
22:30326102:A:G
22:30328070:T:C
22:30328763:G:A
22:30331290:A:G
22:30334382:C:T
22:30335269:A:G
22:30336406:A:C
22:30337120:G:A
22:30337392:A:G
22:30337445:A:G
22:30337586:T:C
22:30339729:T:C
22:30340034:G:C
22:30340138:C:A
22:30340356:A:T
22:30340410:A:T
22:30341260:G:T
22:30342381:G:C
22:30343477:C:T
22:30344171:T:C
22:30344457:T:G
22:30345792:A:G
22:30348652:A:T
22:30349013:C:G
22:30350532:T:C
22:30351571:G:A
22:30353252:A:T
22:30354410:A:G
22:30354972:G:A
22:30355676:G:A
22:30356418:G:A
22:30356557:A:G
22:30357801:A:G
22:30358745:G:A
22:30358856:C:T
22:30360591:G:A
22:30360602:A:C
22:30360804:G:A
22:30360988:A:C
22:30361126:A:T
22:30361385:C:T
22:30361881:G:A
22:30363437:C:T
22:30363448:G:T
22:30364224:T:C
22:30364261:T:C
22:30365075:C:A
22:30365184:C:T
22:30366947:C:G
22:30367014:A:T
22:30367490:C:T
22:30367857:T:C
22:30368384:T:G
22:30371350:A:G
22:30371651:G:A
22:30374281:T:C
22:30374621:T:A
22:30375534:A:G
22:30376001:C:A
22:30376014:C:T
22:30376537:G:A
22:30376919:T:G
22:30377002:A:G
22:30377313:A:C
22:30379861:A:C
22:30380528:T:C
22:30383262:G:C
22:30383307:T:G
22:30383616:A:C
22:30383758:C:G
22:30384044:C:T
22:30384104:T:A
22:30384572:G:A
22:30385004:T:C
22:30386358:C:T
22:30386385:A:G
22:30387160:C:T
22:30388302:G:A
22:30388601:C:T
22:30388706:A:G
22:30388758:T:G
22:30389156:A:T
22:30389400:G:T
22:30389846:C:T
22:30390654:C:A
22:30390776:G:A
22:30390990:T:C
22:30391281:G:A
22:30393503:C:G
22:30393544:C:G
22:30393826:C:T
22:30394623:T:C
22:30396557:A:T
22:30398078:T:C
22:30398273:A:G
22:30398444:G:A
22:30399000:A:G
22:30399417:G:A
22:30400381:T:C
22:30400701:G:A
22:30401656:C:A
22:30401763:C:T
22:30403996:C:T
22:30404547:A:C
22:30404653:T:C
22:30405151:T:C
22:30407364:G:A
22:30407388:C:G
22:30408710:C:T
22:30412465:T:C
22:30413339:C:T
22:30413877:T:C
22:30414340:C:T
22:30418161:A:C
22:30421066:A:G
22:30422107:C:G
22:30422865:T:C
22:30423460:C:T
22:30423744:G:A
22:30424863:C:G
22:30426069:C:T
22:30429115:A:G
22:30432137:T:C
22:30432403:C:A
22:30432631:C:G
22:30433822:G:A
22:30434123:C:T
22:30437658:C:G
22:30438216:T:C
22:30440533:G:A
22:30441219:G:A
22:30441677:A:G
22:30443297:G:A
22:30447305:A:G
22:30448399:A:G
22:30448524:A:G
22:30450492:T:C
22:30450521:G:A
22:30450660:C:T
22:30454808:C:G
22:30455378:G:A
22:30458414:G:A
22:30460247:A:G
22:30460434:G:T
22:30460969:G:C
22:30461259:C:T
22:30466570:A:C
22:30466718:C:G
22:30467766:C:T
22:30468236:A:T
22:30470925:A:T
22:30471679:G:C
22:30472254:G:A
22:30473999:T:C
22:30474216:C:T
22:30477589:T:C
22:30481429:C:T
22:30481858:C:T
22:30485082:A:G
22:30486826:A:G
22:30488207:G:A
22:30488627:G:A
22:30491512:G:A
22:30492300:A:G
22:30493882:G:A
22:30493918:A:G
22:30494371:G:A
22:30494642:T:C
22:30498550:G:A
22:30500958:G:T
22:30501486:T:A
22:30503007:G:T
22:30503171:G:A
22:30503212:A:G
22:30503253:A:T
22:30504111:C:T
22:30504207:A:G
22:30504652:A:G
22:30508275:C:G
22:30510249:A:G
22:30512128:G:C
22:30512246:A:G
22:30512258:G:A
22:30512414:C:G
22:30512478:G:A
22:30512918:G:A
22:30514480:G:A
22:30515049:T:C
22:30516927:G:A
22:30517325:G:A
22:30518502:A:T
22:30518709:G:A
22:30518828:G:C
22:30519068:T:A
22:30519152:T:C
22:30519414:G:A
22:30521770:A:G
22:30522459:T:G
22:30524248:C:T
22:30524868:A:G
22:30528221:T:C
22:30529631:C:A
22:30529741:G:A
22:30529960:T:G
22:30531091:C:T
22:30532673:C:T
22:30533065:A:G
22:30533409:A:G
22:30533929:A:G
22:30534161:G:A
22:30536056:T:G
22:30537526:T:C
22:30537818:C:T
22:30538398:T:C
22:30539427:T:C
22:30539821:C:T
22:30540590:T:C
22:30541670:G:A
22:30542157:T:C
22:30543503:T:A
22:30544516:G:A
22:30545149:A:G
22:30546245:C:T
22:30548622:G:A
22:30549032:T:C
22:30549071:A:C
22:30550010:A:G
22:30550930:G:A
22:30552511:G:A
22:30552695:A:G
22:30554204:A:G
22:30555216:G:A
22:30556101:G:T
22:30556845:T:C
22:30557278:T:C
22:30557281:C:T
22:30557939:G:T
22:30562239:C:A
22:30562384:A:G
22:30562644:T:C
22:30562987:A:C
22:30563301:C:T
22:30563343:G:A
22:30563720:A:T
22:30566694:G:A
22:30567730:A:C
22:30567907:C:G
22:30567958:G:A
22:30569891:A:G
22:30570022:A:G
22:30570443:C:G
22:30572736:G:A
22:30573552:T:C
22:30575163:A:G
22:30575749:T:C
22:30575812:C:T
22:30577589:A:G
22:30577771:A:G
22:30580161:T:C
22:30580252:A:G
22:30581722:C:T
22:30581859:A:T
22:30581860:A:T
22:30584491:C:G
22:30588543:G:A
22:30590015:A:G
22:30590026:T:C
22:30590222:G:A
22:30591797:T:A
22:30591798:C:A
22:30592842:C:T
22:30595629:A:C
22:30597880:A:G
22:30598516:T:G
22:30598552:C:G
22:30599570:A:G
22:30599596:G:A
22:30600105:G:C
22:30601243:G:A
22:30602659:T:A
22:30604102:G:A
22:30605539:A:G
22:30605601:A:G
22:30606564:G:A
22:30606927:A:G
22:30606986:C:T
22:30607673:T:C
22:30609096:G:A
22:30610570:C:T
22:30610731:C:T
22:30610776:G:A
22:30613841:C:T
22:30614437:G:A
22:30615511:C:T
22:30615838:A:G
22:30616925:T:A
22:30617191:C:T
22:30617585:T:C
22:30618600:C:T
22:30618648:T:C
22:30618706:T:A
22:30619174:T:G
22:30619599:G:A
22:30619983:G:A
22:30620360:G:A
22:30620627:A:G
22:30620891:G:A
22:30636331:A:C
22:30636706:C:T
22:30638226:T:G
22:30638292:C:G
22:30638721:G:A
22:30639110:C:A
22:30640214:G:A
22:30640595:G:A
22:30643609:C:G
22:30644688:C:T
22:30644695:C:T
22:30644826:C:G
22:30646126:G:T
22:30646148:C:G
22:30647657:T:C
22:30648502:G:A
22:30652447:C:A
22:30654464:G:T
22:30655595:T:C
22:30655692:G:A
22:30656268:C:T
22:30658082:T:C
22:30658722:C:T
22:30659566:G:A
22:30660517:A:C
22:30660521:C:T
22:30664920:G:A
22:30668308:G:A
22:30669883:G:A
22:30669993:C:T
22:30670091:G:T
22:30672420:G:A
22:30673916:C:T
22:30674176:A:G
22:30675073:C:T
22:30675218:C:T
22:30675923:A:C
22:30678116:C:G
22:30678530:A:G
22:30679303:T:C
22:30683285:C:G
22:30685076:G:T
22:30685364:G:A
22:30686254:T:C
22:30687066:C:A
22:30688985:C:T
22:30689998:G:A
22:30690399:G:A
22:30691419:A:G
22:30691631:G:A
22:30696744:C:A
22:30699128:C:G
22:30700607:T:G
22:30700924:C:T
22:30705707:C:T
22:30707697:A:C
22:30711624:C:T
22:30712389:G:A
22:30717739:T:C
22:30721000:T:G
22:30721701:T:G
22:30725274:A:G
22:30725302:T:C
22:30728884:A:G
22:30729507:G:A
22:30730711:A:G
22:30731066:T:C
22:30731387:C:G
22:30733111:C:A
22:30733296:G:A
22:30733418:T:C
22:30733914:C:A
22:30734602:C:T
22:30734716:C:T
22:30736147:G:A
22:30736559:G:A
22:30737001:C:T
22:30738003:T:C
22:30738161:C:T
22:30740148:T:C
22:30741888:T:C
22:30741924:G:C
22:30742623:T:G
22:30743401:A:G
22:30744444:G:C
22:30744504:T:C
22:30744626:T:A
22:30744658:A:G
22:30745221:C:T
22:30748274:A:C
22:30748403:A:G
22:30750907:G:A
22:30752341:A:C
22:30752696:G:T
22:30752942:C:A
22:30753985:A:G
22:30755168:C:A
22:30755172:A:C
22:30758236:C:T
22:30758363:G:A
22:30759603:G:A
22:30761237:C:T
22:30761607:G:A
22:30761940:G:C
22:30762140:G:A
22:30763381:C:T
22:30764453:G:A
22:30764626:C:T
22:30764664:T:C
22:30765249:T:G
22:30765502:G:A
22:30765768:G:A
22:30765897:G:A
22:30766179:C:T
22:30767339:A:T
22:30767536:T:G
22:30767729:A:G
22:30767781:C:T
22:30768777:G:A
22:30768995:G:T
22:30769901:G:C
22:30769906:T:C
22:30771458:T:C
22:30771855:A:G
22:30772686:C:T
22:30772960:T:C
22:30773731:C:A
22:30774653:C:T
22:30775675:G:A
22:30776095:C:T
22:30776419:T:C
22:30776850:T:G
22:30777529:G:A
22:30777881:T:C
22:30777888:T:C
22:30778459:A:G
22:30778530:T:C
22:30779211:T:C
22:30779322:G:A
22:30780724:T:C
22:30780889:C:A
22:30782089:A:G
22:30782731:G:A
22:30785421:G:A
22:30786948:A:G
22:30787190:T:C
22:30789287:T:C
22:30789649:C:T
22:30791827:G:A
22:30792914:C:G
22:30793137:G:A
22:30794719:C:T
22:30794950:A:C
22:30795215:A:G
22:30796422:G:T
22:30802029:C:G
22:30802444:C:T
22:30803289:G:C
22:30804862:G:A
22:30808561:G:A
22:30808752:T:C
22:30808761:A:G
22:30809342:G:A
22:30810387:T:C
22:30810945:G:A
22:30810954:A:C
22:30811112:G:A
22:30812549:C:G
22:30813323:A:G
22:30813424:C:T
22:30814727:G:T
22:30817370:A:T
22:30817631:C:G
22:30819628:T:C
22:30819758:G:A
22:30820077:C:G
22:30820550:C:T
22:30820707:A:G
22:30822461:C:G
22:30823065:G:A
22:30823113:T:G
22:30825532:A:G
22:30825696:A:C
22:30827165:T:C
22:30827451:C:T
22:30827805:T:C
22:30828233:A:G
22:30828928:T:C
22:30829005:C:G
22:30829572:A:G
22:30830312:A:T
22:30833372:T:C
22:30833690:T:G
22:30834250:A:G
22:30836392:G:C
22:30837511:A:T
22:30838441:G:T
22:30839346:T:C
22:30839459:A:C
22:30839978:C:G
22:30842095:T:A
22:30842320:C:T
22:30842514:G:A
22:30842638:T:C
22:30842735:G:C
22:30843495:G:A
22:30843809:G:C
22:30844119:C:T
22:30846235:C:A
22:30846623:A:G
22:30846644:G:T
22:30847313:A:G
22:30852781:G:C
22:30852900:T:C
22:30853515:A:G
22:30853882:T:C
22:30854360:A:G
22:30854547:A:C
22:30854634:C:G
22:30854663:G:A
22:30855674:C:T
22:30855697:C:T
22:30856413:G:T
22:30857077:T:C
22:30857373:A:C
22:30857448:A:G
22:30858570:G:T
22:30860830:C:T
22:30861640:C:T
22:30861662:G:A
22:30861723:C:T
22:30861855:T:C
22:30861931:C:T
22:30862146:C:A
22:30862400:T:A
22:30862631:G:T
22:30862763:C:T
22:30862839:A:G
22:30863163:C:T
22:30863346:T:A
22:30863502:G:T
22:30863514:G:A
22:30863764:A:C
22:30863846:A:G
22:30864610:A:G
22:30864692:G:A
22:30864792:C:T
22:30864817:A:G
22:30864897:A:T
22:30865337:G:A
22:30865476:A:C
22:30865479:C:T
22:30865813:A:C
22:30865844:C:T
22:30866380:T:C
22:30868102:T:C
22:30869724:C:T
22:30872174:T:C
22:30874561:A:G
22:30874854:A:G
22:30875455:A:T
22:30875517:C:T
22:30876835:A:G
22:30876892:T:C
22:30877309:G:A
22:30877936:G:A
22:30878595:G:A
22:30878664:T:C
22:30879182:G:A
22:30879218:G:A
22:30879710:G:C
22:30881245:G:A
22:30881448:G:A
22:30881651:A:G
22:30883002:C:A
22:30883196:G:C
22:30883382:C:T
22:30884427:C:T
22:30884831:C:T
22:30885100:G:A
22:30885980:G:A
22:30886388:C:G
22:30886577:C:T
22:30886886:G:A
22:30888494:C:T
22:30888527:C:T
22:30888589:G:A
22:30888959:T:C
22:30889139:G:C
22:30891250:T:C
22:30891294:G:C
22:30891859:A:G
22:30892255:A:G
22:30892555:C:A
22:30898409:C:T
22:30900128:C:T
22:30901592:T:C
22:30902743:A:G
22:30903359:G:A
22:30906008:G:A
22:30906194:A:G
22:30907168:G:A
22:30909767:G:A
22:30909933:G:C
22:30910148:G:A
22:30910625:G:A
22:30911996:C:T
22:30912328:C:G
22:30912889:A:G
22:30914473:G:T
22:30915758:G:C
22:30915804:A:G
22:30916380:C:A
22:30916443:C:T
22:30916518:C:T
22:30916877:A:G
22:30917077:T:C
22:30917091:T:C
22:30918107:A:G
22:30918825:A:G
22:30919443:C:G
22:30922544:T:C
22:30923053:G:C
22:30923063:A:C
22:30924910:C:G
22:30925492:G:C
22:30926473:G:A
22:30927975:C:T
22:30929240:T:C
22:30929310:A:G
22:30929905:A:G
22:30930080:T:A
22:30930158:T:C
22:30932673:T:C
22:30933561:A:G
22:30933600:G:C
22:30934051:A:G
22:30934816:T:C
22:30934887:G:A
22:30935429:C:G
22:30936227:G:A
22:30937307:A:G
22:30948752:C:T
22:30949820:A:G
22:30950360:T:C
22:30952396:C:T
22:30960412:T:C
22:30960754:C:G
22:30965757:T:C
22:30967184:A:G
22:30970972:A:C
22:30975513:C:T
22:30979432:G:A
22:30983709:A:C
22:30983739:A:G
22:30985646:G:A
22:30986172:A:G
22:30986350:T:C
22:30987933:T:A
22:30987960:C:T
22:30988382:G:A
22:30988433:T:C
22:30989061:T:A
22:30989918:G:C
22:30991139:G:T
22:30991608:A:G
22:30992021:G:A
22:30992262:T:G
22:30992617:A:G
22:30992651:A:G
22:30992672:A:G
22:30992918:A:G
22:30995356:A:G
22:31001106:A:C
22:31001822:A:G
22:31001988:T:A
22:31003069:C:T
22:31003138:A:G
22:31003561:A:G
22:31004127:G:A
22:31004188:G:C
22:31004626:G:C
22:31005018:A:G
22:31006860:A:G
22:31007919:A:G
22:31009118:T:A
22:31009752:T:C
22:31009820:G:C
22:31009839:C:T
22:31010242:G:C
22:31010556:C:G
22:31010649:T:C
22:31010997:C:T
22:31011280:A:C
22:31011557:T:C
22:31011610:G:C
22:31011882:A:T
22:31011906:C:T
22:31011923:T:C
22:31013296:G:A
22:31013419:C:T
22:31013549:G:A
22:31015562:G:A
22:31015573:C:A
22:31016539:T:G
22:31016983:T:G
22:31017322:A:G
22:31017343:T:C
22:31017398:T:C
22:31017403:C:T
22:31017457:G:A
22:31017777:T:C
22:31018561:T:G
22:31018646:C:T
22:31018777:G:A
22:31018817:C:T
22:31018884:G:C
22:31019235:A:C
22:31022272:G:A
22:31022301:G:A
22:31022733:A:T
22:31022952:C:T
22:31023191:A:G
22:31023893:C:T
22:31023921:T:C
22:31024094:C:T
22:31024547:T:A
22:31024553:C:G
22:31024680:C:T
22:31024934:C:T
22:31025412:C:T
22:31025421:A:G
22:31030213:C:T
22:31030469:A:T
22:31030528:T:C
22:31030592:G:A
22:31030781:C:T
22:31031418:G:T
22:31032309:C:T
22:31032920:A:G
22:31037162:G:C
22:31037370:T:C
22:31039519:T:C
22:31039881:C:T
22:31039919:G:C
22:31042352:G:A
22:31042490:G:A
22:31043484:A:G
22:31044831:A:G
22:31045645:C:T
22:31046587:T:C
22:31049070:C:A
22:31049933:G:A
22:31050715:C:A
22:31052375:A:G
22:31058115:G:A
22:31058818:A:G
22:31059250:T:G
22:31060982:A:G
22:31061152:A:G
22:31061283:C:T
22:31061869:T:C
22:31062030:T:C
22:31063832:G:A
22:31064020:A:G
22:31065067:C:T
22:31065332:C:G
22:31066406:T:C
22:31067243:C:T
22:31067582:C:G
22:31068814:C:T
22:31070493:C:T
22:31071354:T:C
22:31074094:G:C
22:31075719:T:C
22:31076490:C:T
22:31078341:C:A
22:31078457:A:G
22:31086472:G:A
22:31091139:A:G
22:31091633:A:C
22:31091934:G:C
22:31092425:T:A
22:31099927:C:T
22:31101085:A:G
22:31101646:T:C
22:31105269:A:C
22:31108151:T:C
22:31108224:C:A
22:31108617:G:T
22:31109918:C:T
22:31113004:A:G
22:31113433:G:A
22:31113664:C:G
22:31116394:A:G
22:31116693:G:A
22:31116753:C:T
22:31117495:T:C
22:31118395:C:A
22:31119818:G:A
22:31120034:C:A
22:31121646:G:A
22:31123106:T:C
22:31123229:G:A
22:31123292:C:T
22:31125214:C:T
22:31128763:A:G
22:31130537:G:A
22:31134390:A:G
22:31138869:G:A
22:31139318:G:A
22:31139653:G:A
22:31141239:G:A
22:31144707:A:C
22:31148727:A:G
22:31151319:A:C
22:31151535:T:C
22:31153162:A:G
22:31153276:G:A
22:31154138:G:C
22:31156296:G:A
22:31158089:T:C
22:31159042:C:T
22:31160539:A:C
22:31164856:C:T
22:31164993:G:A
22:31167705:C:T
22:31168315:G:A
22:31169336:T:C
22:31169761:T:G
22:31171120:A:C
22:31171274:A:G
22:31172458:C:T
22:31174383:T:C
22:31175525:C:A
22:31176281:C:T
22:31176471:A:G
22:31177357:C:A
22:31180429:A:T
22:31182314:T:G
22:31186297:G:C
22:31187948:T:G
22:31188321:A:T
22:31189795:T:C
22:31192023:C:T
22:31192486:T:A
22:31193079:T:C
22:31193100:T:A
22:31193188:G:A
22:31193196:C:T
22:31194038:A:G
22:31194306:T:A
22:31195775:C:T
22:31195941:A:T
22:31196485:C:T
22:31197050:T:G
22:31197090:T:A
22:31197378:G:A
22:31197791:T:A
22:31197806:A:C
22:31197863:T:C
22:31198632:C:T
22:31198848:G:A
22:31200051:C:T
22:31200199:G:C
22:31201034:C:T
22:31204628:T:A
22:31205334:T:C
22:31205644:A:C
22:31206047:G:A
22:31206395:T:C
22:31206423:G:T
22:31206552:A:T
22:31208444:C:T
22:31208544:G:A
22:31209083:T:G
22:31209502:C:T
22:31209955:A:G
22:31210758:C:A
22:31212072:C:G
22:31212410:A:G
22:31212641:C:T
22:31213097:C:T
22:31214382:A:G
22:31214572:T:C
22:31215806:T:C
22:31215815:A:G
22:31215890:T:G
22:31216054:C:T
22:31216506:T:C
22:31216631:G:A
22:31218133:G:A
22:31219223:G:A
22:31219869:T:C
22:31220791:G:A
22:31220817:G:A
22:31223456:C:T
22:31224575:G:A
22:31225292:T:C
22:31227134:C:G
22:31227373:A:G
22:31227728:C:T
22:31227753:T:C
22:31227901:T:C
22:31227932:T:C
22:31228584:T:C
22:31232074:T:C
22:31233347:C:A
22:31234009:C:T
22:31243264:G:C
22:31245745:A:G
22:31246452:G:C
22:31247821:T:C
22:31249333:C:T
22:31249602:G:C
22:31252038:T:C
22:31252771:A:T
22:31253230:A:G
22:31254954:T:C
22:31255029:G:T
22:31255176:G:T
22:31255456:C:T
22:31256066:G:T
22:31256367:G:A
22:31256450:C:G
22:31256498:A:G
22:31256584:A:G
22:31256668:G:A
22:31256713:C:T
22:31256733:C:A
22:31256766:G:T
22:31256767:T:C
22:31259169:C:G
22:31259530:C:T
22:31259658:C:T
22:31260328:G:A
22:31260807:C:A
22:31261107:G:A
22:31261756:C:T
22:31262421:G:A
22:31263287:T:G
22:31264281:A:G
22:31265735:G:A
22:31265848:T:C
22:31265851:C:T
22:31266546:T:C
22:31266830:T:C
22:31268091:T:C
22:31269579:A:T
22:31273284:T:A
22:31279536:A:G
22:31282893:C:T
22:31283719:C:G
22:31283979:C:T
22:31285680:G:A
22:31285967:G:C
22:31287711:G:A
22:31288135:G:A
22:31288769:G:A
22:31290637:A:G
22:31293700:G:A
22:31295082:C:T
22:31298208:A:C
22:31300600:C:T
22:31302125:C:G
22:31304201:G:A
22:31305208:A:C
22:31307808:G:A
22:31308108:A:T
22:31308109:A:T
22:31310946:C:T
22:31312770:G:C
22:31312784:A:T
22:31313631:A:G
22:31315062:G:A
22:31321847:C:A
22:31321948:G:A
22:31323900:G:C
22:31329056:G:C
22:31329882:A:G
22:31329954:A:G
22:31333631:T:C
22:31334518:G:A
22:31335724:T:A
22:31336149:G:A
22:31338470:T:C
22:31339897:G:A
22:31340299:A:G
22:31340625:C:A
22:31342376:G:C
22:31346752:A:G
22:31347926:C:T
22:31348957:T:C
22:31349425:T:C
22:31349698:C:G
22:31350760:A:G
22:31350765:G:T
22:31353670:C:T
22:31353825:T:G
22:31354653:G:A
22:31355354:G:A
22:31355635:A:C
22:31357391:G:T
22:31358868:T:C
22:31360592:G:A
22:31362139:C:T
22:31368096:A:T
22:31369324:G:A
22:31369789:C:G
22:31376009:C:G
22:31377628:A:G
22:31378447:G:A
22:31380244:C:T
22:31382766:G:C
22:31386212:G:A
22:31388971:G:A
22:31390187:T:C
22:31391386:T:C
22:31395825:T:C
22:31398736:G:A
22:31402043:G:A
22:31402046:G:T
22:31404324:T:C
22:31405191:T:C
22:31411404:A:G
22:31413480:G:A
22:31414666:T:C
22:31415586:A:G
22:31415931:C:T
22:31416473:G:A
22:31420019:T:C
22:31425330:G:T
22:31425998:G:A
22:31427491:C:T
22:31428853:C:T
22:31432139:A:T
22:31432389:T:C
22:31432613:C:T
22:31433519:T:C
22:31434703:G:T
22:31434893:C:A
22:31435162:A:G
22:31435338:C:T
22:31435487:C:T
22:31435945:A:G
22:31436494:C:T
22:31436608:C:T
22:31436822:C:T
22:31437392:G:A
22:31439650:G:A
22:31441287:T:G
22:31441741:G:A
22:31442308:G:A
22:31443367:C:G
22:31445014:C:T
22:31445946:G:A
22:31446233:G:C
22:31447006:T:C
22:31449150:G:A
22:31449761:G:A
22:31450987:G:A
22:31451457:C:G
22:31453321:C:T
22:31456006:C:T
22:31456833:C:T
22:31456863:A:G
22:31459255:A:G
22:31470437:G:A
22:31470622:A:G
22:31470842:T:C
22:31474554:C:T
22:31475307:G:A
22:31476852:G:A
22:31477361:G:C
22:31480069:G:T
22:31481654:C:T
22:31481794:C:G
22:31481922:G:C
22:31482568:G:A
22:31482701:A:G
22:31486911:C:G
22:31490729:A:G
22:31491163:T:G
22:31491332:C:T
22:31492034:T:C
22:31492482:C:T
22:31492517:A:C
22:31495443:G:T
22:31497110:G:T
22:31497879:C:T
22:31499518:A:G
22:31499684:A:T
22:31500536:G:A
22:31500671:G:T
22:31501788:T:C
22:31501833:C:T
22:31502732:A:G
22:31504129:A:G
22:31506761:A:G
22:31508966:A:G
22:31509037:A:G
22:31511170:T:A
22:31511391:G:A
22:31512149:G:A
22:31514348:A:G
22:31514409:G:C
22:31514477:T:C
22:31516869:C:T
22:31517434:C:T
22:31518824:A:T
22:31519847:A:T
22:31520472:G:A
22:31521404:G:A
22:31521850:A:C
22:31522064:G:A
22:31526644:G:A
22:31526811:T:C
22:31528932:A:T
22:31529043:C:A
22:31529463:C:A
22:31529772:C:T
22:31530730:C:T
22:31531133:C:A
22:31531150:C:T
22:31532568:G:C
22:31532608:G:A
22:31532960:C:T
22:31533796:G:C
22:31535872:G:C
22:31535995:C:G
22:31536133:A:C
22:31537122:A:G
22:31537342:T:G
22:31537533:A:G
22:31538002:C:T
22:31538473:C:T
22:31539189:G:A
22:31539614:T:A
22:31539733:A:G
22:31543197:G:A
22:31543260:G:A
22:31545391:T:G
22:31545771:A:T
22:31546951:G:A
22:31547117:C:T
22:31549581:A:G
22:31551160:C:T
22:31553354:A:T
22:31553561:T:C
22:31556103:A:G
22:31556759:C:G
22:31558158:C:T
22:31558549:C:T
22:31559255:G:A
22:31561718:A:G
22:31563555:A:C
22:31564334:C:T
22:31567023:A:G
22:31572963:A:C
22:31574213:A:G
22:31574848:A:G
22:31575290:A:G
22:31575346:C:T
22:31575576:T:C
22:31581046:T:C
22:31581166:A:G
22:31581561:T:C
22:31581773:C:T
22:31582264:T:A
22:31582662:A:G
22:31582723:G:A
22:31582869:T:C
22:31583007:A:G
22:31583591:T:C
22:31584272:G:A
22:31584516:G:A
22:31586248:G:A
22:31587155:C:G
22:31587158:T:C
22:31587191:T:C
22:31587218:T:C
22:31589056:T:C
22:31590427:A:C
22:31591228:G:A
22:31592154:T:C
22:31592698:T:A
22:31593710:T:G
22:31593959:C:A
22:31595252:C:T
22:31595747:A:T
22:31596648:G:C
22:31598367:C:T
22:31599088:A:C
22:31599664:G:A
22:31603276:A:G
22:31603741:C:T
22:31604122:G:T
22:31604417:C:T
22:31605847:T:C
22:31607834:G:C
22:31610200:C:A
22:31611549:A:G
22:31614822:C:T
22:31615029:G:A
22:31616169:G:A
22:31616301:A:G
22:31616564:C:T
22:31617361:A:G
22:31618958:A:G
22:31620563:A:G
22:31621373:G:A
22:31621792:G:A
22:31623442:A:G
22:31629278:G:A
22:31629465:A:T
22:31630896:G:T
22:31634775:G:A
22:31634791:C:T
22:31636064:C:T
22:31638027:T:C
22:31638448:G:A
22:31638859:G:A
22:31638912:A:T
22:31639207:C:T
22:31639509:G:T
22:31643480:T:G
22:31644614:C:T
22:31644964:G:A
22:31645759:C:T
22:31646222:T:C
22:31646448:G:A
22:31646653:C:T
22:31647094:A:G
22:31647332:T:A
22:31647334:C:A
22:31649632:C:T
22:31650595:T:A
22:31652852:G:A
22:31654823:C:T
22:31656265:C:T
22:31658281:A:G
22:31659101:G:C
22:31659495:T:C
22:31659673:T:A
22:31659827:C:G
22:31661725:G:T
22:31663842:C:G
22:31663985:C:T
22:31664032:C:T
22:31664697:T:C
22:31665909:C:A
22:31666026:A:G
22:31668794:C:T
22:31671672:C:G
22:31671882:C:T
22:31671932:G:T
22:31673450:A:G
22:31673859:C:T
22:31674200:G:A
22:31674553:G:A
22:31675185:A:C
22:31676454:T:C
22:31676992:A:G
22:31677130:C:G
22:31679110:G:C
22:31679449:C:T
22:31679546:G:A
22:31679741:T:C
22:31680240:G:T
22:31680624:G:A
22:31681062:A:G
22:31681150:G:A
22:31681449:G:T
22:31681649:C:A
22:31682448:C:T
22:31683711:C:A
22:31685129:C:T
22:31685256:C:G
22:31685458:G:A
22:31690528:T:A
22:31691743:T:C
22:31694900:C:A
22:31695137:G:A
22:31695485:A:G
22:31696278:G:C
22:31696615:A:G
22:31697287:A:G
22:31697407:A:G
22:31697842:C:T
22:31698166:C:T
22:31698860:G:C
22:31700508:A:G
22:31703959:G:T
22:31704172:A:G
22:31704378:T:C
22:31704492:A:G
22:31704539:C:T
22:31704572:C:A
22:31705490:C:G
22:31709393:C:G
22:31712032:A:C
22:31715459:C:T
22:31717799:T:G
22:31719032:T:C
22:31719739:G:A
22:31719968:T:C
22:31721083:G:C
22:31721347:A:G
22:31722193:C:T
22:31722886:T:G
22:31725634:C:G
22:31727184:G:A
22:31729177:T:C
22:31730044:C:T
22:31730045:A:G
22:31730169:C:T
22:31730189:A:C
22:31735212:A:G
22:31738424:A:G
22:31738609:C:G
22:31738754:A:G
22:31741067:G:A
22:31744072:G:A
22:31744721:T:C
22:31746719:C:G
22:31747831:G:A
22:31747927:C:T
22:31748415:G:A
22:31748419:T:A
22:31750013:T:C
22:31753032:G:A
22:31753849:G:A
22:31754044:C:T
22:31754893:A:T
22:31756127:T:C
22:31756641:G:A
22:31757735:C:T
22:31760250:T:C
22:31763578:C:T
22:31763825:T:G
22:31769775:G:A
22:31771182:C:G
22:31771668:C:T
22:31773573:C:G
22:31783906:T:A
22:31785969:G:A
22:31787472:C:T
22:31789669:C:T
22:31790289:G:A
22:31792292:C:T
22:31795922:C:G
22:31798259:G:T
22:31802710:A:C
22:31807375:G:A
22:31809152:G:A
22:31811724:C:T
22:31811876:G:C
22:31812462:G:A
22:31816737:A:G
22:31816742:G:C
22:31821719:G:A
22:31826150:G:C
22:31828027:T:C
22:31829500:G:A
22:31830351:T:C
22:31830421:T:C
22:31833759:G:A
22:31834200:A:G
22:31836486:T:C
22:31838085:G:A
22:31838518:C:T
22:31839950:T:C
22:31841091:A:G
22:31841749:T:A
22:31843567:G:C
22:31844293:A:C
22:31844373:A:C
22:31847850:C:G
22:31848944:A:G
22:31853225:T:C
22:31853371:A:C
22:31854370:A:G
22:31854846:T:C
22:31855954:T:C
22:31859859:A:G
22:31860322:A:G
22:31861846:G:A
22:31863022:A:C
22:31863097:C:T
22:31863125:T:C
22:31865683:T:C
22:31866781:G:A
22:31869467:A:C
22:31869892:T:C
22:31870400:C:T
22:31880749:C:T
22:31881169:A:G
22:31882785:G:A
22:31884033:C:T
22:31884405:T:C
22:31885980:T:C
22:31889566:T:C
22:31889844:G:A
22:31891784:T:G
22:31892121:G:C
22:31894310:C:G
22:31897571:C:T
22:31897795:T:C
22:31900359:C:A
22:31902695:C:A
22:31905703:G:A
22:31905819:T:G
22:31907985:G:A
22:31913271:G:A
22:31914399:A:G
22:31914697:C:T
22:31915817:T:C
22:31917415:A:G
22:31921968:T:C
22:31925073:G:A
22:31928890:T:G
22:31929480:T:C
22:31929654:C:T
22:31930567:C:T
22:31931666:G:C
22:31932107:C:T
22:31932212:C:G
22:31935347:G:A
22:31937414:C:T
22:31941032:C:T
22:31942770:G:A
22:31947948:G:A
22:31950005:C:T
22:31952045:A:G
22:31953962:T:C
22:31957077:A:G
22:31957752:G:A
22:31961713:G:A
22:31962076:G:A
22:31966274:T:C
22:31966313:A:C
22:31967775:A:G
22:31970054:T:G
22:31976999:T:G
22:31977594:G:A
22:31977874:T:C
22:31981916:C:T
22:31982241:C:G
22:31984933:T:C
22:31992227:G:A
22:31996625:A:C
22:31998612:G:A
22:31999127:G:A
22:31999223:G:A
22:32001037:C:T
22:32001050:G:A
22:32001835:C:A
22:32002294:T:C
22:32004588:G:A
22:32006408:T:C
22:32011225:T:C
22:32011929:T:C
22:32012634:C:T
22:32014719:C:T
22:32015162:C:T
22:32015406:T:C
22:32015450:T:G
22:32021836:C:T
22:32025318:A:G
22:32025913:T:C
22:32027449:G:A
22:32027876:G:A
22:32027922:A:G
22:32028721:A:C
22:32042345:G:C
22:32043630:G:A
22:32043835:A:G
22:32046022:G:A
22:32047398:A:G
22:32054026:A:C
22:32054415:C:T
22:32056486:A:C
22:32057501:G:T
22:32065807:G:A
22:32068917:G:A
22:32069433:G:A
22:32070158:A:G
22:32070751:A:G
22:32079303:T:C
22:32080244:G:A
22:32084334:A:C
22:32084552:A:G
22:32085465:C:A
22:32087698:G:A
22:32094046:C:T
22:32095499:G:C
22:32097775:T:C
22:32100550:C:T
22:32104168:G:C
22:32104667:T:C
22:32108824:T:A
22:32110163:G:A
22:32110943:G:A
22:32112461:T:C
22:32115569:G:T
22:32115650:G:C
22:32116383:G:A
22:32117100:C:A
22:32121626:G:C
22:32126563:T:C
22:32126763:T:C
22:32128271:G:A
22:32130277:T:C
22:32130682:C:G
22:32131022:T:G
22:32134214:A:C
22:32135812:G:A
22:32140934:C:A
22:32144879:C:T
22:32151214:A:G
22:32151704:T:C
22:32167271:G:A
22:32170124:G:A
22:32181259:C:A
22:32181937:G:A
22:32182708:A:T
22:32196181:G:T
22:32210300:G:A
22:32216139:G:C
22:32219628:G:A
22:32222476:C:G
22:32224673:G:A
22:32229649:G:A
22:32230185:G:A
22:32230916:G:A
22:32241947:G:C
22:32254057:A:G
22:32263131:C:T
22:32263162:T:C
22:32263837:C:G
22:32264531:C:T
22:32265903:T:G
22:32266157:A:T
22:32266546:A:T
22:32267042:A:G
22:32268400:A:G
22:32271932:C:T
22:32275353:T:C
22:32275789:G:A
22:32275852:G:A
22:32280610:C:T
22:32284677:G:A
22:32286367:C:T
22:32287788:C:G
22:32289919:A:G
22:32296000:G:A
22:32297296:T:C
22:32297322:G:A
22:32301770:G:A
22:32302730:C:T
22:32303780:G:A
22:32305971:T:C
22:32311619:A:G
22:32312842:T:C
22:32313727:G:A
22:32313933:C:T
22:32315735:C:T
22:32318631:A:G
22:32321670:G:A
22:32322384:T:C
22:32322414:A:C
22:32323511:T:G
22:32324140:C:T
22:32325460:G:A
22:32325582:A:G
22:32326238:G:A
22:32327794:A:G
22:32329263:A:G
22:32329293:G:A
22:32330565:C:T
22:32331594:A:G
22:32333063:A:T
22:32333499:G:T
22:32333783:G:C
22:32334021:T:A
22:32334203:C:T
22:32334229:A:C
22:32334295:C:G
22:32334601:C:G
22:32334626:G:A
22:32334686:G:A
22:32337262:G:A
22:32338005:A:C
22:32338186:T:C
22:32339213:T:C
22:32341092:A:G
22:32341141:T:C
22:32341669:A:G
22:32341684:C:T
22:32341790:C:T
22:32341957:A:G
22:32342976:G:A
22:32343847:T:C
22:32345964:T:C
22:32347308:T:C
22:32347771:A:C
22:32348239:G:A
22:32348313:T:C
22:32348513:A:G
22:32349063:T:C
22:32349543:C:T
22:32349612:C:T
22:32350807:C:T
22:32351105:C:G
22:32352791:G:A
22:32353894:G:T
22:32354621:T:C
22:32355005:C:T
22:32355455:T:C
22:32356150:T:G
22:32356474:A:T
22:32356873:C:T
22:32356959:G:A
22:32357360:T:C
22:32358588:A:G
22:32366359:C:T
22:32368343:G:A
22:32368864:A:G
22:32371492:G:A
22:32377324:A:G
22:32380164:C:G
22:32385298:A:G
22:32390134:G:A
22:32391510:T:C
22:32391904:A:G
22:32392612:G:C
22:32405055:T:C
22:32406333:G:A
22:32408491:C:T
22:32413524:G:C
22:32414129:A:G
22:32415163:T:C
22:32417247:A:G
22:32418552:G:A
22:32422747:C:T
22:32428280:A:T
22:32433269:A:C
22:32433824:G:A
22:32433947:A:G
22:32435409:G:C
22:32437340:G:A
22:32437950:G:C
22:32438354:T:G
22:32441956:T:A
22:32442776:A:G
22:32444217:A:G
22:32447811:T:C
22:32449042:C:G
22:32450362:C:T
22:32454357:T:A
22:32463610:G:A
22:32463875:G:A
22:32466012:T:C
22:32467651:T:C
22:32469384:T:A
22:32472459:T:C
22:32472930:C:A
22:32473177:T:C
22:32478195:T:G
22:32483228:T:C
22:32483350:A:T
22:32506906:C:T
22:32508004:T:C
22:32508445:C:T
22:32509089:G:T
22:32509440:G:A
22:32515421:T:A
22:32516261:C:T
22:32517431:T:C
22:32518102:A:G
22:32518130:C:T
22:32518486:G:A
22:32519194:C:T
22:32519836:G:A
22:32521203:C:T
22:32524906:G:A
22:32525184:G:A
22:32527503:T:C
22:32530256:A:C
22:32530848:A:G
22:32532231:A:G
22:32539375:C:T
22:32539582:G:C
22:32539704:A:C
22:32540564:A:T
22:32545152:T:C
22:32554860:G:A
22:32554985:A:G
22:32558547:C:A
22:32559651:G:A
22:32559835:A:G
22:32561230:C:T
22:32561588:A:G
22:32562081:A:G
22:32562473:C:T
22:32562519:G:A
22:32562972:T:C
22:32565036:T:G
22:32565654:T:C
22:32569263:T:C
22:32569624:T:C
22:32569772:C:T
22:32570107:T:C
22:32570873:C:G
22:32570876:C:T
22:32571022:C:T
22:32571940:C:T
22:32574215:T:A
22:32574274:A:G
22:32574514:T:C
22:32574527:A:G
22:32574752:A:G
22:32574760:T:C
22:32575149:G:A
22:32575171:A:T
22:32575214:A:G
22:32575256:A:T
22:32575456:T:G
22:32577275:C:G
22:32579039:T:A
22:32581555:A:C
22:32582110:T:C
22:32582347:A:G
22:32582654:G:A
22:32582815:T:G
22:32584501:T:A
22:32584586:T:C
22:32584598:G:A
22:32584638:C:T
22:32584659:A:G
22:32584710:G:C
22:32584751:T:G
22:32584826:T:C
22:32585347:T:C
22:32585850:C:A
22:32585977:C:T
22:32585990:C:T
22:32586130:T:C
22:32587478:T:C
22:32587839:G:A
22:32590133:G:A
22:32590852:T:C
22:32592120:T:A
22:32592390:T:G
22:32593129:T:C
22:32594356:G:A
22:32594966:G:A
22:32596595:A:G
22:32598732:C:T
22:32598746:G:C
22:32600915:G:A
22:32602718:C:T
22:32603014:G:A
22:32603341:C:G
22:32603587:G:A
22:32603796:T:C
22:32603898:G:A
22:32604011:C:A
22:32604030:A:G
22:32604385:C:G
22:32604717:T:C
22:32604761:G:C
22:32604888:G:A
22:32604899:T:G
22:32604929:T:C
22:32604989:A:G
22:32605728:G:C
22:32606790:A:G
22:32606803:A:G
22:32606888:A:G
22:32607074:A:G
22:32607116:A:G
22:32607174:G:A
22:32607175:C:G
22:32608027:A:G
22:32608104:C:G
22:32609223:T:C
22:32609355:A:G
22:32609368:T:C
22:32610021:T:C
22:32611028:A:G
22:32611862:G:T
22:32613792:C:T
22:32615004:T:G
22:32615113:A:G
22:32615547:G:A
22:32616657:C:T
22:32616870:G:A
22:32617062:G:A
22:32617121:G:A
22:32617685:C:A
22:32618956:A:G
22:32619043:T:G
22:32619091:T:G
22:32619215:T:C
22:32619908:G:A
22:32621211:G:C
22:32621469:G:A
22:32621619:C:T
22:32622539:A:G
22:32623391:G:T
22:32624064:C:T
22:32624139:T:C
22:32624549:A:T
22:32624603:G:A
22:32624674:C:T
22:32624868:A:G
22:32626616:A:C
22:32626908:G:A
22:32627264:T:C
22:32627623:C:T
22:32628436:A:G
22:32632659:C:T
22:32633505:G:T
22:32633733:G:T
22:32633785:T:C
22:32634034:A:G
22:32634183:C:T
22:32634184:A:G
22:32634704:T:G
22:32636089:T:G
22:32637148:T:C
22:32638128:G:T
22:32638327:A:C
22:32647332:T:C
22:32648389:A:T
22:32649431:C:A
22:32654975:G:A
22:32655967:G:C
22:32656022:A:G
22:32656177:C:T
22:32657104:T:C
22:32657397:C:T
22:32657493:T:C
22:32658620:A:G
22:32660412:G:A
22:32662384:A:C
22:32663153:T:C
22:32664612:G:A
22:32665756:C:A
22:32666087:C:T
22:32666596:G:A
22:32667191:T:G
22:32667280:G:C
22:32667507:G:A
22:32667898:C:G
22:32668008:T:C
22:32668371:G:A
22:32668527:T:G
22:32668603:C:A
22:32669819:T:C
22:32669833:C:G
22:32670765:A:G
22:32672691:A:T
22:32672748:A:G
22:32673047:T:C
22:32673459:G:T
22:32673529:T:C
22:32676841:C:G
22:32677130:A:G
22:32678343:A:G
22:32678351:T:G
22:32679381:T:C
22:32679643:C:T
22:32680262:G:A
22:32680887:G:A
22:32681149:G:A
22:32682208:A:G
22:32682240:A:G
22:32682315:G:A
22:32682402:G:A
22:32683003:C:T
22:32683073:A:G
22:32683165:G:A
22:32685124:C:G
22:32685223:A:T
22:32686466:C:T
22:32686573:G:A
22:32686596:C:G
22:32686654:A:T
22:32686684:C:G
22:32686685:A:G
22:32686736:A:G
22:32687036:C:T
22:32688921:C:T
22:32689183:A:T
22:32689211:A:G
22:32689618:G:A
22:32689640:C:G
22:32689662:G:T
22:32689670:T:C
22:32689723:G:A
22:32689887:T:C
22:32689963:G:C
22:32697389:C:T
22:32697599:A:G
22:32697642:C:T
22:32697754:C:G
22:32698018:T:C
22:32698480:G:A
22:32698720:C:T
22:32698989:C:G
22:32700290:G:T
22:32700298:C:T
22:32701152:A:T
22:32701395:T:G
22:32701653:C:A
22:32701770:T:C
22:32701799:C:G
22:32703815:G:C
22:32704231:C:G
22:32704446:G:C
22:32704873:G:A
22:32705020:T:G
22:32705071:C:T
22:32705098:G:A
22:32705161:A:G
22:32705463:G:A
22:32705471:A:C
22:32707776:C:T
22:32707844:G:A
22:32708691:C:T
22:32709611:A:C
22:32710090:C:G
22:32710817:T:C
22:32710850:C:T
22:32713762:C:T
22:32714214:G:A
22:32714339:C:G
22:32714912:G:A
22:32715154:C:G
22:32715559:A:C
22:32717621:G:C
22:32718042:G:A
22:32719049:T:C
22:32719204:C:G
22:32719359:G:A
22:32719540:G:A
22:32720439:A:G
22:32720662:G:A
22:32720757:C:T
22:32720785:G:A
22:32721091:C:G
22:32721624:A:T
22:32721948:G:A
22:32721949:C:G
22:32722207:G:T
22:32722656:C:T
22:32722913:G:C
22:32722963:C:A
22:32723020:T:A
22:32723038:G:A
22:32723429:G:C
22:32723988:C:G
22:32724253:G:A
22:32724355:T:C
22:32724526:A:C
22:32724532:A:G
22:32724611:T:C
22:32724825:G:A
22:32725026:A:G
22:32725266:G:A
22:32727797:G:A
22:32728869:T:C
22:32728966:A:G
22:32729530:T:C
22:32729539:T:C
22:32731481:T:G
22:32731492:C:T
22:32731628:C:T
22:32731818:T:C
22:32731840:T:G
22:32731846:C:G
22:32731869:C:T
22:32731917:G:A
22:32732014:G:C
22:32732153:G:A
22:32732169:C:G
22:32732227:G:C
22:32732605:C:T
22:32732644:A:G
22:32732674:C:T
22:32733254:C:T
22:32734710:G:A
22:32734792:G:A
22:32735243:G:A
22:32735950:C:T
22:32736667:G:A
22:32736855:G:A
22:32737231:G:T
22:32737234:A:G
22:32737548:A:T
22:32737733:C:G
22:32738165:T:C
22:32738182:G:A
22:32738469:T:C
22:32738838:T:C
22:32740036:C:T
22:32740044:G:A
22:32740245:T:A
22:32743923:G:A
22:32744045:C:T
22:32744111:C:T
22:32744596:T:C
22:32745418:G:T
22:32745595:C:G
22:32745916:C:T
22:32745953:A:G
22:32747062:C:A
22:32747562:G:A
22:32748457:T:C
22:32748529:G:A
22:32748590:C:T
22:32748844:T:C
22:32749169:G:A
22:32749197:T:C
22:32749850:T:C
22:32750319:T:C
22:32750856:C:T
22:32750864:C:T
22:32751005:A:G
22:32751035:G:A
22:32751063:A:C
22:32751073:A:G
22:32751915:G:C
22:32751916:G:A
22:32754843:T:A
22:32755515:T:C
22:32755612:C:T
22:32755659:T:G
22:32756899:T:C
22:32757483:G:C
22:32758417:A:G
22:32758843:T:C
22:32759025:G:C
22:32760136:T:C
22:32761119:C:T
22:32761468:G:A
22:32761805:C:A
22:32761901:A:T
22:32762902:G:A
22:32762937:T:G
22:32762992:A:G
22:32763169:T:C
22:32763176:T:C
22:32763254:A:G
22:32763595:T:C
22:32763787:T:C
22:32763829:A:G
22:32764720:G:C
22:32764760:C:T
22:32764869:A:G
22:32764881:T:C
22:32765099:A:G
22:32765214:G:T
22:32765571:C:A
22:32766764:C:A
22:32766927:A:G
22:32767538:A:G
22:32767669:A:G
22:32767786:A:G
22:32768048:C:T
22:32768551:C:T
22:32768775:T:C
22:32768988:C:A
22:32769005:T:C
22:32769073:C:T
22:32769098:A:T
22:32769174:G:C
22:32769351:T:C
22:32769416:G:A
22:32769483:A:G
22:32769496:G:A
22:32770086:A:T
22:32770087:G:T
22:32770156:T:C
22:32770200:C:T
22:32771146:T:C
22:32772112:A:G
22:32772490:C:T
22:32772681:C:T
22:32772712:A:G
22:32772911:T:C
22:32773181:C:T
22:32773266:A:G
22:32773360:C:G
22:32773418:T:C
22:32774129:T:C
22:32774472:G:A
22:32774960:G:T
22:32775136:C:G
22:32777123:G:C
22:32777569:G:A
22:32779227:T:C
22:32779924:A:G
22:32781993:T:G
22:32782128:A:C
22:32784051:T:C
22:32785840:A:C
22:32786217:G:A
22:32787938:A:G
22:32788076:T:A
22:32789520:G:T
22:32790644:A:C
22:32790981:C:G
22:32791003:A:C
22:32791447:T:C
22:32791495:T:C
22:32793269:G:A
22:32793384:T:C
22:32793534:C:A
22:32794439:C:T
22:32794603:T:A
22:32795051:A:G
22:32795641:C:T
22:32796174:T:C
22:32796247:G:C
22:32796345:T:C
22:32796668:T:C
22:32799621:T:C
22:32799696:G:A
22:32800435:C:A
22:32801332:G:A
22:32803289:A:C
22:32803952:G:A
22:32803953:A:C
22:32804313:G:A
22:32804656:G:A
22:32805407:A:T
22:32806331:A:G
22:32806595:A:T
22:32807375:G:A
22:32807769:T:C
22:32808355:A:G
22:32809162:C:T
22:32809223:C:T
22:32809832:T:C
22:32811230:G:T
22:32811952:A:G
22:32812543:C:T
22:32813776:G:A
22:32813934:T:G
22:32813975:C:G
22:32814711:C:G
22:32816647:A:G
22:32817147:A:G
22:32817167:C:T
22:32818916:T:C
22:32819478:T:G
22:32821139:T:G
22:32821301:G:A
22:32821401:C:G
22:32822188:C:T
22:32823132:A:C
22:32823156:G:A
22:32825944:A:G
22:32826277:G:T
22:32828343:T:C
22:32831540:C:T
22:32831711:C:G
22:32832070:C:T
22:32832226:A:C
22:32832874:C:T
22:32833169:A:C
22:32838376:T:C
22:32838494:A:C
22:32838525:C:T
22:32839762:G:A
22:32840695:A:G
22:32842314:C:T
22:32842348:A:G
22:32843436:C:T
22:32843713:T:C
22:32843938:C:T
22:32845403:A:G
22:32846619:C:T
22:32846707:C:A
22:32846844:T:C
22:32847002:C:A
22:32847116:T:C
22:32848703:C:T
22:32848737:G:T
22:32849129:G:C
22:32849192:C:T
22:32850930:C:T
22:32851712:C:T
22:32852077:T:C
22:32852151:G:C
22:32852177:T:A
22:32852486:G:T
22:32852722:C:T
22:32853948:C:A
22:32856244:C:G
22:32856594:C:T
22:32856999:G:A
22:32857077:C:T
22:32857821:G:C
22:32858428:T:C
22:32858681:A:G
22:32859619:G:A
22:32859702:C:T
22:32860185:C:T
22:32860250:T:C
22:32860792:C:T
22:32861024:T:A
22:32861083:T:G
22:32864879:G:A
22:32865533:C:G
22:32865604:A:G
22:32865675:C:T
22:32866934:T:C
22:32867160:G:C
22:32869495:G:T
22:32870574:A:G
22:32870661:C:T
22:32870769:C:T
22:32871227:C:T
22:32871383:T:G
22:32871442:C:A
22:32872258:A:C
22:32872593:G:A
22:32873127:G:C
22:32873496:C:A
22:32873699:A:C
22:32874258:G:T
22:32874449:G:A
22:32874551:A:G
22:32875190:G:A
22:32875871:G:A
22:32876647:C:A
22:32877009:T:A
22:32878244:T:C
22:32878510:C:T
22:32879307:C:G
22:32879617:G:T
22:32880585:T:C
22:32881600:C:T
22:32881746:G:A
22:32882121:G:A
22:32882414:A:G
22:32882440:C:G
22:32882808:A:G
22:32883103:G:A
22:32883128:G:A
22:32883282:A:G
22:32883344:A:G
22:32884036:T:A
22:32884381:C:T
22:32885549:C:T
22:32885780:C:T
22:32886477:G:T
22:32886785:C:T
22:32887150:C:T
22:32887498:T:C
22:32887661:A:G
22:32887732:C:T
22:32887782:A:G
22:32887949:T:C
22:32888084:G:A
22:32888622:A:G
22:32889815:A:T
22:32891690:T:C
22:32891896:G:C
22:32893905:C:T
22:32893920:C:T
22:32895731:T:C
22:32895892:A:G
22:32896113:A:T
22:32897530:G:A
22:32898291:G:A
22:32904634:T:C
22:32904650:G:A
22:32905451:G:C
22:32905470:G:A
22:32907362:A:G
22:32907769:A:C
22:32908005:C:T
22:32908291:G:A
22:32913125:C:G
22:32913298:T:C
22:32913733:G:A
22:32913778:T:C
22:32913839:C:G
22:32914233:C:T
22:32915280:A:T
22:32915284:G:A
22:32916292:C:T
22:32920648:C:T
22:32920690:G:C
22:32921629:C:T
22:32922125:G:A
22:32922134:G:A
22:32922409:A:G
22:32924733:C:G
22:32925170:C:T
22:32925244:G:T
22:32925526:T:A
22:32925809:C:A
22:32926132:C:T
22:32926413:C:T
22:32927360:A:C
22:32927850:C:T
22:32929152:G:A
22:32930142:C:G
22:32930263:C:T
22:32930469:G:A
22:32930568:C:T
22:32931439:C:T
22:32931868:G:A
22:32934225:C:A
22:32934274:T:G
22:32934569:C:T
22:32934659:C:G
22:32935071:C:T
22:32935172:G:A
22:32935220:C:T
22:32935333:A:G
22:32935403:A:G
22:32936049:C:T
22:32936298:G:A
22:32936531:A:G
22:32936647:G:C
22:32936813:C:T
22:32937037:C:A
22:32937401:A:G
22:32937740:T:C
22:32937828:C:T
22:32937959:T:C
22:32938285:C:G
22:32938507:C:T
22:32938935:G:C
22:32939013:A:G
22:32939476:C:T
22:32939719:G:A
22:32939814:A:G
22:32939848:T:C
22:32940660:T:C
22:32941116:T:G
22:32942352:T:C
22:32943197:G:C
22:32943741:A:T
22:32944027:C:T
22:32944778:C:A
22:32945612:C:A
22:32946319:G:A
22:32946828:A:T
22:32948979:G:T
22:32949312:G:A
22:32949382:C:A
22:32950053:T:G
22:32951349:T:G
22:32951941:A:G
22:32952978:T:C
22:32953258:A:G
22:32953435:C:G
22:32953459:C:T
22:32954314:A:G
22:32954443:A:G
22:32956507:G:A
22:32956581:C:T
22:32956595:C:T
22:32958050:C:A
22:32958060:G:A
22:32958464:A:G
22:32958641:A:C
22:32958891:A:G
22:32959350:A:G
22:32959473:G:A
22:32960112:A:G
22:32960585:G:A
22:32960862:C:T
22:32961061:T:A
22:32962088:T:C
22:32963295:G:A
22:32963983:T:C
22:32964767:T:A
22:32964990:G:A
22:32965049:G:A
22:32965722:A:G
22:32966107:G:A
22:32966267:G:A
22:32966309:C:G
22:32966315:A:T
22:32966324:C:T
22:32966495:T:C
22:32966546:C:G
22:32966593:T:A
22:32966624:T:C
22:32966718:G:A
22:32967134:A:G
22:32967320:T:G
22:32967376:G:A
22:32967417:C:T
22:32969167:T:C
22:32970188:C:T
22:32970662:A:C
22:32970911:T:C
22:32971900:C:T
22:32973070:A:G
22:32974240:C:T
22:32975659:T:C
22:32977216:T:C
22:32978251:G:T
22:32978679:T:C
22:32978959:T:C
22:32978987:G:A
22:32979792:C:G
22:32980041:A:T
22:32980066:G:A
22:32980197:T:G
22:32980455:G:A
22:32980495:G:C
22:32980607:T:C
22:32981332:C:T
22:32982583:T:C
22:32985081:G:C
22:32986431:T:C
22:32991359:C:A
22:32992389:T:C
22:32992821:T:C
22:32993032:T:C
22:32993078:C:T
22:32993137:T:C
22:32993750:C:T
22:32994093:G:A
22:32994224:C:A
22:32994766:G:A
22:32994777:G:A
22:32995671:T:C
22:32995751:T:C
22:32996448:T:C
22:32996809:T:G
22:32998019:T:C
22:33001458:C:T
22:33001708:T:C
22:33001950:C:T
22:33002082:C:T
22:33002151:A:G
22:33003307:C:T
22:33004581:C:T
22:33006279:A:C
22:33006654:C:T
22:33007038:G:C
22:33007142:G:A
22:33007374:G:T
22:33008121:T:C
22:33008240:C:T
22:33008323:G:A
22:33008377:A:G
22:33008506:G:A
22:33009212:G:T
22:33009268:G:A
22:33009340:G:C
22:33009408:A:C
22:33009535:C:T
22:33010431:G:T
22:33010548:G:A
22:33012372:G:C
22:33012466:C:T
22:33012617:C:T
22:33012997:C:T
22:33013152:G:A
22:33013227:A:T
22:33013299:T:C
22:33013905:T:C
22:33014449:A:G
22:33014552:T:C
22:33014557:C:G
22:33015191:G:A
22:33015565:G:A
22:33015877:G:A
22:33017527:G:C
22:33017869:T:C
22:33018287:G:A
22:33019320:T:C
22:33019789:T:G
22:33019971:C:T
22:33020619:C:T
22:33020998:C:G
22:33021338:C:T
22:33021961:G:A
22:33022082:G:A
22:33022593:T:C
22:33022887:G:A
22:33023135:G:A
22:33023139:C:T
22:33023526:C:A
22:33023627:T:C
22:33024198:C:T
22:33025093:G:A
22:33025155:G:A
22:33025241:A:G
22:33026842:C:T
22:33027533:A:G
22:33027776:G:A
22:33028119:A:G
22:33028891:G:A
22:33029970:C:A
22:33030026:G:A
22:33030193:G:C
22:33030298:C:T
22:33030363:T:C
22:33030598:T:C
22:33030775:G:A
22:33030830:C:T
22:33030834:C:T
22:33031176:T:C
22:33031184:C:G
22:33031304:T:A
22:33031339:G:A
22:33031393:C:T
22:33031403:A:G
22:33031448:A:G
22:33031806:G:A
22:33031985:G:A
22:33031988:A:G
22:33032458:C:T
22:33032663:T:G
22:33032722:G:T
22:33032824:C:T
22:33032890:T:G
22:33032952:A:G
22:33033048:G:A
22:33033190:G:A
22:33034008:G:A
22:33034206:G:A
22:33034482:C:T
22:33035834:C:T
22:33037035:G:A
22:33037195:T:C
22:33040795:C:G
22:33041872:A:G
22:33042209:C:T
22:33042541:G:A
22:33043926:T:C
22:33044995:C:T
22:33045573:C:T
22:33045846:A:T
22:33046110:C:G
22:33046536:C:G
22:33046628:T:C
22:33046732:C:G
22:33047011:T:G
22:33047492:C:T
22:33047633:G:A
22:33047706:A:G
22:33048216:T:G
22:33048925:C:A
22:33049194:G:A
22:33049891:T:C
22:33050136:G:A
22:33050233:T:G
22:33050315:G:C
22:33091812:A:C
22:33092669:A:G
22:33093398:A:G
22:33094375:G:A
22:33095075:G:A
22:33095560:A:G
22:33097662:A:G
22:33100737:T:C
22:33103918:A:G
22:33103968:T:C
22:33104348:A:G
22:33104377:G:A
22:33104515:C:T
22:33105817:T:C
22:33106757:C:T
22:33107311:C:T
22:33107956:T:G
22:33108058:G:C
22:33108150:C:G
22:33108536:C:T
22:33108981:C:T
22:33110783:C:T
22:33113375:T:C
22:33113688:A:C
22:33115879:G:C
22:33116109:T:C
22:33116314:C:A
22:33116669:C:T
22:33116779:G:T
22:33116782:C:A
22:33118165:G:A
22:33118882:T:A
22:33120220:G:A
22:33120576:G:A
22:33120657:A:T
22:33121330:A:T
22:33121988:C:G
22:33123444:G:A
22:33123826:A:G
22:33123869:T:G
22:33124633:T:C
22:33125088:G:T
22:33125848:T:A
22:33125992:C:T
22:33126076:A:T
22:33126728:A:G
22:33126928:A:G
22:33127416:C:G
22:33127481:T:C
22:33127505:T:C
22:33127612:G:A
22:33127657:T:A
22:33128597:A:T
22:33128761:C:T
22:33129022:T:C
22:33129932:A:G
22:33131046:T:C
22:33131193:A:T
22:33131355:G:A
22:33131486:T:C
22:33131729:T:C
22:33132063:C:G
22:33132579:G:A
22:33132890:C:T
22:33133201:T:A
22:33133885:C:A
22:33133945:A:G
22:33135710:G:C
22:33135768:T:G
22:33135922:G:A
22:33136937:C:T
22:33138584:A:T
22:33138590:T:C
22:33138682:A:G
22:33139230:C:T
22:33139492:C:T
22:33140411:T:A
22:33140654:C:T
22:33142153:C:T
22:33142154:A:G
22:33142908:A:G
22:33143528:A:G
22:33143662:G:C
22:33144086:C:T
22:33144298:C:G
22:33144874:T:G
22:33145495:T:C
22:33146283:A:T
22:33146363:G:A
22:33146810:G:A
22:33147483:C:T
22:33148575:G:A
22:33148576:C:T
22:33148577:G:A
22:33148846:G:A
22:33148919:A:G
22:33149095:A:G
22:33149936:C:A
22:33150443:C:A
22:33150485:A:C
22:33150769:C:A
22:33151540:C:T
22:33151639:C:T
22:33151710:T:C
22:33154974:T:C
22:33155022:G:C
22:33155146:T:C
22:33155555:A:T
22:33156302:G:A
22:33156343:G:T
22:33156506:T:C
22:33156702:G:A
22:33156736:A:G
22:33157167:T:C
22:33157168:G:A
22:33157292:G:T
22:33157339:G:T
22:33157968:G:A
22:33158023:C:T
22:33158093:C:T
22:33158127:T:G
22:33158685:G:A
22:33158917:A:G
22:33159092:A:G
22:33159636:G:A
22:33160397:C:T
22:33160514:G:A
22:33161150:A:G
22:33161514:C:T
22:33161552:G:A
22:33161824:C:T
22:33162718:T:G
22:33162831:C:T
22:33163302:T:A
22:33163864:T:C
22:33164318:G:A
22:33164322:C:G
22:33164460:A:G
22:33164709:C:T
22:33165020:G:A
22:33166227:C:A
22:33166449:C:T
22:33166476:C:T
22:33167668:C:A
22:33167851:T:C
22:33167869:C:T
22:33168416:G:A
22:33168491:A:G
22:33168562:A:G
22:33168688:T:A
22:33168691:T:C
22:33168882:C:G
22:33169087:A:C
22:33169115:T:C
22:33169667:T:C
22:33169813:A:G
22:33169975:C:T
22:33170032:A:G
22:33170101:C:T
22:33170139:A:T
22:33170377:C:T
22:33170602:G:A
22:33170856:A:G
22:33171181:G:A
22:33171517:C:T
22:33171838:G:T
22:33171931:T:C
22:33172225:T:G
22:33172612:T:C
22:33172991:A:G
22:33172994:T:A
22:33173049:C:G
22:33173231:G:A
22:33173355:G:T
22:33173427:T:C
22:33173428:G:T
22:33173569:T:C
22:33173658:C:G
22:33173756:T:C
22:33173913:A:G
22:33173944:G:A
22:33174263:T:A
22:33174766:T:G
22:33174981:C:T
22:33175638:G:A
22:33175883:A:G
22:33176766:A:G
22:33176834:A:C
22:33177390:T:G
22:33177778:G:A
22:33178937:G:A
22:33179223:G:A
22:33179451:A:C
22:33179540:C:G
22:33180076:A:G
22:33180204:T:C
22:33181302:T:C
22:33181349:T:C
22:33181787:G:A
22:33181818:T:C
22:33182007:A:G
22:33182217:C:A
22:33182937:T:C
22:33183146:G:A
22:33183789:C:T
22:33183827:G:A
22:33183979:A:T
22:33183982:T:C
22:33184184:C:T
22:33184543:A:G
22:33185597:A:G
22:33186180:C:T
22:33187765:T:C
22:33187767:G:C
22:33187898:C:T
22:33187942:T:C
22:33188183:G:C
22:33188307:T:C
22:33188449:T:C
22:33188536:C:T
22:33188545:C:T
22:33188976:A:G
22:33190224:C:A
22:33191373:C:A
22:33192544:C:T
22:33192582:G:A
22:33193050:G:A
22:33193905:G:C
22:33196693:T:C
22:33197074:A:G
22:33198530:A:G
22:33200399:T:C
22:33201286:G:C
22:33201654:C:T
22:33202415:C:T
22:33202478:A:G
22:33204987:C:T
22:33206511:G:A
22:33207308:C:T
22:33207697:C:G
22:33212769:C:T
22:33213319:A:G
22:33216760:A:G
22:33219887:T:C
22:33219938:C:T
22:33220693:A:G
22:33221030:C:T
22:33221116:G:A
22:33224285:C:T
22:33224439:C:T
22:33224779:C:T
22:33225023:C:T
22:33225951:T:C
22:33228692:A:G
22:33229685:T:C
22:33229804:G:A
22:33229830:A:G
22:33230904:A:G
22:33232156:G:A
22:33232158:A:T
22:33234931:G:A
22:33235517:C:T
22:33236544:G:A
22:33236572:G:C
22:33238107:G:T
22:33238108:A:T
22:33240290:A:G
22:33242162:G:T
22:33243656:G:T
22:33244421:A:T
22:33246032:C:T
22:33248055:A:T
22:33248902:G:A
22:33249873:C:T
22:33251033:G:A
22:33251908:C:A
22:33252041:A:G
22:33253280:T:C
22:33253292:C:T
22:33254283:T:A
22:33257322:T:C
22:33258050:C:T
22:33258217:G:A
22:33258288:T:C
22:33259064:C:T
22:33259104:A:G
22:33259625:T:C
22:33261808:C:T
22:33262935:T:C
22:33262994:A:G
22:33263431:C:T
22:33263558:T:C
22:33265922:G:T
22:33266191:A:G
22:33266381:T:C
22:33266415:A:C
22:33266478:A:G
22:33266865:T:C
22:33267839:C:T
22:33268413:C:T
22:33268517:T:A
22:33268574:T:C
22:33270348:C:A
22:33270461:T:C
22:33270665:A:G
22:33272699:T:C
22:33273786:C:T
22:33274175:C:G
22:33274737:A:C
22:33275447:G:A
22:33275564:C:T
22:33276313:C:G
22:33276340:C:G
22:33276686:A:G
22:33276739:G:A
22:33276999:G:A
22:33277200:C:G
22:33277425:G:A
22:33277551:C:T
22:33278904:A:T
22:33279237:C:T
22:33279447:C:T
22:33280097:T:C
22:33281055:T:C
22:33282013:G:C
22:33282313:C:T
22:33282418:C:T
22:33282692:G:C
22:33282943:T:C
22:33284335:G:A
22:33284766:G:T
22:33284794:A:C
22:33285639:C:T
22:33286798:G:T
22:33287772:C:T
22:33288875:T:C
22:33289147:C:G
22:33289751:C:T
22:33290118:T:C
22:33291162:T:A
22:33291742:T:C
22:33292491:A:G
22:33292689:T:G
22:33292913:C:T
22:33298130:G:A
22:33298616:C:T
22:33300101:T:C
22:33300137:C:T
22:33300471:G:A
22:33300472:T:C
22:33303500:G:T
22:33303563:C:A
22:33305481:C:A
22:33307066:G:A
22:33308118:T:C
22:33308853:C:T
22:33311711:T:G
22:33312820:A:T
22:33313367:G:A
22:33314595:T:G
22:33314914:T:C
22:33315969:A:G
22:33316280:C:T
22:33316601:G:C
22:33317196:A:G
22:33319654:T:A
22:33322277:A:T
22:33323972:G:C
22:33324871:C:A
22:33325803:T:G
22:33326347:A:G
22:33332712:T:A
22:33335386:C:G
22:33335926:C:A
22:33336039:G:T
22:33336174:C:T
22:33336278:C:T
22:33343420:C:G
22:33343871:G:A
22:33345670:C:T
22:33346233:T:C
22:33346615:T:G
22:33347576:T:C
22:33347892:T:C
22:33348093:G:A
22:33348284:G:T
22:33350177:G:C
22:33350940:C:T
22:33351886:G:C
22:33352674:A:G
22:33352786:T:C
22:33355095:A:G
22:33355674:C:A
22:33359541:A:G
22:33361147:A:C
22:33361675:C:G
22:33362522:T:C
22:33363420:T:C
22:33363999:G:T
22:33364457:A:G
22:33364704:C:T
22:33365278:T:C
22:33366051:A:G
22:33366929:A:G
22:33368033:G:A
22:33368116:C:T
22:33369319:C:T
22:33370736:G:A
22:33371593:T:A
22:33372982:G:C
22:33373216:T:C
22:33374127:G:A
22:33375845:G:C
22:33375960:C:T
22:33377556:C:A
22:33378834:A:G
22:33379555:T:C
22:33381222:A:G
22:33382755:T:C
22:33382756:A:G
22:33382956:C:T
22:33382973:T:C
22:33383419:G:A
22:33383490:G:C
22:33383563:A:G
22:33383799:T:C
22:33385079:A:G
22:33385241:T:C
22:33387770:T:C
22:33387795:A:G
22:33388996:A:C
22:33389738:C:T
22:33391643:C:A
22:33392076:C:G
22:33392179:G:A
22:33394067:C:T
22:33395296:T:A
22:33395851:A:C
22:33396435:G:A
22:33397425:T:G
22:33398069:C:T
22:33398087:A:G
22:33398214:T:C
22:33398900:C:A
22:33400025:G:A
22:33401215:A:G
22:33401355:T:C
22:33401784:C:T
22:33401968:T:A
22:33402843:C:T
22:33403278:G:C
22:33404546:A:C
22:33404758:T:A
22:33406756:A:T
22:33408519:C:T
22:33408668:T:C
22:33408799:C:G
22:33408943:G:T
22:33409904:G:A
22:33410205:C:A
22:33410908:G:C
22:33410992:C:T
22:33411326:G:T
22:33412260:C:T
22:33413096:A:C
22:33413310:T:C
22:33414164:G:A
22:33415869:C:T
22:33416201:G:A
22:33416457:A:G
22:33416478:C:T
22:33416776:G:C
22:33417405:T:A
22:33417607:C:T
22:33418564:G:A
22:33418856:T:C
22:33419172:C:T
22:33419532:T:A
22:33419703:C:T
22:33419847:C:T
22:33420266:C:T
22:33420741:G:T
22:33421826:T:C
22:33422090:G:C
22:33422218:G:A
22:33422506:T:C
22:33423463:T:C
22:33426247:C:T
22:33426329:A:G
22:33428984:T:C
22:33429579:C:G
22:33429612:A:T
22:33429659:C:A
22:33429708:T:C
22:33430232:G:T
22:33430734:G:A
22:33430898:A:G
22:33431164:G:A
22:33431218:A:G
22:33431550:T:C
22:33431736:C:T
22:33431816:C:T
22:33433644:T:C
22:33433719:C:G
22:33433761:T:C
22:33433990:A:G
22:33434002:A:G
22:33434664:A:C
22:33434836:A:G
22:33439006:G:A
22:33439207:C:T
22:33439673:G:A
22:33440135:A:G
22:33441753:T:G
22:33441876:T:C
22:33442009:G:A
22:33442213:C:T
22:33442386:A:C
22:33443544:A:G
22:33443694:A:T
22:33443903:C:A
22:33444022:C:T
22:33444187:T:C
22:33444278:A:G
22:33445313:A:G
22:33445534:G:C
22:33445757:A:G
22:33445961:T:C
22:33446937:C:T
22:33447946:C:T
22:33448084:A:G
22:33448136:C:T
22:33448433:C:T
22:33448652:T:C
22:33449567:C:T
22:33449649:A:C
22:33450824:C:T
22:33451151:C:T
22:33451612:G:A
22:33451858:A:G
22:33452488:G:A
22:33453422:A:G
22:33453533:A:G
22:33457884:A:G
22:33458380:T:C
22:33458789:G:A
22:33462366:C:T
22:33462641:T:G
22:33462739:G:A
22:33463036:T:G
22:33463222:A:C
22:33463550:T:C
22:33465568:T:C
22:33465591:A:G
22:33466488:A:C
22:33467008:A:T
22:33467057:C:T
22:33468005:C:A
22:33468109:T:C
22:33469031:C:T
22:33471537:C:T
22:33471598:A:C
22:33473308:T:C
22:33473566:C:T
22:33474244:A:T
22:33474463:A:G
22:33474489:C:T
22:33474789:C:G
22:33478266:C:A
22:33479580:A:G
22:33479930:C:G
22:33482259:A:C
22:33482308:A:C
22:33483244:C:G
22:33484906:A:T
22:33486263:A:G
22:33486286:A:C
22:33486376:G:A
22:33488404:C:T
22:33489735:G:A
22:33490070:T:C
22:33491853:T:C
22:33492082:G:A
22:33493261:A:G
22:33493432:G:A
22:33494033:C:T
22:33494722:G:A
22:33495128:G:A
22:33497454:C:T
22:33498970:T:C
22:33500311:G:A
22:33501556:G:A
22:33501895:A:G
22:33502167:G:A
22:33505054:C:T
22:33505498:G:A
22:33507745:G:C
22:33510237:A:T
22:33514616:G:A
22:33517654:G:T
22:33517666:A:G
22:33518646:G:C
22:33519454:A:G
22:33519752:T:C
22:33519923:C:G
22:33521339:T:C
22:33522496:G:C
22:33522529:T:A
22:33523010:A:G
22:33523109:C:T
22:33523431:C:A
22:33525241:C:G
22:33527161:A:G
22:33527222:A:T
22:33527873:G:T
22:33528630:A:G
22:33528710:T:C
22:33528804:C:T
22:33531335:G:A
22:33531406:T:C
22:33531456:G:A
22:33531484:T:C
22:33533145:T:C
22:33533177:T:C
22:33533347:A:G
22:33533719:G:C
22:33534167:G:A
22:33534266:C:A
22:33535063:G:C
22:33535376:C:T
22:33535714:A:C
22:33535851:C:T
22:33536286:T:A
22:33536321:G:A
22:33536990:T:G
22:33537058:G:A
22:33537277:A:G
22:33537434:C:G
22:33537503:C:T
22:33537683:A:G
22:33537847:C:T
22:33538226:C:A
22:33538258:T:G
22:33539711:G:C
22:33539772:C:A
22:33540369:T:C
22:33540445:A:G
22:33541671:G:A
22:33541938:A:C
22:33542526:G:C
22:33544629:G:A
22:33547938:C:A
22:33548061:T:C
22:33548109:C:T
22:33549069:G:A
22:33549485:G:A
22:33549613:C:T
22:33550052:T:C
22:33552307:T:C
22:33552809:G:A
22:33553183:A:G
22:33553729:T:C
22:33553809:A:G
22:33554059:G:A
22:33554551:C:T
22:33554854:C:T
22:33556083:C:A
22:33556104:C:A
22:33556550:T:C
22:33557077:G:C
22:33557585:C:T
22:33557695:T:C
22:33557714:C:G
22:33558767:G:A
22:33559508:T:A
22:33561746:T:C
22:33562683:T:C
22:33563617:C:T
22:33563878:A:G
22:33564046:T:C
22:33564443:A:G
22:33564759:C:T
22:33565203:T:G
22:33566464:T:C
22:33566587:C:T
22:33567527:A:G
22:33568575:G:A
22:33569991:G:A
22:33573041:G:T
22:33573529:C:T
22:33574074:C:G
22:33574177:G:A
22:33574324:G:C
22:33574367:G:C
22:33574461:A:G
22:33574913:A:G
22:33574949:A:G
22:33575116:T:C
22:33575193:C:G
22:33575294:T:C
22:33575304:A:G
22:33575604:C:A
22:33575643:G:A
22:33575671:A:G
22:33575709:G:A
22:33575820:A:G
22:33576181:T:C
22:33576285:A:G
22:33576488:T:C
22:33576705:A:G
22:33576898:A:C
22:33577069:G:C
22:33577210:C:T
22:33577225:T:C
22:33577259:C:A
22:33578233:T:A
22:33578402:C:T
22:33578425:T:C
22:33578828:C:A
22:33578883:G:C
22:33578987:G:T
22:33579139:G:A
22:33579413:A:C
22:33579430:C:A
22:33579765:G:A
22:33579770:C:A
22:33580248:G:A
22:33580544:T:C
22:33580562:C:T
22:33580920:C:T
22:33581050:G:A
22:33581172:G:C
22:33581494:G:A
22:33581596:G:A
22:33581735:G:A
22:33582068:G:C
22:33582106:C:T
22:33582287:G:A
22:33582300:T:C
22:33582495:A:C
22:33582537:T:C
22:33582944:G:A
22:33583233:C:T
22:33583458:A:G
22:33584236:G:A
22:33584268:T:C
22:33584673:A:G
22:33584694:G:C
22:33584883:C:T
22:33584905:C:T
22:33584917:C:T
22:33584961:G:A
22:33585170:G:T
22:33586159:G:T
22:33587191:G:T
22:33587569:G:A
22:33587741:C:T
22:33587813:C:T
22:33587880:C:T
22:33587898:G:A
22:33588089:C:T
22:33588224:A:G
22:33588311:A:T
22:33588691:G:T
22:33588877:T:C
22:33589333:A:G
22:33589432:G:A
22:33589804:G:A
22:33591130:A:G
22:33591162:C:T
22:33591276:T:C
22:33591569:G:A
22:33592258:G:A
22:33592324:T:A
22:33592326:C:A
22:33592384:A:G
22:33592913:T:C
22:33593491:A:G
22:33593493:T:C
22:33593667:G:C
22:33594067:T:C
22:33594123:G:A
22:33594193:A:G
22:33594459:T:C
22:33595221:C:T
22:33596531:T:C
22:33596539:A:T
22:33596579:T:G
22:33599921:C:T
22:33600759:T:C
22:33602984:A:G
22:33603178:T:C
22:33604383:A:C
22:33606208:C:T
22:33607304:C:A
22:33610292:G:A
22:33610564:G:A
22:33610617:C:T
22:33610624:G:C
22:33612843:T:G
22:33615206:A:G
22:33615843:A:G
22:33616088:G:A
22:33616357:G:A
22:33616805:G:A
22:33617801:T:C
22:33617815:A:G
22:33618285:G:A
22:33619971:C:T
22:33620085:T:C
22:33620582:T:C
22:33621056:A:C
22:33622667:C:T
22:33624845:C:A
22:33625447:A:G
22:33627221:C:T
22:33627960:A:C
22:33628586:T:C
22:33631644:G:A
22:33631908:T:A
22:33632112:G:T
22:33632759:T:C
22:33632789:T:C
22:33632851:A:G
22:33635849:A:G
22:33635996:C:T
22:33636545:C:T
22:33637087:C:T
22:33637221:C:G
22:33637381:A:G
22:33638400:C:T
22:33640916:T:G
22:33645816:C:G
22:33646543:G:A
22:33646994:C:A
22:33647908:C:T
22:33649215:A:G
22:33649822:T:C
22:33650259:C:T
22:33652752:C:G
22:33656156:T:C
22:33656202:C:T
22:33656368:A:C
22:33659787:G:A
22:33661764:G:A
22:33661960:C:T
22:33663351:T:C
22:33667793:T:C
22:33668037:C:T
22:33668049:T:C
22:33676283:T:C
22:33678629:T:G
22:33682097:A:G
22:33682273:G:A
22:33683442:T:C
22:33683735:T:C
22:33684646:A:G
22:33684679:A:G
22:33685268:A:C
22:33685739:T:C
22:33687248:C:T
22:33688186:A:C
22:33690447:C:T
22:33690667:C:T
22:33691747:C:T
22:33695206:T:C
22:33696195:T:C
22:33696287:C:G
22:33696448:G:A
22:33697034:A:C
22:33697548:A:C
22:33698283:T:C
22:33698656:A:G
22:33699019:A:T
22:33699450:A:G
22:33700948:G:C
22:33701078:A:G
22:33701527:G:A
22:33702432:A:C
22:33705684:C:T
22:33706169:T:C
22:33706282:G:A
22:33706350:T:C
22:33706530:C:G
22:33706534:C:T
22:33707616:C:T
22:33708680:T:C
22:33708859:C:T
22:33709565:T:G
22:33709717:A:T
22:33711229:C:T
22:33712448:C:T
22:33713686:C:T
22:33715131:C:A
22:33717843:C:T
22:33721320:C:G
22:33722692:G:A
22:33723292:G:A
22:33726006:C:A
22:33726500:G:C
22:33726663:T:C
22:33726749:C:T
22:33727723:G:A
22:33728035:G:A
22:33728060:A:G
22:33728482:A:G
22:33728704:G:A
22:33728705:C:T
22:33729162:A:C
22:33729299:G:C
22:33729399:C:T
22:33729763:C:T
22:33730469:A:G
22:33730575:G:A
22:33730608:C:T
22:33730891:C:T
22:33731035:T:C
22:33731153:T:C
22:33731899:C:A
22:33733527:C:G
22:33733940:G:A
22:33733962:T:C
22:33733977:C:A
22:33733995:C:T
22:33734240:G:C
22:33734373:A:C
22:33734378:T:C
22:33734393:C:T
22:33734396:T:C
22:33734453:T:A
22:33734843:T:G
22:33735366:G:A
22:33735607:T:C
22:33735800:A:G
22:33736107:G:T
22:33736654:A:G
22:33736765:G:A
22:33736811:T:G
22:33736868:C:T
22:33736869:A:G
22:33736985:T:C
22:33737173:C:G
22:33737243:A:G
22:33738531:T:C
22:33738799:T:A
22:33738865:C:T
22:33739226:C:T
22:33739370:G:T
22:33739372:C:T
22:33739535:G:C
22:33743341:T:C
22:33744864:G:A
22:33745236:C:A
22:33746526:G:C
22:33746706:T:C
22:33748362:G:A
22:33748660:C:A
22:33749276:T:C
22:33751863:C:T
22:33752420:G:C
22:33753377:G:T
22:33756023:C:T
22:33758736:C:T
22:33760604:A:C
22:33762428:T:C
22:33763247:T:C
22:33763723:T:C
22:33764167:T:C
22:33765453:T:C
22:33766355:C:T
22:33767245:T:A
22:33768875:C:A
22:33768877:A:G
22:33769155:C:G
22:33771672:C:T
22:33772017:C:T
22:33773502:T:C
22:33773590:A:G
22:33774359:T:C
22:33774453:T:C
22:33775041:T:C
22:33776882:A:G
22:33778719:G:A
22:33779182:A:G
22:33780525:A:C
22:33782008:G:A
22:33782215:A:G
22:33782594:A:G
22:33782700:T:A
22:33783760:C:T
22:33784174:T:C
22:33784238:G:A
22:33784454:T:C
22:33786170:A:G
22:33786251:T:C
22:33786342:G:C
22:33786431:A:G
22:33787272:A:G
22:33788699:G:A
22:33789554:C:T
22:33789841:C:G
22:33791374:C:A
22:33792169:T:C
22:33792783:C:T
22:33794178:T:A
22:33795117:C:T
22:33795921:C:T
22:33796882:G:A
22:33797682:T:C
22:33798006:C:T
22:33798202:G:A
22:33798221:A:T
22:33798423:G:T
22:33799128:C:A
22:33799353:T:C
22:33800119:A:G
22:33801143:T:C
22:33801983:A:C
22:33801996:G:A
22:33802020:T:G
22:33802257:G:A
22:33802295:G:A
22:33802664:C:T
22:33803316:G:A
22:33804510:T:C
22:33804804:C:T
22:33807636:T:C
22:33809429:C:T
22:33810205:T:A
22:33811677:A:G
22:33812517:A:C
22:33814270:T:C
22:33815449:T:C
22:33815614:T:G
22:33816222:T:C
22:33817529:C:G
22:33818746:C:G
22:33820175:T:C
22:33820256:G:T
22:33820640:G:A
22:33820947:A:C
22:33822335:G:A
22:33823454:G:T
22:33825650:T:C
22:33826321:T:G
22:33826566:A:G
22:33826917:A:T
22:33827105:C:T
22:33827120:G:A
22:33827522:A:T
22:33828765:G:A
22:33828944:T:A
22:33828996:G:A
22:33829087:T:C
22:33831448:A:G
22:33831584:C:T
22:33831588:C:T
22:33831799:C:T
22:33832148:G:A
22:33832317:T:C
22:33832735:A:G
22:33833853:T:A
22:33834668:A:G
22:33834740:C:G
22:33835517:A:T
22:33836233:T:C
22:33836576:C:T
22:33836791:T:C
22:33840615:G:A
22:33841538:G:T
22:33842671:C:T
22:33842949:G:T
22:33843597:T:C
22:33844303:T:C
22:33844968:A:T
22:33845686:C:A
22:33845734:G:T
22:33845767:C:G
22:33845817:G:A
22:33845818:A:C
22:33845831:A:C
22:33845851:A:T
22:33846914:C:T
22:33846972:G:C
22:33847024:C:T
22:33847041:C:T
22:33847076:A:G
22:33847286:T:C
22:33848023:C:T
22:33848092:C:T
22:33848972:G:C
22:33849461:A:G
22:33849789:A:G
22:33850168:T:C
22:33856304:C:G
22:33857104:T:C
22:33857713:G:A
22:33858304:G:A
22:33859148:C:T
22:33859167:C:T
22:33860825:C:A
22:33861275:C:G
22:33862494:G:T
22:33863218:G:A
22:33863676:A:G
22:33864711:T:A
22:33864817:A:G
22:33865302:T:C
22:33866854:G:A
22:33867163:A:G
22:33870673:C:G
22:33872468:A:G
22:33873203:A:G
22:33875161:A:G
22:33879139:G:A
22:33881925:C:T
22:33885208:T:C
22:33885287:T:C
22:33886848:T:C
22:33890019:G:C
22:33890629:A:G
22:33892516:G:C
22:33892590:T:C
22:33893421:T:G
22:33893601:T:C
22:33893805:C:G
22:33894294:T:C
22:33894488:A:G
22:33895535:C:T
22:33896473:A:G
22:33896495:A:G
22:33898444:C:T
22:33902342:C:G
22:33904676:T:A
22:33904754:C:T
22:33907964:A:G
22:33909323:C:G
22:33909895:A:G
22:33910736:C:T
22:33913844:G:C
22:33919934:C:T
22:33920421:C:T
22:33924289:G:T
22:33924483:G:A
22:33924919:C:T
22:33925010:A:T
22:33925752:C:T
22:33927881:G:A
22:33928225:C:T
22:33929352:G:A
22:33929800:A:T
22:33930015:A:G
22:33930453:G:T
22:33930525:G:C
22:33931490:C:T
22:33932356:T:C
22:33932381:T:C
22:33932514:T:A
22:33932624:A:G
22:33933520:T:G
22:33933584:T:C
22:33933970:T:C
22:33934464:T:C
22:33934485:A:C
22:33934745:G:T
22:33935108:T:C
22:33935897:C:A
22:33936021:C:T
22:33936665:C:T
22:33938447:C:G
22:33938760:T:G
22:33938761:T:C
22:33939558:G:A
22:33940002:A:G
22:33940032:C:G
22:33941163:T:C
22:33941915:T:C
22:33942150:C:T
22:33942574:T:C
22:33942894:G:A
22:33943284:G:A
22:33944900:C:T
22:33946783:T:C
22:33947152:A:C
22:33948917:C:A
22:33949187:T:C
22:33950283:A:G
22:33950513:G:A
22:33950537:G:A
22:33950885:A:G
22:33951148:G:T
22:33951213:T:C
22:33951225:G:A
22:33951266:A:C
22:33951553:C:G
22:33953538:G:T
22:33954321:A:G
22:33954700:A:T
22:33955174:A:C
22:33956080:T:C
22:33958689:C:T
22:33959638:T:G
22:33960548:C:A
22:33960676:A:G
22:33961517:T:C
22:33961636:T:C
22:33961918:C:T
22:33962475:T:C
22:33962949:G:A
22:33963191:G:T
22:33963757:C:T
22:33963938:T:G
22:33965006:T:C
22:33965497:A:G
22:33965639:A:G
22:33965912:C:T
22:33965913:G:A
22:33966725:T:A
22:33967686:G:T
22:33968368:G:T
22:33969016:G:A
22:33969514:A:G
22:33970348:A:C
22:33972438:C:T
22:33973088:T:C
22:33973118:C:T
22:33973415:T:C
22:33973512:C:T
22:33973544:C:G
22:33973905:A:G
22:33974254:T:C
22:33975839:C:G
22:33975998:G:A
22:33978076:C:T
22:33978131:T:C
22:33978311:G:T
22:33978458:A:C
22:33979605:C:T
22:33979937:A:G
22:33980108:T:A
22:33980680:C:T
22:33980719:A:G
22:33981599:C:T
22:33983380:A:G
22:33983594:G:A
22:33984329:T:C
22:33984394:A:G
22:33984757:C:T
22:33985010:A:G
22:33985315:A:G
22:33985360:G:T
22:33985629:T:C
22:33986493:C:G
22:33986543:A:G
22:33986668:T:C
22:33988470:A:G
22:33989174:C:A
22:33989858:T:C
22:33990203:T:C
22:33991430:A:T
22:33991571:A:G
22:33991956:T:C
22:33993081:T:C
22:33995466:G:C
22:33996202:C:T
22:33997376:A:T
22:33997551:C:T
22:33997712:G:A
22:33997715:A:C
22:33997723:T:A
22:33998026:C:T
22:33998541:A:C
22:34000175:T:C
22:34000230:T:C
22:34000282:C:G
22:34000928:T:G
22:34001893:C:T
22:34002731:A:G
22:34004071:C:T
22:34004561:C:T
22:34005507:C:T
22:34005906:T:A
22:34006203:A:G
22:34008430:A:G
22:34009972:C:T
22:34010313:A:T
22:34010710:C:T
22:34011334:A:G
22:34011935:T:A
22:34012346:G:A
22:34013807:C:T
22:34014777:G:T
22:34014873:C:T
22:34015686:G:A
22:34015991:A:G
22:34016954:G:C
22:34016957:G:A
22:34017307:T:C
22:34018251:C:T
22:34018750:A:C
22:34019565:C:T
22:34020185:G:C
22:34020429:T:C
22:34021876:A:G
22:34022284:G:A
22:34022856:C:T
22:34022969:T:C
22:34023995:G:A
22:34024097:G:T
22:34024452:T:C
22:34025837:A:G
22:34027471:A:C
22:34028976:G:A
22:34029588:C:T
22:34030206:A:C
22:34031333:G:A
22:34032005:C:T
22:34034101:C:T
22:34034255:C:A
22:34035034:A:C
22:34043731:A:C
22:34046209:C:T
22:34048923:C:T
22:34048934:T:C
22:34049096:C:T
22:34050005:C:T
22:34050561:C:T
22:34050980:C:A
22:34051845:G:A
22:34053443:T:C
22:34053620:C:T
22:34056545:G:A
22:34058236:T:C
22:34058812:G:C
22:34058890:G:A
22:34059041:A:C
22:34059487:T:C
22:34059703:C:T
22:34059719:C:G
22:34060303:C:T
22:34060802:G:A
22:34061053:T:C
22:34061156:T:C
22:34061215:A:G
22:34061251:G:T
22:34061410:C:T
22:34066384:A:G
22:34068567:A:G
22:34068576:G:A
22:34070425:G:A
22:34070628:A:T
22:34070673:A:G
22:34070749:C:T
22:34070821:T:C
22:34072009:T:C
22:34073758:C:T
22:34073795:G:A
22:34073796:A:G
22:34073833:G:T
22:34074461:C:T
22:34077092:T:C
22:34077196:T:C
22:34079068:C:T
22:34079176:T:C
22:34079989:T:C
22:34080132:A:T
22:34081902:C:A
22:34083987:A:G
22:34084086:T:C
22:34084846:T:C
22:34086494:A:G
22:34087063:C:G
22:34088176:T:A
22:34089182:C:T
22:34089260:A:T
22:34089348:T:C
22:34090362:A:G
22:34090873:T:C
22:34091569:C:T
22:34091748:A:C
22:34092831:T:C
22:34095499:G:A
22:34095941:A:G
22:34095985:C:T
22:34096135:G:A
22:34097765:A:G
22:34098342:T:C
22:34099055:A:T
22:34100944:G:A
22:34101885:T:C
22:34102803:A:G
22:34104403:G:A
22:34104444:A:C
22:34105222:C:T
22:34106384:G:A
22:34106504:A:G
22:34106551:G:A
22:34106745:G:A
22:34107247:C:G
22:34108174:T:C
22:34109874:T:C
22:34110284:G:A
22:34110580:G:A
22:34110614:T:C
22:34111641:A:C
22:34111978:G:A
22:34113589:G:A
22:34113903:A:C
22:34116538:G:A
22:34116864:C:T
22:34117139:G:C
22:34117145:C:T
22:34119803:G:A
22:34119898:C:T
22:34120608:T:C
22:34121525:A:G
22:34121863:A:G
22:34123789:A:G
22:34123827:G:C
22:34124976:A:G
22:34126617:T:C
22:34128982:C:G
22:34130860:T:C
22:34130913:A:T
22:34132955:A:G
22:34133402:T:A
22:34133667:G:A
22:34134304:A:G
22:34134364:G:A
22:34135007:A:G
22:34135043:C:G
22:34135432:T:C
22:34135472:A:G
22:34136002:G:A
22:34137267:T:C
22:34137784:A:G
22:34138628:C:T
22:34139032:C:T
22:34139051:T:C
22:34140021:G:C
22:34140955:T:C
22:34140977:A:C
22:34141321:T:C
22:34142936:T:G
22:34143341:C:T
22:34144562:C:T
22:34144823:A:G
22:34145391:C:T
22:34145596:A:G
22:34146368:A:G
22:34146971:C:T
22:34147547:G:C
22:34147575:C:T
22:34150984:C:T
22:34151949:T:A
22:34152060:C:T
22:34152653:C:G
22:34152661:T:G
22:34152899:C:T
22:34152919:A:G
22:34153047:C:T
22:34153395:G:A
22:34153436:G:T
22:34153445:C:G
22:34153779:T:C
22:34153788:T:G
22:34153853:T:C
22:34153854:A:G
22:34154020:C:T
22:34154229:C:T
22:34156607:T:C
22:34157526:G:A
22:34158060:G:A
22:34158440:C:T
22:34158772:C:T
22:34158796:C:T
22:34159536:G:A
22:34160789:G:A
22:34162025:T:C
22:34163761:A:T
22:34166081:G:A
22:34168009:T:C
22:34168663:A:G
22:34169292:C:T
22:34169394:G:A
22:34170076:A:G
22:34170195:A:G
22:34171379:G:A
22:34172049:C:T
22:34172277:G:A
22:34172423:C:T
22:34172461:A:G
22:34172480:A:G
22:34172489:G:A
22:34172588:C:T
22:34172801:C:T
22:34172915:G:A
22:34174629:T:C
22:34175171:C:T
22:34175220:C:G
22:34175254:G:A
22:34176486:C:T
22:34177945:T:C
22:34178159:C:T
22:34178537:T:C
22:34180237:T:C
22:34180949:T:C
22:34181047:T:C
22:34181409:C:T
22:34181410:A:G
22:34183688:C:T
22:34184159:C:T
22:34184565:G:A
22:34186633:C:G
22:34186914:C:T
22:34187863:G:C
22:34188764:C:T
22:34193122:A:G
22:34193232:C:A
22:34193881:T:C
22:34194745:C:T
22:34196626:C:T
22:34197381:C:T
22:34197802:T:C
22:34198290:T:A
22:34198628:C:G
22:34201193:C:T
22:34202054:C:T
22:34202493:A:G
22:34203195:C:T
22:34203231:G:T
22:34203332:G:A
22:34203496:A:G
22:34203717:T:C
22:34204239:A:T
22:34204251:C:A
22:34204494:G:C
22:34205329:T:C
22:34206039:C:A
22:34206041:T:A
22:34206341:G:A
22:34206600:G:A
22:34207052:G:A
22:34208284:C:T
22:34208570:C:T
22:34209319:A:C
22:34209599:G:A
22:34209742:G:C
22:34210998:C:T
22:34211556:G:T
22:34211592:A:G
22:34212294:C:T
22:34213718:G:A
22:34214448:A:G
22:34215782:T:G
22:34215934:C:T
22:34216487:A:T
22:34217224:T:C
22:34217757:C:T
22:34217765:A:T
22:34217802:G:A
22:34218355:C:T
22:34218798:C:T
22:34219013:T:A
22:34219167:T:A
22:34219219:A:G
22:34219506:G:C
22:34219939:A:G
22:34220266:C:G
22:34220483:T:A
22:34220688:A:T
22:34220943:G:A
22:34220967:A:G
22:34222909:C:G
22:34223010:T:C
22:34223872:T:C
22:34224296:T:C
22:34224315:T:G
22:34224707:T:C
22:34224799:T:C
22:34224868:C:T
22:34224916:C:A
22:34225359:G:A
22:34225417:G:A
22:34225482:C:T
22:34225927:C:A
22:34226068:G:A
22:34226143:C:T
22:34226185:A:G
22:34226412:C:G
22:34226440:T:C
22:34226582:G:A
22:34226585:T:A
22:34226660:C:T
22:34226685:C:T
22:34226785:A:G
22:34227271:C:T
22:34228587:C:G
22:34229105:C:T
22:34229952:T:G
22:34230190:C:T
22:34230254:G:T
22:34230473:C:T
22:34232951:T:C
22:34233005:T:A
22:34233360:A:G
22:34233567:T:C
22:34234463:C:A
22:34235677:T:C
22:34235922:T:A
22:34236017:T:C
22:34236395:A:G
22:34236436:T:C
22:34236769:A:C
22:34237411:C:T
22:34237827:T:A
22:34238131:C:T
22:34238144:T:G
22:34238465:G:C
22:34238831:T:C
22:34239559:A:T
22:34241270:T:C
22:34241306:T:C
22:34241811:G:A
22:34243634:T:C
22:34243642:G:C
22:34244268:T:C
22:34244563:G:A
22:34244728:A:T
22:34244818:C:T
22:34245092:C:G
22:34245138:A:T
22:34245216:C:T
22:34245401:T:C
22:34245533:T:C
22:34245754:C:T
22:34246976:G:C
22:34247064:A:G
22:34247794:G:A
22:34247917:G:A
22:34248314:C:A
22:34249434:G:A
22:34249717:T:C
22:34250366:G:A
22:34250471:A:G
22:34250634:T:C
22:34251510:G:A
22:34251544:C:T
22:34252259:A:C
22:34252300:G:A
22:34252374:C:T
22:34252412:G:C
22:34252545:G:A
22:34253031:A:G
22:34253393:G:T
22:34253492:T:G
22:34255628:A:G
22:34255910:G:A
22:34256108:T:A
22:34256369:A:C
22:34256853:C:T
22:34256860:C:T
22:34256908:A:G
22:34256919:T:C
22:34256923:C:A
22:34257133:G:A
22:34257221:G:A
22:34258454:G:C
22:34259378:G:A
22:34259398:T:A
22:34259426:C:T
22:34259910:G:A
22:34259921:A:C
22:34260738:C:T
22:34261643:C:A
22:34262097:G:T
22:34262416:C:T
22:34262955:A:G
22:34263325:G:A
22:34263362:A:G
22:34265387:A:G
22:34265796:T:C
22:34265879:A:C
22:34265980:C:T
22:34266717:C:T
22:34267278:A:G
22:34267566:A:T
22:34268230:A:G
22:34268471:G:A
22:34268515:C:A
22:34269110:T:C
22:34269171:G:A
22:34269184:C:T
22:34269447:G:C
22:34269491:A:G
22:34269526:C:T
22:34270163:A:G
22:34270693:T:G
22:34271782:A:G
22:34272509:T:C
22:34275560:G:A
22:34276698:T:G
22:34277434:G:T
22:34278490:G:A
22:34279012:T:A
22:34280249:A:G
22:34281047:T:C
22:34281745:G:A
22:34282997:T:G
22:34283144:G:T
22:34283665:T:C
22:34283710:A:G
22:34284173:A:G
22:34284326:T:C
22:34286681:T:C
22:34287350:T:C
22:34287819:C:T
22:34288389:A:G
22:34288512:C:T
22:34288690:G:A
22:34288977:G:A
22:34289025:G:A
22:34289857:A:G
22:34290235:A:C
22:34290716:A:G
22:34291465:G:A
22:34291613:C:T
22:34291750:A:G
22:34293516:T:C
22:34294069:C:T
22:34295410:G:T
22:34295465:C:T
22:34295777:A:T
22:34295874:C:T
22:34296093:A:C
22:34299436:T:C
22:34300732:T:G
22:34300734:T:G
22:34304073:C:T
22:34307875:T:C
22:34310288:T:C
22:34314120:G:A
22:34314144:A:T
22:34314645:A:C
22:34314841:G:A
22:34315294:G:C
22:34315423:T:G
22:34315478:A:C
22:34316077:G:A
22:34317623:T:G
22:34318741:A:G
22:34319286:T:C
22:34320457:G:A
22:34322022:T:C
22:34325300:C:T
22:34325821:G:T
22:34326145:A:G
22:34326399:T:C
22:34326529:G:C
22:34327276:C:G
22:34327395:A:G
22:34327399:A:T
22:34327709:C:T
22:34328935:A:T
22:34329326:T:C
22:34331345:C:G
22:34332195:C:A
22:34333623:A:G
22:34334602:A:T
22:34335096:G:C
22:34336228:C:G
22:34336607:A:G
22:34337515:G:A
22:34338283:T:C
22:34338666:A:G
22:34338825:C:G
22:34339351:A:G
22:34340046:C:A
22:34347159:T:C
22:34347559:A:G
22:34348326:T:G
22:34351384:G:A
22:34353546:A:G
22:34357236:A:G
22:34357489:A:G
22:34358639:C:A
22:34358906:C:G
22:34359717:T:C
22:34360773:C:T
22:34363286:T:C
22:34363855:A:T
22:34364249:T:C
22:34369404:T:C
22:34369696:T:G
22:34371108:C:G
22:34375707:A:G
22:34377020:T:C
22:34378012:G:A
22:34379623:G:T
22:34382971:C:T
22:34386083:G:A
22:34386473:A:G
22:34387510:A:G
22:34391473:A:T
22:34392013:A:G
22:34393744:G:C
22:34395171:C:T
22:34396795:T:C
22:34396981:G:T
22:34398083:C:T
22:34400253:T:C
22:34400330:A:G
22:34401218:C:T
22:34401375:A:C
22:34404781:C:T
22:34406542:A:G
22:34408035:T:C
22:34408216:G:A
22:34409246:C:T
22:34410048:G:A
22:34411039:C:G
22:34411071:T:C
22:34411714:C:A
22:34413746:A:T
22:34414616:A:C
22:34415695:G:A
22:34415836:G:A
22:34415870:A:C
22:34416498:C:T
22:34420138:T:C
22:34422094:G:A
22:34422147:C:G
22:34422662:A:G
22:34423169:C:T
22:34423420:G:T
22:34423884:A:T
22:34424170:T:G
22:34424834:T:C
22:34425834:C:T
22:34427836:C:T
22:34428824:A:G
22:34429738:A:G
22:34432807:T:G
22:34433704:T:C
22:34435815:G:C
22:34436115:G:T
22:34436795:T:C
22:34437261:C:T
22:34442621:C:G
22:34442938:T:G
22:34442940:C:T
22:34443306:G:A
22:34444365:C:G
22:34445198:A:G
22:34445405:G:A
22:34445435:C:G
22:34447263:T:C
22:34447269:A:C
22:34451818:A:G
22:34454527:C:G
22:34461202:C:T
22:34463361:A:T
22:34464049:G:A
22:34465569:G:A
22:34465753:T:C
22:34466030:A:G
22:34466258:G:A
22:34466882:A:G
22:34466886:C:T
22:34468181:G:A
22:34469753:T:C
22:34469812:C:T
22:34472295:C:A
22:34473145:A:G
22:34473635:G:A
22:34473652:A:C
22:34473756:A:G
22:34474560:G:T
22:34474645:T:G
22:34474699:C:A
22:34475231:A:G
22:34476087:G:A
22:34476170:G:A
22:34477683:T:A
22:34478724:A:G
22:34478925:G:A
22:34479034:C:T
22:34479161:G:A
22:34481608:C:T
22:34481644:G:T
22:34481775:T:C
22:34482940:C:T
22:34482951:A:G
22:34483130:A:G
22:34484130:T:A
22:34488452:G:A
22:34489133:A:G
22:34489298:C:T
22:34491513:C:T
22:34492542:T:C
22:34492709:A:T
22:34495450:G:A
22:34495465:A:T
22:34495551:C:T
22:34496035:C:A
22:34496691:C:A
22:34496718:A:T
22:34497307:G:A
22:34497983:G:A
22:34497993:C:T
22:34499558:A:C
22:34501541:G:A
22:34502810:G:T
22:34503059:A:G
22:34505878:A:G
22:34505903:T:C
22:34505919:T:G
22:34506382:A:G
22:34508491:A:G
22:34510633:C:G
22:34510915:T:A
22:34511965:T:C
22:34512123:A:G
22:34514810:A:C
22:34516294:T:G
22:34516551:C:T
22:34517159:G:C
22:34517432:A:T
22:34520765:C:T
22:34521333:C:T
22:34521550:C:T
22:34522252:A:G
22:34523488:C:T
22:34523877:G:C
22:34524988:C:A
22:34526428:T:C
22:34527749:G:T
22:34530384:T:C
22:34531343:T:C
22:34531373:T:A
22:34533635:G:A
22:34533742:C:T
22:34534004:C:A
22:34535914:G:C
22:34536968:A:G
22:34537450:C:T
22:34538579:C:T
22:34538655:A:G
22:34539386:G:A
22:34539878:C:T
22:34540656:A:G
22:34540667:C:A
22:34543541:G:A
22:34543765:T:A
22:34545052:G:A
22:34545143:C:T
22:34545398:A:G
22:34545549:T:G
22:34545782:G:A
22:34545788:T:G
22:34546503:C:T
22:34546682:G:A
22:34547965:T:A
22:34548182:A:G
22:34548442:A:G
22:34548646:T:C
22:34548880:C:T
22:34548882:A:G
22:34548967:C:A
22:34548975:C:T
22:34549440:G:A
22:34549495:C:T
22:34549635:A:G
22:34550523:T:A
22:34550590:C:G
22:34550905:G:A
22:34552405:C:T
22:34552415:G:A
22:34552476:T:C
22:34552481:G:C
22:34552701:T:A
22:34553273:C:G
22:34553603:A:C
22:34555749:G:C
22:34557050:G:T
22:34557175:C:G
22:34558714:G:C
22:34558740:G:T
22:34559875:A:C
22:34560083:G:C
22:34560376:G:T
22:34561396:A:G
22:34561398:G:C
22:34561720:C:G
22:34561839:C:A
22:34561889:G:T
22:34562299:T:C
22:34562967:A:G
22:34563319:G:A
22:34563506:G:A
22:34563695:T:C
22:34563696:G:A
22:34563864:G:T
22:34563947:C:T
22:34564032:T:C
22:34564361:A:C
22:34565528:C:G
22:34566029:C:T
22:34566109:T:A
22:34566394:G:A
22:34566653:T:G
22:34566967:T:C
22:34566988:G:A
22:34567763:G:A
22:34567852:G:A
22:34568319:T:C
22:34568960:G:A
22:34568966:C:T
22:34570637:A:T
22:34571858:A:G
22:34572082:C:T
22:34573078:A:G
22:34575064:C:T
22:34575158:G:A
22:34575320:A:T
22:34575330:T:C
22:34575498:T:A
22:34575519:G:A
22:34575542:A:C
22:34575585:C:A
22:34575632:C:T
22:34576097:G:A
22:34576191:G:T
22:34576352:A:G
22:34576359:G:T
22:34576668:T:C
22:34576687:A:G
22:34577054:T:C
22:34577182:T:G
22:34577185:A:G
22:34578005:G:A
22:34578477:T:A
22:34578693:T:C
22:34579123:G:A
22:34579351:G:A
22:34579371:C:A
22:34579988:C:T
22:34580216:C:T
22:34580844:C:T
22:34581320:C:T
22:34581741:G:T
22:34582099:T:A
22:34582694:A:C
22:34582726:T:C
22:34583078:G:A
22:34583176:A:G
22:34583302:G:A
22:34585655:G:A
22:34585852:G:C
22:34586202:C:T
22:34586327:T:C
22:34586481:G:A
22:34586602:C:A
22:34586902:C:G
22:34587043:C:T
22:34587156:G:A
22:34587361:A:G
22:34587447:C:T
22:34588702:T:G
22:34588748:G:T
22:34589132:T:C
22:34589133:G:A
22:34589414:C:T
22:34589494:G:A
22:34589651:A:C
22:34589870:T:C
22:34589888:C:T
22:34589966:A:G
22:34590159:T:G
22:34590677:A:G
22:34591328:T:C
22:34591611:C:T
22:34591619:T:G
22:34591736:G:A
22:34592156:C:G
22:34594248:T:C
22:34594282:G:C
22:34594302:A:G
22:34594304:C:T
22:34594453:G:T
22:34595240:G:A
22:34595453:T:C
22:34595455:C:T
22:34595753:T:G
22:34596479:A:G
22:34596556:G:A
22:34596890:A:G
22:34596940:C:T
22:34597416:G:A
22:34597679:G:T
22:34597996:G:T
22:34598568:A:G
22:34598662:G:A
22:34598863:T:C
22:34599289:A:C
22:34599617:C:T
22:34599623:C:A
22:34600013:C:T
22:34600465:T:C
22:34600466:G:T
22:34600684:G:A
22:34601332:A:G
22:34601549:T:A
22:34601910:T:A
22:34602188:A:G
22:34602392:T:C
22:34603233:C:T
22:34603988:G:T
22:34604253:T:C
22:34604261:A:T
22:34605163:G:A
22:34605334:G:T
22:34605957:C:T
22:34606299:G:A
22:34606839:G:A
22:34607713:G:A
22:34608512:A:C
22:34609419:C:T
22:34610094:C:A
22:34610393:G:C
22:34610794:T:C
22:34610905:T:A
22:34611244:C:T
22:34611619:A:T
22:34612631:G:A
22:34612935:G:A
22:34613043:C:T
22:34613347:A:G
22:34613900:G:A
22:34613919:T:C
22:34614061:A:G
22:34614253:G:C
22:34614591:T:C
22:34614920:C:A
22:34615196:G:A
22:34615809:C:T
22:34616552:T:C
22:34617940:T:A
22:34618189:C:T
22:34618688:T:C
22:34618798:A:T
22:34618819:A:T
22:34619005:T:C
22:34619445:A:G
22:34619587:C:G
22:34619937:C:T
22:34620553:T:C
22:34620597:T:C
22:34620754:C:T
22:34621248:A:T
22:34621660:A:G
22:34622965:T:C
22:34623860:C:T
22:34624839:C:T
22:34625130:C:A
22:34625156:G:A
22:34625162:T:A
22:34625308:G:A
22:34625711:A:G
22:34625784:C:T
22:34626453:C:A
22:34626486:G:A
22:34626538:T:C
22:34626648:A:G
22:34626968:A:G
22:34627141:A:G
22:34627732:C:T
22:34627741:A:G
22:34628101:A:G
22:34628906:G:A
22:34628912:A:G
22:34630087:T:C
22:34630104:T:G
22:34630123:A:G
22:34631326:G:A
22:34631657:A:G
22:34631750:G:C
22:34633191:T:A
22:34633391:G:T
22:34633738:C:G
22:34633904:G:A
22:34634899:A:G
22:34635193:C:T
22:34635334:T:C
22:34636072:C:A
22:34636198:A:G
22:34636899:C:T
22:34638284:C:G
22:34640046:T:C
22:34641743:T:C
22:34642042:A:G
22:34642423:T:G
22:34642530:G:A
22:34642721:C:T
22:34642970:A:G
22:34644038:G:A
22:34645946:T:G
22:34646113:A:T
22:34646218:A:G
22:34646980:A:C
22:34647510:C:T
22:34650584:G:A
22:34651542:G:A
22:34652712:T:C
22:34654148:A:G
22:34655528:A:G
22:34655647:C:T
22:34656592:T:C
22:34656996:C:T
22:34657792:A:C
22:34661818:T:C
22:34663067:T:C
22:34663926:C:G
22:34668073:G:A
22:34668311:A:G
22:34668330:G:A
22:34669084:C:T
22:34669170:G:A
22:34670264:C:T
22:34671012:G:A
22:34672181:C:G
22:34672828:C:T
22:34675389:C:A
22:34675390:C:A
22:34675903:T:G
22:34676921:A:G
22:34677891:G:C
22:34678661:C:T
22:34681163:T:C
22:34681340:C:T
22:34681667:A:T
22:34683365:G:A
22:34683439:C:T
22:34683751:G:A
22:34684222:T:C
22:34684889:G:A
22:34686058:G:T
22:34686630:A:T
22:34686898:C:A
22:34687319:C:G
22:34687545:G:C
22:34689161:C:A
22:34689333:C:G
22:34690648:G:A
22:34691035:G:A
22:34691559:A:G
22:34691632:A:C
22:34691659:T:G
22:34693117:C:G
22:34693852:A:G
22:34694572:T:C
22:34695186:A:G
22:34695409:G:A
22:34697019:A:C
22:34697142:C:T
22:34698379:T:C
22:34698869:C:G
22:34698979:C:T
22:34702490:G:A
22:34703428:G:C
22:34704188:G:A
22:34705066:G:A
22:34707575:T:C
22:34708089:A:G
22:34708099:G:A
22:34708193:C:T
22:34708700:A:C
22:34709445:T:A
22:34709621:C:T
22:34709935:G:T
22:34710004:G:A
22:34710252:T:C
22:34711121:C:T
22:34711559:C:A
22:34712318:G:A
22:34713242:T:C
22:34715414:G:A
22:34715880:A:G
22:34715897:C:G
22:34716499:C:T
22:34716868:A:G
22:34721017:T:G
22:34721135:G:C
22:34721274:A:C
22:34721434:G:T
22:34722165:C:T
22:34723028:T:A
22:34725529:G:T
22:34725843:T:C
22:34725929:A:G
22:34726496:G:C
22:34727040:T:G
22:34727120:A:G
22:34727172:A:G
22:34727757:C:A
22:34728178:C:T
22:34728213:G:A
22:34728231:C:G
22:34728347:A:C
22:34728586:G:C
22:34728664:G:A
22:34729791:A:C
22:34729825:G:T
22:34730285:T:C
22:34730635:G:A
22:34730881:G:A
22:34731031:G:A
22:34731050:T:C
22:34731845:G:A
22:34731964:A:G
22:34732022:C:G
22:34732098:T:A
22:34732555:G:A
22:34732789:G:C
22:34733178:T:C
22:34733510:G:C
22:34734371:T:C
22:34734873:G:A
22:34735139:T:C
22:34735209:G:A
22:34735373:G:A
22:34735727:T:A
22:34735780:C:T
22:34735826:T:C
22:34735930:C:T
22:34736482:A:T
22:34736659:C:T
22:34736716:T:C
22:34736785:G:A
22:34737236:T:C
22:34737289:C:T
22:34737301:C:A
22:34737444:G:T
22:34737765:G:T
22:34738023:A:G
22:34738043:A:G
22:34738447:T:G
22:34738558:G:A
22:34739119:C:T
22:34740000:C:G
22:34740281:T:A
22:34740703:A:C
22:34741082:T:C
22:34741404:G:A
22:34742066:T:G
22:34742086:C:G
22:34742799:G:A
22:34744069:T:C
22:34744636:T:C
22:34745198:T:C
22:34745627:G:A
22:34745676:A:G
22:34746698:G:A
22:34746706:T:A
22:34746974:G:A
22:34747509:G:A
22:34748164:G:T
22:34748386:G:A
22:34748720:C:T
22:34748967:T:C
22:34749022:C:G
22:34749192:G:A
22:34750776:G:A
22:34750873:C:A
22:34751010:G:T
22:34751655:A:G
22:34751692:G:A
22:34752223:A:G
22:34752506:G:A
22:34752981:G:A
22:34753336:A:G
22:34753671:A:T
22:34755159:G:T
22:34755427:G:A
22:34755896:T:A
22:34756271:A:G
22:34756718:G:T
22:34757066:A:G
22:34757186:T:A
22:34757766:T:A
22:34757912:G:A
22:34757914:T:A
22:34758178:A:G
22:34758499:G:A
22:34759658:C:T
22:34759933:G:A
22:34760815:C:T
22:34761403:A:C
22:34761679:T:G
22:34761702:C:T
22:34762324:A:G
22:34762441:T:C
22:34762495:G:A
22:34762530:G:T
22:34763647:C:G
22:34763823:G:A
22:34763907:T:G
22:34763909:A:T
22:34764573:T:C
22:34764612:G:T
22:34764720:C:A
22:34765287:T:C
22:34766077:G:T
22:34766505:T:C
22:34766511:A:G
22:34766583:G:A
22:34768233:C:T
22:34768480:G:C
22:34768745:A:G
22:34768852:C:T
22:34769526:G:C
22:34769555:A:C
22:34770020:G:A
22:34770148:T:C
22:34770157:T:C
22:34770198:A:G
22:34770474:A:T
22:34770938:G:T
22:34771207:G:A
22:34771716:G:A
22:34771723:G:A
22:34771907:C:A
22:34772326:C:T
22:34772440:A:G
22:34772646:A:G
22:34772727:A:G
22:34773088:A:G
22:34774418:A:G
22:34774464:C:T
22:34774577:A:G
22:34774585:C:A
22:34774720:T:G
22:34774780:A:G
22:34774941:G:A
22:34775334:G:A
22:34775397:A:G
22:34775424:A:G
22:34775425:A:G
22:34775523:G:A
22:34775715:G:C
22:34776008:G:A
22:34776016:T:G
22:34776249:G:A
22:34776316:G:T
22:34776323:A:G
22:34776591:T:C
22:34776741:A:G
22:34776809:A:C
22:34776882:T:G
22:34777003:G:A
22:34777129:A:G
22:34777305:A:G
22:34777395:T:C
22:34777610:T:C
22:34777722:A:G
22:34778009:G:A
22:34778187:C:G
22:34778244:T:C
22:34778309:C:A
22:34778371:A:G
22:34778619:G:T
22:34778693:A:G
22:34778749:A:G
22:34778761:G:T
22:34778816:G:A
22:34779108:C:T
22:34779433:C:A
22:34779774:A:G
22:34779986:T:C
22:34780230:A:G
22:34780249:G:A
22:34780821:T:C
22:34781132:C:T
22:34781181:T:C
22:34781218:G:T
22:34781427:T:G
22:34781484:A:G
22:34781663:A:G
22:34782227:A:T
22:34782353:A:T
22:34782625:T:C
22:34784583:A:T
22:34786136:A:G
22:34786500:G:A
22:34787054:A:G
22:34787371:A:G
22:34787731:T:A
22:34788203:C:A
22:34788479:C:G
22:34788834:C:T
22:34789111:C:T
22:34789173:G:A
22:34789489:C:T
22:34789725:G:A
22:34790067:C:T
22:34790106:A:G
22:34790126:A:G
22:34790158:G:T
22:34790467:C:G
22:34790639:G:C
22:34790934:T:C
22:34791230:A:T
22:34791266:T:C
22:34791484:T:C
22:34791523:G:C
22:34791736:T:C
22:34793228:A:G
22:34793595:C:T
22:34793661:C:A
22:34794896:C:T
22:34795017:A:G
22:34795021:G:C
22:34795096:G:A
22:34795127:C:T
22:34795204:G:A
22:34795213:A:G
22:34795229:C:T
22:34795378:C:T
22:34795645:T:C
22:34795965:G:A
22:34796081:C:T
22:34796314:C:T
22:34796331:A:G
22:34796708:C:T
22:34797159:A:G
22:34797432:G:C
22:34797531:T:A
22:34797600:G:C
22:34797621:A:C
22:34797636:C:A
22:34797663:C:T
22:34798028:T:A
22:34798041:C:T
22:34798121:G:A
22:34798244:C:T
22:34798245:C:T
22:34798293:C:T
22:34798397:G:A
22:34798478:T:G
22:34798703:G:A
22:34798754:A:G
22:34798836:G:A
22:34798964:A:G
22:34799079:G:A
22:34799184:G:A
22:34800584:C:A
22:34800789:G:T
22:34801297:G:C
22:34801455:T:A
22:34801498:A:G
22:34801806:G:A
22:34802624:A:G
22:34802655:T:C
22:34803550:C:T
22:34805830:A:C
22:34805853:A:G
22:34806833:G:A
22:34806992:A:G
22:34807117:T:A
22:34808103:G:A
22:34809036:A:T
22:34809219:G:C
22:34809453:C:T
22:34809636:G:A
22:34810154:G:A
22:34810315:G:C
22:34811838:G:T
22:34812906:G:T
22:34815224:T:C
22:34815619:T:C
22:34816202:G:T
22:34816876:T:G
22:34816972:A:G
22:34817025:A:G
22:34817038:A:G
22:34817253:T:C
22:34817547:C:T
22:34817891:A:G
22:34818009:C:A
22:34818217:C:A
22:34818466:C:T
22:34818540:T:C
22:34818544:A:G
22:34818610:A:T
22:34818613:G:C
22:34819749:A:T
22:34820116:A:C
22:34820411:C:A
22:34822642:G:A
22:34822643:T:C
22:34823001:G:A
22:34823062:G:A
22:34823188:T:G
22:34823828:A:G
22:34824108:G:A
22:34825423:A:G
22:34825788:C:A
22:34826141:G:A
22:34826556:A:T
22:34826588:T:C
22:34827028:G:A
22:34828088:G:A
22:34828825:C:T
22:34830590:G:A
22:34831534:G:A
22:34831721:G:C
22:34833239:A:G
22:34833321:G:A
22:34834478:G:A
22:34835232:C:T
22:34836492:A:G
22:34837099:C:T
22:34837210:A:G
22:34837524:T:C
22:34839115:C:T
22:34839367:C:A
22:34839924:G:T
22:34840131:T:A
22:34840174:G:A
22:34840527:T:C
22:34840554:C:T
22:34840736:T:A
22:34841008:T:C
22:34842414:G:C
22:34842677:T:C
22:34843337:C:G
22:34843392:C:T
22:34843846:T:G
22:34843854:T:G
22:34843856:T:C
22:34843891:A:G
22:34844360:G:A
22:34844418:A:G
22:34846352:A:G
22:34846530:C:A
22:34847027:A:G
22:34847917:C:T
22:34848804:T:C
22:34851109:A:C
22:34851133:C:T
22:34854665:T:C
22:34855164:T:G
22:34855204:G:C
22:34856104:C:G
22:34858450:A:T
22:34858619:T:C
22:34859361:A:T
22:34859793:A:G
22:34859993:G:C
22:34860178:A:T
22:34860584:A:G
22:34860926:G:C
22:34861364:A:T
22:34863375:G:A
22:34863764:C:T
22:34866107:C:T
22:34866302:T:A
22:34867182:G:A
22:34867431:T:C
22:34868401:T:C
22:34869196:G:A
22:34869408:T:C
22:34869949:A:G
22:34870990:T:C
22:34871008:T:C
22:34871591:A:C
22:34871742:G:T
22:34872064:C:T
22:34872206:G:A
22:34873596:C:T
22:34873663:A:T
22:34874101:T:G
22:34874323:C:T
22:34875231:A:G
22:34875363:T:C
22:34875526:A:G
22:34875571:C:T
22:34875641:A:G
22:34875662:T:C
22:34875717:C:T
22:34876808:A:G
22:34877530:T:C
22:34879061:A:C
22:34879230:G:A
22:34881417:A:G
22:34882024:G:A
22:34882064:A:G
22:34882072:A:T
22:34882579:A:G
22:34884251:G:A
22:34884616:G:C
22:34884877:C:G
22:34886889:C:T
22:34886989:C:T
22:34887270:G:C
22:34888713:G:A
22:34889460:A:C
22:34889516:G:A
22:34889754:T:C
22:34889767:C:A
22:34889998:T:C
22:34890211:A:G
22:34890448:T:C
22:34890899:A:T
22:34892600:C:T
22:34893052:A:G
22:34893699:T:G
22:34894858:A:G
22:34894906:A:G
22:34895034:A:T
22:34895213:T:C
22:34895558:T:G
22:34896968:G:C
22:34896995:T:C
22:34897611:G:C
22:34898034:C:T
22:34898558:G:A
22:34898763:A:G
22:34898791:G:A
22:34898899:C:T
22:34898940:T:A
22:34898949:C:T
22:34899172:T:C
22:34899333:A:C
22:34899523:C:T
22:34899564:C:T
22:34900097:C:G
22:34900232:T:C
22:34900586:C:T
22:34901525:A:G
22:34902153:G:A
22:34902207:G:A
22:34903156:T:C
22:34903306:T:C
22:34903649:G:A
22:34903672:C:T
22:34903709:A:G
22:34903727:G:A
22:34903878:A:G
22:34904107:G:T
22:34904319:T:C
22:34904601:G:A
22:34904762:C:T
22:34905689:A:T
22:34905776:A:G
22:34906181:C:A
22:34906241:A:G
22:34906816:C:T
22:34906973:C:T
22:34907696:C:T
22:34908053:C:T
22:34908405:C:T
22:34909144:T:C
22:34909613:A:G
22:34909963:A:G
22:34910583:G:A
22:34910847:C:T
22:34910917:G:A
22:34911429:T:C
22:34911624:G:A
22:34913743:G:A
22:34914352:T:C
22:34914969:C:G
22:34915022:G:A
22:34915292:T:C
22:34915547:G:A
22:34916546:G:A
22:34916665:A:C
22:34917744:A:G
22:34918333:T:C
22:34919600:C:T
22:34920388:A:G
22:34920698:T:C
22:34920774:G:A
22:34921183:T:A
22:34921246:T:C
22:34921495:G:A
22:34923175:A:G
22:34923409:G:A
22:34923439:A:C
22:34923678:G:A
22:34923857:C:T
22:34923959:C:G
22:34926457:G:A
22:34926540:G:A
22:34928194:C:T
22:34928535:A:C
22:34928548:C:T
22:34929360:T:C
22:34930216:G:A
22:34930477:A:T
22:34930794:A:G
22:34931264:T:C
22:34931836:T:C
22:34932299:G:A
22:34932378:A:G
22:34934348:T:C
22:34936887:G:A
22:34937722:C:G
22:34938045:C:A
22:34938111:T:C
22:34938503:A:G
22:34939063:G:C
22:34940082:G:A
22:34940942:T:G
22:34942090:C:T
22:34942517:A:G
22:34943323:A:T
22:34943674:A:T
22:34944156:A:C
22:34944235:T:C
22:34944420:C:T
22:34944641:T:C
22:34945295:T:A
22:34953804:G:A
22:34954077:C:A
22:34954233:G:A
22:34957967:C:G
22:34959246:C:T
22:34959835:G:A
22:34959904:T:C
22:34960024:A:G
22:34962350:A:C
22:34962602:G:A
22:34962826:T:C
22:34963892:G:T
22:34964011:T:A
22:34964097:T:C
22:34964248:G:A
22:34964637:A:G
22:34964955:A:G
22:34965213:C:T
22:34965261:G:C
22:34965486:T:C
22:34966012:G:A
22:34967282:T:C
22:34967585:A:T
22:34967969:A:G
22:34968166:G:T
22:34968614:A:G
22:34968875:G:C
22:34969269:T:C
22:34969602:C:A
22:34971808:T:G
22:34971958:G:C
22:34975101:C:A
22:34976828:A:T
22:34977379:A:G
22:34977907:T:C
22:34978173:T:C
22:34978291:A:C
22:34980014:C:A
22:34980134:G:T
22:34980434:C:A
22:34981270:A:C
22:34981629:T:C
22:34982457:G:T
22:34983275:T:G
22:34985697:G:C
22:34986400:G:T
22:34987908:T:C
22:34988594:A:G
22:34988887:G:A
22:34988983:T:G
22:34990432:G:C
22:34991025:A:G
22:34991529:G:A
22:34991692:C:T
22:34993396:C:G
22:34996446:A:T
22:34996481:C:G
22:34997079:G:A
22:34997109:G:A
22:34998446:T:C
22:34998511:G:A
22:35004093:G:C
22:35011514:C:T
22:35011959:T:C
22:35012305:G:A
22:35014633:A:G
22:35014740:T:C
22:35015106:A:G
22:35015826:C:T
22:35015849:T:C
22:35016563:A:T
22:35016818:A:G
22:35017848:A:G
22:35019151:A:G
22:35019623:A:C
22:35023412:C:T
22:35024099:A:T
22:35027603:A:G
22:35027963:C:T
22:35028991:C:G
22:35029821:G:A
22:35030247:C:A
22:35030618:C:A
22:35032326:C:G
22:35033249:C:A
22:35033263:A:G
22:35033454:A:G
22:35033839:A:G
22:35034774:C:T
22:35037806:A:G
22:35037874:G:A
22:35038444:G:A
22:35039810:A:G
22:35041350:G:A
22:35041876:G:A
22:35041911:G:C
22:35042749:G:A
22:35043279:T:C
22:35043920:A:G
22:35044299:A:T
22:35045323:G:A
22:35046020:A:G
22:35047355:T:G
22:35047695:G:C
22:35047696:G:C
22:35048143:C:T
22:35048245:C:A
22:35049083:T:A
22:35049141:T:C
22:35049614:C:T
22:35050040:C:T
22:35050503:G:A
22:35051135:T:C
22:35052515:C:T
22:35052680:C:T
22:35052710:C:A
22:35052749:G:A
22:35052782:C:T
22:35053334:C:T
22:35053342:A:C
22:35053736:C:G
22:35053992:T:G
22:35054334:A:G
22:35055128:G:A
22:35055208:T:C
22:35055975:G:A
22:35056180:G:A
22:35056392:T:C
22:35056546:G:A
22:35057629:C:A
22:35058119:G:C
22:35058252:T:C
22:35058857:C:T
22:35059317:C:T
22:35061563:G:A
22:35061772:A:C
22:35062487:C:A
22:35062730:C:T
22:35063011:G:T
22:35063316:G:A
22:35064774:C:T
22:35064921:C:T
22:35067877:A:G
22:35068575:A:C
22:35070992:T:G
22:35071150:A:T
22:35071184:A:G
22:35072414:G:A
22:35081906:G:A
22:35082409:G:C
22:35083063:C:T
22:35084055:G:A
22:35084171:G:C
22:35084314:A:G
22:35084464:T:C
22:35084466:T:C
22:35084632:A:C
22:35085067:A:G
22:35085352:T:G
22:35085492:A:G
22:35087182:C:T
22:35087211:A:G
22:35087324:G:C
22:35088306:G:C
22:35088530:C:G
22:35089293:A:G
22:35089669:G:A
22:35090356:A:G
22:35090393:A:G
22:35090620:T:C
22:35091071:A:G
22:35091200:C:T
22:35091527:T:A
22:35092709:C:T
22:35093140:G:A
22:35093399:T:C
22:35094129:C:T
22:35094791:A:G
22:35096659:G:T
22:35097553:T:C
22:35097636:C:A
22:35099134:G:A
22:35099268:C:A
22:35099477:G:A
22:35099963:G:A
22:35100458:C:T
22:35100697:C:T
22:35100934:C:T
22:35102657:G:A
22:35104055:G:A
22:35104608:A:T
22:35105928:A:G
22:35107923:T:G
22:35109826:A:G
22:35110323:A:G
22:35110505:C:G
22:35115913:G:C
22:35116241:G:A
22:35117269:C:T
22:35118512:G:A
22:35118741:G:C
22:35119179:G:A
22:35120334:T:G
22:35121919:G:C
22:35122159:C:T
22:35123471:T:G
22:35123485:C:A
22:35124066:T:C
22:35124698:A:G
22:35124893:T:C
22:35125461:G:A
22:35126790:G:T
22:35128489:G:C
22:35130099:A:G
22:35131487:A:G
22:35131593:A:G
22:35131614:C:G
22:35132992:T:G
22:35133087:C:A
22:35133143:A:T
22:35135026:G:A
22:35136014:G:A
22:35137093:G:C
22:35138121:T:A
22:35138540:T:C
22:35140640:G:C
22:35140804:T:G
22:35147360:C:T
22:35149490:A:G
22:35152596:T:C
22:35154083:C:A
22:35154528:A:T
22:35154979:T:C
22:35155304:A:T
22:35155333:C:T
22:35156009:T:G
22:35157380:G:A
22:35157577:T:C
22:35158021:G:C
22:35160234:G:A
22:35161438:G:A
22:35161459:A:C
22:35162228:T:C
22:35162495:G:A
22:35165098:T:A
22:35166590:A:T
22:35166808:C:A
22:35166990:G:A
22:35167444:G:A
22:35167697:T:G
22:35168851:C:G
22:35169184:G:A
22:35170062:T:G
22:35170796:T:C
22:35171154:G:A
22:35173192:C:T
22:35173339:C:T
22:35173453:C:T
22:35173575:C:T
22:35173838:C:T
22:35174672:T:G
22:35177350:A:G
22:35177793:C:G
22:35179546:A:C
22:35179746:T:G
22:35179747:T:C
22:35180359:T:C
22:35180640:A:G
22:35183816:C:G
22:35191923:A:C
22:35193408:G:A
22:35194207:C:T
22:35195088:C:T
22:35196969:G:C
22:35197484:C:A
22:35197768:G:A
22:35198641:C:T
22:35199003:C:A
22:35199267:G:A
22:35199477:C:G
22:35199719:G:C
22:35199808:G:A
22:35200069:A:G
22:35200936:T:G
22:35201009:C:T
22:35201019:A:G
22:35201115:T:C
22:35201237:C:T
22:35201771:A:G
22:35202015:G:A
22:35202152:C:T
22:35202270:T:C
22:35202369:G:T
22:35202684:T:A
22:35203230:C:T
22:35203632:G:A
22:35204303:G:C
22:35204806:C:T
22:35205060:T:C
22:35205150:T:A
22:35205181:A:G
22:35205492:C:T
22:35205840:G:A
22:35206872:A:C
22:35207176:T:C
22:35208171:A:T
22:35208534:C:T
22:35208608:G:T
22:35209136:C:T
22:35209523:G:A
22:35210408:C:A
22:35210714:G:A
22:35211173:C:T
22:35211276:G:T
22:35211462:C:T
22:35212034:T:C
22:35212227:A:G
22:35212387:A:T
22:35212740:A:G
22:35213105:C:T
22:35213113:A:G
22:35213433:T:C
22:35213490:A:G
22:35219404:G:A
22:35219530:C:T
22:35219750:C:T
22:35220009:T:C
22:35220592:G:A
22:35220785:C:T
22:35221067:T:C
22:35221511:T:C
22:35221606:C:A
22:35221827:A:T
22:35222081:A:T
22:35222140:A:G
22:35222748:G:A
22:35222874:G:A
22:35223541:C:T
22:35223588:C:G
22:35223821:C:T
22:35224214:T:C
22:35224378:A:C
22:35225029:C:T
22:35225460:C:A
22:35225513:T:G
22:35226058:A:G
22:35226493:A:G
22:35227070:C:A
22:35227076:T:A
22:35228172:C:T
22:35228970:T:C
22:35229081:T:G
22:35229227:G:A
22:35229744:T:C
22:35229829:C:A
22:35229886:C:A
22:35230011:A:G
22:35230103:T:G
22:35230542:C:T
22:35231411:T:C
22:35236192:A:G
22:35236199:A:G
22:35236456:C:G
22:35236527:C:T
22:35237366:A:G
22:35238486:A:G
22:35238768:C:A
22:35239212:C:T
22:35239610:A:G
22:35239721:G:A
22:35239855:C:T
22:35240016:A:G
22:35240420:G:A
22:35240432:C:T
22:35240446:G:T
22:35240644:G:A
22:35240865:C:G
22:35240892:C:T
22:35241049:T:C
22:35241050:G:A
22:35241228:T:G
22:35241830:G:T
22:35242350:G:A
22:35242735:T:C
22:35243282:G:A
22:35243402:A:C
22:35243652:A:G
22:35245584:G:A
22:35245946:G:A
22:35246891:T:C
22:35247901:T:C
22:35250390:A:T
22:35250486:A:G
22:35250489:G:A
22:35251922:A:G
22:35253078:G:A
22:35253979:A:G
22:35254242:T:C
22:35255931:G:A
22:35256625:A:G
22:35259395:A:G
22:35259402:C:A
22:35259429:G:A
22:35259879:T:C
22:35260004:A:G
22:35260875:C:T
22:35260935:T:C
22:35260988:C:T
22:35261368:A:G
22:35261397:A:G
22:35261629:A:G
22:35261653:C:T
22:35261713:C:T
22:35262039:G:A
22:35262875:T:A
22:35265255:C:T
22:35268140:C:T
22:35271600:T:A
22:35274298:G:T
22:35276783:C:G
22:35277037:A:G
22:35277253:G:C
22:35277635:T:C
22:35277746:A:G
22:35278102:C:T
22:35279068:A:G
22:35279740:A:C
22:35280327:A:G
22:35280378:G:C
22:35280443:G:T
22:35281707:A:G
22:35281912:T:G
22:35282132:G:A
22:35282572:T:C
22:35282830:G:A
22:35283476:A:G
22:35283701:T:C
22:35284369:G:A
22:35284506:T:C
22:35284762:A:G
22:35285464:G:C
22:35287518:T:A
22:35287626:T:C
22:35287934:G:A
22:35288756:A:G
22:35288857:T:C
22:35289350:C:T
22:35290062:G:A
22:35291426:C:T
22:35292144:C:T
22:35292510:A:C
22:35294045:C:A
22:35294541:C:A
22:35294564:C:T
22:35296455:T:A
22:35296551:C:T
22:35296615:A:G
22:35297311:T:C
22:35297371:T:C
22:35297998:A:G
22:35298100:A:G
22:35298506:A:G
22:35298793:G:A
22:35299628:G:C
22:35299650:A:G
22:35300795:A:G
22:35301197:T:C
22:35301284:G:C
22:35301595:A:G
22:35302133:C:T
22:35302518:A:G
22:35303471:T:C
22:35307207:C:T
22:35308197:T:C
22:35308360:T:C
22:35309616:C:T
22:35310501:A:C
22:35314472:C:T
22:35314753:A:G
22:35315585:A:C
22:35315920:G:C
22:35316069:T:A
22:35316282:T:C
22:35322073:C:G
22:35327248:T:A
22:35327473:T:C
22:35327740:T:C
22:35328895:A:G
22:35329382:A:G
22:35330152:A:C
22:35330881:G:C
22:35331041:C:T
22:35331089:C:A
22:35331124:G:T
22:35331402:C:A
22:35331407:A:G
22:35331562:T:C
22:35331628:C:A
22:35331792:G:A
22:35331805:T:C
22:35331944:T:C
22:35332013:T:C
22:35332157:T:A
22:35332423:T:C
22:35332815:G:A
22:35333091:C:G
22:35333124:C:G
22:35333474:C:T
22:35333585:C:A
22:35333784:T:C
22:35333881:G:A
22:35333902:C:T
22:35334357:A:G
22:35334366:T:C
22:35334399:C:T
22:35335056:C:T
22:35335100:G:C
22:35335291:T:C
22:35335300:G:C
22:35335327:A:G
22:35335681:A:G
22:35336393:G:A
22:35336596:C:T
22:35336718:C:T
22:35336723:A:T
22:35337651:A:G
22:35337732:C:T
22:35337758:A:T
22:35337888:G:A
22:35337956:A:T
22:35338134:A:T
22:35338762:A:T
22:35338995:A:G
22:35339202:A:G
22:35339359:T:C
22:35339383:A:G
22:35339384:C:T
22:35339401:C:T
22:35339413:A:G
22:35339617:T:C
22:35339732:T:C
22:35339852:T:G
22:35340036:C:A
22:35340103:C:A
22:35340168:C:G
22:35340557:G:C
22:35340584:C:A
22:35340830:G:A
22:35340931:C:T
22:35341316:C:T
22:35341481:C:G
22:35341977:T:C
22:35342717:A:G
22:35344658:T:A
22:35344669:T:C
22:35344720:C:T
22:35346625:A:G
22:35347132:C:T
22:35347360:T:C
22:35347734:A:C
22:35348085:G:A
22:35349368:T:C
22:35353740:C:A
22:35355325:G:A
22:35356322:G:A
22:35356763:T:C
22:35357983:A:G
22:35358343:G:T
22:35358651:G:C
22:35358874:C:T
22:35359454:A:C
22:35359572:T:C
22:35359702:C:T
22:35359743:T:C
22:35360057:C:A
22:35360164:C:T
22:35360974:T:A
22:35363056:C:T
22:35363251:T:A
22:35364463:T:C
22:35365091:T:C
22:35366055:C:T
22:35366344:C:A
22:35368089:T:A
22:35368333:C:T
22:35369251:C:A
22:35369739:T:C
22:35371444:A:G
22:35375081:G:T
22:35376061:T:G
22:35376084:T:G
22:35377002:C:T
22:35378195:C:T
22:35378438:A:T
22:35379526:T:C
22:35381160:G:C
22:35381288:T:A
22:35381289:A:T
22:35381736:A:T
22:35381738:A:G
22:35381897:T:C
22:35382268:C:A
22:35383780:G:T
22:35383825:C:T
22:35385028:C:T
22:35385122:A:C
22:35385588:G:A
22:35386401:G:A
22:35386526:A:C
22:35387105:G:A
22:35387936:T:C
22:35388018:C:T
22:35388905:C:T
22:35388938:G:T
22:35389220:G:A
22:35389727:G:A
22:35389829:C:A
22:35390051:T:C
22:35390101:C:G
22:35390127:G:A
22:35390306:C:T
22:35390327:T:C
22:35390395:C:T
22:35390669:G:A
22:35390846:G:A
22:35391073:G:A
22:35391234:T:A
22:35391265:C:A
22:35391837:C:T
22:35391984:T:A
22:35392059:C:G
22:35393739:T:C
22:35394480:C:T
22:35395126:C:A
22:35395549:A:T
22:35396482:T:G
22:35398839:C:G
22:35398977:A:G
22:35401413:C:A
22:35402351:C:T
22:35402367:G:A
22:35402518:G:A
22:35402955:A:T
22:35402970:T:C
22:35403400:C:T
22:35403445:C:G
22:35404033:C:T
22:35404391:A:G
22:35405420:A:G
22:35406098:T:C
22:35406496:G:A
22:35409098:C:T
22:35410466:C:T
22:35410604:T:G
22:35410690:C:G
22:35410771:G:A
22:35410793:G:A
22:35410838:G:A
22:35411312:A:C
22:35411441:G:C
22:35411480:C:T
22:35411869:G:T
22:35411883:C:T
22:35412524:C:A
22:35412768:G:A
22:35412833:T:C
22:35413107:C:T
22:35413447:C:A
22:35413562:T:C
22:35414017:T:G
22:35414143:T:C
22:35414375:G:A
22:35414684:G:A
22:35416065:C:T
22:35416380:C:T
22:35416461:T:C
22:35416956:G:A
22:35417053:G:A
22:35417148:C:T
22:35417337:C:T
22:35418073:A:G
22:35419169:A:G
22:35419788:G:A
22:35420374:C:A
22:35420559:A:G
22:35424740:C:T
22:35427427:G:A
22:35427571:A:C
22:35428178:A:G
22:35428184:C:T
22:35429955:T:C
22:35430624:T:A
22:35431010:C:T
22:35432180:A:C
22:35432486:C:A
22:35432900:T:C
22:35434521:A:T
22:35434530:G:A
22:35435022:A:G
22:35435036:T:C
22:35435173:C:T
22:35435750:A:G
22:35436793:G:T
22:35436815:A:G
22:35437824:C:T
22:35438696:G:A
22:35439418:T:G
22:35439450:C:A
22:35439794:C:T
22:35440037:A:G
22:35440082:G:A
22:35440221:G:A
22:35440289:T:C
22:35440708:T:C
22:35441504:G:A
22:35441894:C:T
22:35442268:C:T
22:35442750:A:C
22:35442999:C:T
22:35443028:C:G
22:35443294:T:C
22:35443419:G:A
22:35443421:C:A
22:35443543:G:A
22:35443638:A:G
22:35446298:T:C
22:35446432:C:T
22:35446992:C:T
22:35447082:G:A
22:35448397:T:C
22:35448784:G:T
22:35450304:C:T
22:35450513:C:T
22:35450940:T:C
22:35451639:G:A
22:35451839:A:T
22:35451952:C:G
22:35452232:G:A
22:35453263:A:C
22:35453796:A:G
22:35453827:T:C
22:35454464:C:T
22:35454728:A:T
22:35454748:C:G
22:35454751:C:T
22:35454772:T:G
22:35454806:C:G
22:35454822:C:T
22:35454987:A:G
22:35455110:C:G
22:35455720:C:T
22:35455853:A:G
22:35456086:C:T
22:35456985:C:T
22:35457535:A:G
22:35457845:G:A
22:35458222:A:G
22:35458288:C:T
22:35461056:A:G
22:35461277:C:T
22:35461338:A:G
22:35461357:C:A
22:35461489:G:T
22:35461530:G:A
22:35461535:A:G
22:35461620:G:C
22:35461953:C:A
22:35462249:T:C
22:35462649:C:T
22:35463162:A:G
22:35463179:T:C
22:35463249:C:T
22:35464973:T:A
22:35465040:C:T
22:35465085:T:C
22:35465155:T:C
22:35465775:C:T
22:35465951:G:C
22:35466264:G:A
22:35466429:C:T
22:35466485:C:T
22:35466515:C:G
22:35466564:A:G
22:35466665:G:A
22:35466764:A:G
22:35467093:A:G
22:35467095:C:T
22:35467199:T:C
22:35467851:A:T
22:35468044:C:T
22:35468078:A:G
22:35468177:C:T
22:35468178:T:G
22:35468380:G:A
22:35468489:G:C
22:35468539:T:C
22:35468631:C:G
22:35468720:A:G
22:35468730:C:A
22:35468879:C:T
22:35469757:T:C
22:35469762:C:T
22:35469876:C:T
22:35469948:C:T
22:35470122:C:T
22:35470152:T:C
22:35470250:C:T
22:35470297:C:A
22:35470386:G:A
22:35470453:A:C
22:35470540:C:A
22:35471028:C:T
22:35471102:G:T
22:35471334:G:A
22:35471499:T:C
22:35471621:T:C
22:35471860:T:C
22:35471906:A:G
22:35471918:T:C
22:35471972:C:T
22:35472080:G:A
22:35472234:A:G
22:35472273:C:T
22:35472593:G:A
22:35472736:G:A
22:35472872:C:T
22:35473178:A:T
22:35473775:T:C
22:35473880:G:A
22:35474058:C:T
22:35474507:G:A
22:35474790:A:G
22:35475635:C:T
22:35476629:A:T
22:35476630:A:C
22:35476690:G:A
22:35477265:G:A
22:35478486:A:C
22:35478688:C:T
22:35478858:C:T
22:35479094:G:A
22:35479118:T:C
22:35479380:G:A
22:35479534:C:T
22:35479597:C:T
22:35481776:T:C
22:35483742:C:T
22:35484455:C:T
22:35484768:G:T
22:35486587:A:C
22:35486756:T:C
22:35488112:C:T
22:35488678:C:A
22:35489399:G:C
22:35490838:C:T
22:35490925:G:C
22:35491297:G:C
22:35491969:G:A
22:35492021:C:G
22:35492313:C:T
22:35492357:T:A
22:35492969:G:T
22:35493270:C:G
22:35493367:C:A
22:35493747:G:A
22:35494101:G:C
22:35495308:A:T
22:35495806:A:G
22:35495812:G:A
22:35497742:A:G
22:35498865:C:A
22:35498934:C:T
22:35499110:C:T
22:35499256:T:C
22:35499604:A:G
22:35500518:T:C
22:35501281:T:C
22:35501775:A:G
22:35501905:G:T
22:35502070:C:A
22:35502551:T:C
22:35502640:G:C
22:35503127:G:A
22:35505610:G:A
22:35505647:C:T
22:35505781:T:G
22:35506284:A:G
22:35506426:T:C
22:35509680:C:T
22:35510991:C:T
22:35512633:C:T
22:35513046:G:A
22:35513066:G:A
22:35513691:C:T
22:35513951:T:C
22:35514126:C:T
22:35514773:T:C
22:35514825:T:C
22:35514890:T:C
22:35515265:G:A
22:35515407:C:T
22:35515997:C:T
22:35516556:T:C
22:35516731:T:C
22:35517175:C:T
22:35517633:G:A
22:35518410:G:T
22:35518432:A:G
22:35518782:C:T
22:35518839:C:T
22:35518889:C:T
22:35518950:T:C
22:35519463:T:C
22:35519725:T:G
22:35519850:C:T
22:35520076:C:T
22:35522842:T:C
22:35523373:T:C
22:35526206:C:A
22:35526465:T:C
22:35526478:G:A
22:35526571:A:G
22:35526635:A:G
22:35526793:T:G
22:35527074:A:G
22:35527079:T:G
22:35528111:T:C
22:35528458:G:A
22:35528502:C:T
22:35529141:C:T
22:35531009:G:A
22:35531698:G:A
22:35532734:G:A
22:35533126:G:A
22:35534130:G:T
22:35534572:G:A
22:35534933:G:C
22:35537967:C:T
22:35539717:C:T
22:35539814:T:C
22:35540218:A:G
22:35540522:T:G
22:35540536:G:A
22:35540580:G:A
22:35540602:C:T
22:35540603:A:G
22:35540650:C:T
22:35541757:A:G
22:35541771:T:C
22:35541927:T:G
22:35542528:T:C
22:35542587:G:A
22:35542733:C:T
22:35542815:T:C
22:35543045:C:G
22:35543391:T:C
22:35543405:G:T
22:35543407:G:A
22:35543883:C:T
22:35543888:G:A
22:35543920:G:C
22:35544136:T:G
22:35544140:G:A
22:35544446:C:G
22:35544685:C:T
22:35544702:T:C
22:35544775:C:T
22:35545092:A:G
22:35545301:A:G
22:35545550:T:C
22:35545618:T:C
22:35545811:G:A
22:35545915:A:C
22:35547623:G:A
22:35548081:C:T
22:35550231:G:A
22:35553947:G:T
22:35554185:G:A
22:35554311:A:G
22:35554494:A:G
22:35554582:G:A
22:35555524:G:A
22:35557509:C:A
22:35557578:G:C
22:35557658:C:T
22:35557708:G:C
22:35557844:A:C
22:35558112:T:C
22:35558249:T:A
22:35558827:A:G
22:35558870:T:C
22:35559017:T:C
22:35559067:A:G
22:35559078:A:T
22:35559579:A:G
22:35559695:G:A
22:35559745:T:C
22:35561017:C:T
22:35561396:T:A
22:35561795:A:G
22:35567561:T:C
22:35567715:A:T
22:35568075:T:C
22:35568399:C:T
22:35569422:G:A
22:35569619:A:G
22:35569690:T:G
22:35570816:A:G
22:35571497:T:C
22:35571652:G:A
22:35572692:A:G
22:35573856:T:C
22:35573871:C:T
22:35573975:A:C
22:35574163:G:C
22:35574275:C:T
22:35574374:G:A
22:35574695:C:T
22:35575696:A:C
22:35576041:T:C
22:35576324:A:C
22:35576731:T:G
22:35577117:C:G
22:35579026:T:G
22:35579346:C:T
22:35579461:A:G
22:35579678:A:G
22:35580075:G:A
22:35580096:A:G
22:35580289:T:C
22:35580597:T:C
22:35581040:C:G
22:35581050:A:G
22:35581181:C:T
22:35581486:A:T
22:35582079:T:C
22:35582536:G:A
22:35583297:A:G
22:35583894:G:A
22:35583907:G:A
22:35584112:A:G
22:35584338:A:C
22:35584580:C:T
22:35584696:T:C
22:35585990:C:T
22:35586969:C:A
22:35588600:C:A
22:35588773:A:C
22:35588844:A:G
22:35588989:T:A
22:35590706:G:A
22:35591035:G:A
22:35591278:C:T
22:35591405:C:A
22:35592986:C:A
22:35593035:A:G
22:35593514:T:G
22:35593847:G:A
22:35594383:C:G
22:35595331:T:C
22:35595528:C:T
22:35595720:A:G
22:35596150:C:T
22:35596232:C:T
22:35596311:A:C
22:35597026:C:A
22:35597738:A:G
22:35598379:T:A
22:35598993:C:A
22:35599192:G:A
22:35599534:C:G
22:35599782:A:G
22:35601824:A:T
22:35601825:A:T
22:35601838:T:C
22:35602582:A:G
22:35602898:T:C
22:35602962:T:A
22:35603022:C:T
22:35603362:C:T
22:35603593:A:G
22:35603836:G:A
22:35604422:G:T
22:35604502:G:C
22:35606111:T:C
22:35606392:C:T
22:35608212:A:G
22:35608217:T:C
22:35608585:T:C
22:35609780:G:A
22:35610820:G:A
22:35611228:T:C
22:35611695:C:T
22:35612568:G:T
22:35613016:C:T
22:35613043:A:T
22:35614478:T:C
22:35615960:C:T
22:35616051:A:T
22:35616188:C:A
22:35619005:C:T
22:35622616:G:T
22:35624301:T:G
22:35624917:C:T
22:35625180:T:C
22:35625562:G:A
22:35625845:C:A
22:35626222:C:T
22:35627919:T:C
22:35628055:A:C
22:35629131:A:G
22:35629782:C:T
22:35631361:A:G
22:35631386:G:A
22:35631590:A:G
22:35633241:A:C
22:35634355:C:T
22:35634803:G:T
22:35637033:T:C
22:35638115:G:C
22:35638179:C:T
22:35638301:C:T
22:35639497:G:C
22:35640943:T:C
22:35641692:T:C
22:35646478:C:T
22:35646861:A:C
22:35647722:A:G
22:35648169:G:C
22:35649598:G:A
22:35652241:C:T
22:35653473:C:T
22:35654133:T:G
22:35654635:C:T
22:35658022:G:A
22:35658225:A:G
22:35660875:G:T
22:35663523:C:T
22:35664327:T:C
22:35664941:T:C
22:35666515:A:G
22:35667461:A:G
22:35667486:G:A
22:35667975:A:G
22:35668052:T:C
22:35669441:A:G
22:35669513:T:C
22:35669795:T:C
22:35669809:C:T
22:35672183:G:A
22:35672512:G:A
22:35672843:T:G
22:35673101:C:G
22:35675537:G:A
22:35676151:G:A
22:35677571:G:A
22:35677578:A:G
22:35677701:T:C
22:35679951:T:C
22:35680095:G:A
22:35681893:G:C
22:35682444:T:C
22:35683055:G:T
22:35684059:C:T
22:35686183:A:G
22:35688498:T:A
22:35689415:G:T
22:35690179:T:C
22:35690183:A:G
22:35690532:A:G
22:35691835:C:A
22:35692543:A:C
22:35694209:G:A
22:35694295:A:G
22:35694893:C:A
22:35695802:G:A
22:35697612:G:C
22:35699045:A:C
22:35699883:C:T
22:35701223:G:A
22:35702068:A:C
22:35702174:A:T
22:35703128:T:C
22:35703281:A:G
22:35703322:T:G
22:35703366:T:C
22:35704612:G:C
22:35705942:G:C
22:35707236:G:A
22:35708790:C:T
22:35708799:G:A
22:35711098:A:G
22:35712132:C:T
22:35712177:C:T
22:35712553:A:G
22:35712614:C:T
22:35716594:G:C
22:35722011:G:A
22:35723831:A:G
22:35724286:G:A
22:35724659:C:A
22:35725538:A:G
22:35729721:G:A
22:35730085:A:C
22:35731094:G:A
22:35731245:T:C
22:35732603:C:T
22:35732904:G:A
22:35733336:G:C
22:35733654:G:A
22:35737214:C:G
22:35737461:G:A
22:35738488:C:T
22:35739927:A:C
22:35740128:G:A
22:35740442:C:A
22:35741171:T:C
22:35741820:G:A
22:35741863:A:G
22:35742524:C:T
22:35742925:T:G
22:35743124:G:C
22:35744472:G:A
22:35744765:C:T
22:35745036:A:G
22:35745096:A:G
22:35745196:T:G
22:35745524:G:A
22:35746055:G:A
22:35746057:C:A
22:35746152:A:G
22:35746742:A:G
22:35749138:G:C
22:35749400:G:A
22:35754112:G:A
22:35754413:C:A
22:35754880:G:A
22:35755501:C:G
22:35756009:G:A
22:35756914:C:A
22:35757309:C:T
22:35757339:G:A
22:35758467:A:G
22:35758646:G:A
22:35761650:C:T
22:35763314:G:A
22:35763616:T:C
22:35765829:C:G
22:35766694:A:G
22:35768057:G:A
22:35768063:T:A
22:35768368:G:T
22:35770468:T:C
22:35771689:G:A
22:35771692:T:C
22:35771915:C:T
22:35772059:G:A
22:35774031:G:A
22:35774876:C:T
22:35775550:G:A
22:35775760:G:A
22:35776672:A:T
22:35777856:C:A
22:35777984:A:C
22:35778278:A:G
22:35779568:G:A
22:35779844:T:A
22:35781207:T:C
22:35781214:C:T
22:35782513:C:T
22:35783413:A:G
22:35783617:G:A
22:35786182:A:G
22:35786226:T:C
22:35786741:T:C
22:35786873:A:G
22:35789263:A:G
22:35792974:T:C
22:35795290:G:C
22:35795413:A:G
22:35796652:C:G
22:35796779:T:C
22:35797333:T:C
22:35799542:C:T
22:35799611:G:A
22:35800683:C:T
22:35801342:T:G
22:35802086:C:T
22:35802199:A:G
22:35803720:C:T
22:35804752:A:G
22:35806238:G:T
22:35806376:T:C
22:35806815:T:C
22:35807358:C:G
22:35810052:T:C
22:35810863:G:A
22:35811248:C:T
22:35811576:G:C
22:35812051:C:T
22:35813424:T:A
22:35814113:G:T
22:35814962:C:G
22:35815063:C:A
22:35815296:C:T
22:35815880:G:A
22:35816154:A:G
22:35816262:C:T
22:35817087:T:C
22:35817553:C:T
22:35818398:G:A
22:35820622:C:G
22:35821370:C:T
22:35822094:G:C
22:35822420:G:C
22:35822764:A:G
22:35825391:G:T
22:35825457:A:T
22:35827427:T:A
22:35827430:G:T
22:35827479:G:A
22:35827667:G:A
22:35828300:C:T
22:35828876:C:T
22:35829452:C:T
22:35830805:C:A
22:35830818:A:G
22:35831205:A:C
22:35831232:C:G
22:35831360:C:T
22:35832648:C:G
22:35833142:G:C
22:35834017:A:G
22:35835562:G:A
22:35835717:T:C
22:35835724:T:C
22:35836163:A:T
22:35837650:G:C
22:35838475:A:T
22:35838926:A:G
22:35839849:G:A
22:35840396:G:A
22:35840630:G:C
22:35840646:A:G
22:35840666:G:A
22:35842021:G:A
22:35842188:G:A
22:35842474:G:A
22:35842738:A:C
22:35842741:C:T
22:35842782:C:T
22:35843103:C:T
22:35843109:C:T
22:35843193:C:T
22:35843301:C:T
22:35843340:G:C
22:35843378:G:A
22:35843755:T:C
22:35844751:T:C
22:35845347:G:A
22:35846168:T:C
22:35846282:T:A
22:35847034:T:C
22:35847987:C:T
22:35848043:T:C
22:35848209:C:T
22:35848223:C:G
22:35848304:T:C
22:35848340:C:T
22:35848647:C:T
22:35848659:T:C
22:35848724:G:A
22:35848869:A:G
22:35848911:A:G
22:35849032:A:G
22:35850322:T:C
22:35851916:A:T
22:35851976:T:C
22:35853135:A:G
22:35855603:T:C
22:35855828:G:A
22:35856709:G:A
22:35857060:G:A
22:35860563:G:T
22:35862247:G:A
22:35862898:G:A
22:35867398:C:G
22:35868392:G:A
22:35868835:A:T
22:35869185:C:T
22:35869657:T:G
22:35871232:A:G
22:35872339:G:A
22:35872539:A:G
22:35872777:G:A
22:35873547:A:G
22:35874289:T:G
22:35876247:C:T
22:35876646:T:A
22:35877611:C:G
22:35877726:C:A
22:35878071:C:G
22:35878767:A:G
22:35879258:A:C
22:35880831:T:C
22:35881145:T:C
22:35881152:T:G
22:35881299:A:G
22:35881337:A:G
22:35881481:T:C
22:35881513:A:G
22:35881579:C:A
22:35882813:C:T
22:35883738:C:T
22:35886126:C:A
22:35886191:C:G
22:35891102:C:G
22:35891195:T:C
22:35892800:T:C
22:35893156:G:A
22:35895018:C:T
22:35895317:G:A
22:35898347:C:T
22:35898693:G:C
22:35898803:A:G
22:35898820:G:A
22:35899384:C:T
22:35899476:C:T
22:35899646:C:T
22:35899937:G:A
22:35900181:C:A
22:35900193:T:C
22:35900468:A:G
22:35900755:A:G
22:35900993:A:G
22:35901373:C:T
22:35902517:A:G
22:35902777:A:G
22:35903328:T:C
22:35905067:G:T
22:35905263:T:C
22:35905543:C:A
22:35905544:T:C
22:35905585:G:T
22:35907252:T:C
22:35907880:T:C
22:35908928:T:A
22:35913606:A:G
22:35913976:A:C
22:35914490:C:A
22:35915388:T:C
22:35916298:C:A
22:35917309:C:A
22:35917546:G:A
22:35918270:T:C
22:35919391:C:A
22:35919446:G:A
22:35919589:C:T
22:35919789:G:A
22:35919837:C:T
22:35921936:C:T
22:35922604:A:G
22:35922922:G:A
22:35923105:G:A
22:35923192:G:A
22:35923409:C:T
22:35923469:G:A
22:35924256:C:A
22:35924713:T:C
22:35925430:A:G
22:35925600:G:T
22:35925915:A:C
22:35925996:G:A
22:35926387:G:A
22:35926467:C:G
22:35926968:A:G
22:35927141:C:T
22:35927308:T:C
22:35927461:T:C
22:35928368:C:T
22:35928417:G:A
22:35928792:G:A
22:35928877:C:A
22:35933578:C:T
22:35933803:C:T
22:35933862:T:C
22:35934445:C:T
22:35934590:T:C
22:35934614:A:G
22:35935475:G:A
22:35936868:C:A
22:35937351:C:T
22:35937424:G:A
22:35937568:G:A
22:35938176:A:C
22:35938250:A:G
22:35938381:G:T
22:35938557:A:G
22:35938936:C:T
22:35939369:C:T
22:35939403:C:T
22:35941244:G:C
22:35941531:C:A
22:35941605:T:G
22:35941944:C:T
22:35942049:T:A
22:35943984:T:C
22:35944014:A:G
22:35944774:G:A
22:35945142:C:T
22:35945703:T:G
22:35946750:C:A
22:35948265:G:C
22:35948293:T:G
22:35948435:C:T
22:35948555:G:C
22:35950148:G:A
22:35950225:A:G
22:35950648:G:A
22:35950852:C:T
22:35951066:T:C
22:35952603:A:C
22:35954246:A:C
22:35955898:T:A
22:35956104:G:A
22:35957442:C:T
22:35959242:G:A
22:35960635:T:C
22:35963339:C:T
22:35963433:C:G
22:35964052:G:A
22:35964158:C:G
22:35964410:C:T
22:35964722:C:T
22:35965077:A:G
22:35966160:C:T
22:35966864:C:T
22:35967485:C:T
22:35968220:A:G
22:35968294:G:C
22:35969443:T:A
22:35970204:G:A
22:35970309:A:T
22:35970827:T:C
22:35971209:G:A
22:35971856:C:T
22:35972779:C:T
22:35974941:T:G
22:35975133:C:G
22:35975216:C:G
22:35975792:T:C
22:35976171:G:A
22:35976572:A:G
22:35977158:C:T
22:35978615:G:A
22:35978764:C:G
22:35978826:G:A
22:35980060:A:G
22:35982445:G:C
22:35982589:T:C
22:35982672:G:A
22:35982770:T:C
22:35982800:G:A
22:35983046:G:A
22:35983177:C:A
22:35983323:C:G
22:35983432:T:C
22:35984050:A:G
22:35985074:C:T
22:35985165:A:G
22:35987432:T:A
22:35990730:A:T
22:35991941:G:C
22:35993573:C:T
22:35993783:C:A
22:35994111:C:A
22:35994283:A:G
22:35994373:C:G
22:35994377:A:G
22:35996298:T:A
22:35996676:C:A
22:36000547:A:G
22:36001162:T:C
22:36001258:T:C
22:36001525:C:A
22:36001569:T:C
22:36001860:G:A
22:36002420:T:C
22:36003939:A:C
22:36006008:G:C
22:36006322:C:T
22:36006396:A:G
22:36006732:G:A
22:36007045:G:A
22:36007075:C:T
22:36007421:G:A
22:36008442:T:C
22:36008695:A:C
22:36009231:A:C
22:36009787:T:C
22:36011480:G:A
22:36011759:G:A
22:36011792:T:C
22:36011797:T:A
22:36011922:T:C
22:36012029:C:A
22:36012042:T:C
22:36012047:G:A
22:36012721:T:C
22:36012864:C:G
22:36014262:A:G
22:36015593:G:C
22:36016472:T:C
22:36016682:T:C
22:36018442:A:G
22:36020403:C:T
22:36022661:C:T
22:36022702:T:C
22:36023160:T:C
22:36023440:C:G
22:36024971:G:C
22:36026620:A:G
22:36026983:G:T
22:36028171:A:T
22:36030165:G:A
22:36030700:C:T
22:36032225:G:A
22:36032458:T:A
22:36032971:G:C
22:36033106:G:A
22:36033309:A:G
22:36033341:A:G
22:36033494:T:C
22:36034065:T:C
22:36034443:C:G
22:36034818:G:A
22:36034983:T:C
22:36035029:C:T
22:36038076:C:T
22:36038165:G:C
22:36038286:G:A
22:36038567:C:T
22:36038700:C:A
22:36038998:C:T
22:36039058:A:G
22:36039158:G:A
22:36039274:G:A
22:36039507:G:A
22:36039865:G:A
22:36040410:A:G
22:36040454:T:A
22:36041650:A:G
22:36042682:G:A
22:36042986:C:T
22:36043201:G:A
22:36051192:C:T
22:36053235:G:C
22:36056728:G:A
22:36058248:T:C
22:36058283:T:C
22:36058301:C:T
22:36059330:C:G
22:36059788:A:G
22:36060855:A:T
22:36061691:T:C
22:36064164:C:T
22:36064414:T:G
22:36064629:T:C
22:36064665:G:A
22:36065734:T:C
22:36065885:G:A
22:36065908:T:C
22:36066022:G:A
22:36066075:G:A
22:36066137:A:G
22:36067804:T:A
22:36068271:G:A
22:36069674:T:C
22:36069723:G:A
22:36070421:T:C
22:36070830:A:G
22:36071537:G:A
22:36071609:C:T
22:36072064:C:T
22:36072152:T:C
22:36072262:C:T
22:36073118:T:C
22:36074043:T:C
22:36074596:A:G
22:36075036:T:C
22:36076898:G:A
22:36077527:A:G
22:36077559:C:T
22:36077719:T:A
22:36078808:C:A
22:36079042:T:C
22:36080057:C:G
22:36080813:T:G
22:36081970:A:C
22:36082015:C:T
22:36082417:A:G
22:36083246:G:A
22:36083605:G:A
22:36084506:G:A
22:36085301:G:T
22:36085347:C:T
22:36085739:G:A
22:36086527:A:G
22:36087192:G:A
22:36091959:G:A
22:36097644:G:A
22:36097664:T:A
22:36097799:C:T
22:36098431:A:G
22:36098636:A:T
22:36099713:A:C
22:36099749:C:G
22:36099882:A:G
22:36100410:C:A
22:36100896:G:C
22:36101861:A:T
22:36102668:A:G
22:36102700:A:G
22:36103709:A:G
22:36103778:G:A
22:36103951:C:T
22:36104647:A:G
22:36104730:C:T
22:36105236:A:C
22:36105267:T:A
22:36105275:A:C
22:36105655:T:C
22:36106721:A:T
22:36109635:G:T
22:36110465:T:C
22:36110517:C:G
22:36110520:T:C
22:36110733:A:G
22:36111304:C:T
22:36111820:G:A
22:36111828:C:G
22:36114274:T:C
22:36114551:T:C
22:36115128:A:G
22:36115172:T:C
22:36115349:C:T
22:36115542:A:C
22:36115594:G:A
22:36115897:C:A
22:36115911:G:A
22:36116080:C:T
22:36117303:G:C
22:36117854:G:A
22:36117892:T:C
22:36117985:A:T
22:36118194:C:T
22:36118302:G:A
22:36118729:A:G
22:36118841:G:A
22:36118936:T:C
22:36119779:G:C
22:36120231:C:T
22:36120440:T:A
22:36120497:T:A
22:36120510:G:C
22:36122517:T:C
22:36122930:C:T
22:36123083:C:T
22:36123313:G:A
22:36124860:C:G
22:36125264:T:G
22:36125586:T:G
22:36125876:C:T
22:36126067:A:G
22:36126195:G:C
22:36127565:C:T
22:36127573:C:G
22:36127853:A:G
22:36128085:A:G
22:36128450:A:G
22:36129651:G:C
22:36130082:G:T
22:36132254:C:T
22:36132263:T:G
22:36132272:G:A
22:36132558:T:A
22:36132832:C:T
22:36132852:G:A
22:36132974:C:G
22:36133228:A:G
22:36133739:A:G
22:36134644:A:G
22:36134691:C:G
22:36136945:T:C
22:36140596:C:T
22:36149338:G:T
22:36166493:G:C
22:36171333:A:G
22:36178273:T:G
22:36179095:G:A
22:36180535:A:G
22:36184094:C:G
22:36191428:A:G
22:36202141:G:A
22:36202359:A:C
22:36203266:T:C
22:36204303:G:A
22:36219694:T:G
22:36220764:T:C
22:36224331:A:T
22:36228855:T:C
22:36229069:A:G
22:36250758:A:G
22:36256059:A:G
22:36256827:T:C
22:36265404:T:C
22:36267013:A:C
22:36268975:A:G
22:36270541:G:A
22:36270721:C:T
22:36272192:G:A
22:36272637:G:A
22:36278740:T:G
22:36280999:T:C
22:36282306:G:A
22:36283505:T:C
22:36288320:G:A
22:36290707:C:T
22:36294106:T:C
22:36296109:C:T
22:36296128:G:T
22:36298160:T:G
22:36301888:T:C
22:36306594:G:T
22:36312986:A:G
22:36316662:T:C
22:36316843:C:G
22:36320740:A:G
22:36335309:G:A
22:36338338:T:C
22:36339998:A:T
22:36340848:C:G
22:36344302:C:T
22:36351751:T:G
22:36369512:C:T
22:36372387:C:A
22:36377043:A:G
22:36379475:C:T
22:36380994:C:T
22:36382102:C:T
22:36382414:T:C
22:36391247:A:C
22:36393410:T:G
22:36407425:G:A
22:36407572:T:C
22:36412281:T:C
22:36418280:C:T
22:36418475:C:T
22:36422904:T:C
22:36423512:G:C
22:36424026:G:T
22:36424170:C:A
22:36424232:T:G
22:36427484:T:C
22:36428388:C:T
22:36432337:A:T
22:36432952:G:A
22:36433664:C:T
22:36433816:C:T
22:36433837:G:A
22:36434894:C:T
22:36435016:C:T
22:36437906:T:G
22:36439509:A:C
22:36439968:G:A
22:36443705:G:A
22:36445592:T:C
22:36446361:G:A
22:36447564:A:G
22:36448640:C:T
22:36448811:C:T
22:36449037:G:A
22:36449158:C:T
22:36451815:G:A
22:36452100:T:A
22:36452745:C:G
22:36453608:G:A
22:36457645:C:G
22:36460074:G:C
22:36460213:C:T
22:36462936:C:T
22:36463326:A:C
22:36465515:G:A
22:36467502:A:C
22:36470999:A:G
22:36471012:G:A
22:36472343:T:C
22:36473353:A:C
22:36473545:A:G
22:36474631:C:T
22:36475222:T:C
22:36476033:T:A
22:36478027:C:T
22:36479358:T:C
22:36479592:A:G
22:36479671:A:G
22:36480495:A:T
22:36480881:C:T
22:36489602:T:G
22:36490485:A:G
22:36498980:C:T
22:36500622:C:T
22:36500899:C:T
22:36501604:G:A
22:36501713:C:T
22:36501881:C:T
22:36502823:T:G
22:36503250:G:T
22:36503624:G:C
22:36504679:A:G
22:36505770:C:T
22:36510632:A:C
22:36511279:G:A
22:36511295:C:A
22:36512299:A:G
22:36512983:T:C
22:36513381:G:C
22:36513415:G:A
22:36513625:C:T
22:36515269:C:T
22:36516944:A:C
22:36517472:C:A
22:36517998:C:T
22:36518099:T:C
22:36518208:T:C
22:36518211:G:C
22:36518552:A:G
22:36518961:G:A
22:36519002:C:T
22:36519040:C:T
22:36519596:C:A
22:36519604:T:C
22:36519841:G:T
22:36520872:G:C
22:36521289:A:G
22:36523091:C:T
22:36525837:G:A
22:36525981:T:G
22:36526255:C:G
22:36527967:A:G
22:36528895:C:T
22:36530206:T:A
22:36537500:A:T
22:36537893:A:G
22:36539465:T:C
22:36539523:G:A
22:36539754:G:T
22:36539852:G:A
22:36540122:T:C
22:36540261:C:A
22:36540434:C:T
22:36540468:C:T
22:36540617:T:G
22:36541825:C:T
22:36542658:A:C
22:36543489:G:C
22:36543721:G:C
22:36543898:A:T
22:36544563:A:G
22:36544842:G:A
22:36545016:C:G
22:36545570:T:C
22:36545661:C:T
22:36545780:C:T
22:36545826:T:C
22:36548406:G:A
22:36550782:T:C
22:36551158:T:C
22:36551916:C:T
22:36552339:C:T
22:36553181:A:G
22:36554588:C:T
22:36555365:A:C
22:36555366:A:T
22:36555472:C:G
22:36556823:G:T
22:36556964:C:T
22:36557500:C:T
22:36557550:C:T
22:36557623:T:C
22:36557766:C:T
22:36559437:C:T
22:36562236:G:T
22:36562434:A:G
22:36562951:G:A
22:36562996:G:A
22:36563024:A:T
22:36563649:T:G
22:36569844:A:G
22:36570238:G:A
22:36570489:A:G
22:36570890:A:G
22:36570938:C:T
22:36571916:C:T
22:36572070:C:T
22:36572253:C:A
22:36572407:T:C
22:36572416:G:A
22:36572515:G:A
22:36573036:A:T
22:36573945:A:G
22:36574297:A:G
22:36574767:A:G
22:36575026:C:T
22:36575664:G:A
22:36576231:G:C
22:36576650:A:G
22:36576940:G:A
22:36577146:G:A
22:36577942:C:T
22:36578082:C:A
22:36578147:G:C
22:36578854:G:A
22:36579166:T:C
22:36580385:A:G
22:36580879:G:A
22:36580965:G:C
22:36581090:T:C
22:36581170:A:G
22:36581306:G:A
22:36581751:G:A
22:36582388:T:C
22:36582576:A:G
22:36584713:A:G
22:36585162:T:C
22:36585242:A:G
22:36585526:C:T
22:36585564:T:C
22:36585609:C:A
22:36585627:T:G
22:36585721:T:G
22:36587223:G:T
22:36587279:A:G
22:36587486:A:G
22:36587511:C:T
22:36587704:T:C
22:36587952:C:T
22:36588412:C:T
22:36589511:A:C
22:36589539:A:G
22:36589706:G:A
22:36589993:G:A
22:36590458:C:T
22:36590510:T:C
22:36590853:C:T
22:36590857:G:A
22:36590946:C:T
22:36591380:A:G
22:36591639:C:T
22:36592370:C:T
22:36592998:T:C
22:36593161:T:C
22:36593640:A:T
22:36594371:A:C
22:36595254:G:A
22:36596652:C:T
22:36598187:G:C
22:36599741:A:G
22:36600059:G:A
22:36600100:C:T
22:36600291:G:A
22:36600647:A:G
22:36600736:A:G
22:36600758:A:T
22:36600814:A:G
22:36600841:A:G
22:36600920:G:A
22:36601057:C:T
22:36601199:C:T
22:36601837:G:A
22:36601871:A:G
22:36602183:G:T
22:36602474:A:C
22:36602760:A:C
22:36602779:G:T
22:36602849:A:T
22:36603014:A:C
22:36603152:C:G
22:36603294:G:A
22:36603331:C:T
22:36604474:C:G
22:36604605:T:C
22:36605331:C:T
22:36605391:C:T
22:36607229:T:A
22:36608160:C:T
22:36608205:A:G
22:36608349:C:T
22:36608390:G:A
22:36609181:C:T
22:36609739:C:T
22:36609932:G:A
22:36610384:A:T
22:36610386:A:G
22:36610571:C:T
22:36610932:T:A
22:36611064:C:T
22:36611233:T:C
22:36611306:C:T
22:36611382:T:C
22:36611863:G:A
22:36612258:C:G
22:36613044:T:C
22:36613389:A:G
22:36613531:G:T
22:36613953:G:A
22:36614162:T:C
22:36614289:G:A
22:36614411:C:T
22:36614412:G:A
22:36615000:C:A
22:36615069:G:A
22:36615084:A:G
22:36615085:A:T
22:36615089:T:C
22:36615183:T:C
22:36616074:T:C
22:36616135:A:C
22:36616163:G:T
22:36616200:G:A
22:36616281:C:T
22:36616317:G:T
22:36616445:T:C
22:36616526:T:C
22:36616891:A:G
22:36617838:T:C
22:36617901:C:T
22:36617902:C:G
22:36617925:C:T
22:36617974:G:C
22:36617975:G:A
22:36617978:A:G
22:36618077:A:C
22:36618474:C:T
22:36619027:C:T
22:36619057:G:A
22:36619524:C:G
22:36619580:G:C
22:36619945:G:A
22:36620336:C:G
22:36620961:A:G
22:36621216:C:T
22:36621250:C:T
22:36621613:A:C
22:36623920:G:A
22:36625314:T:A
22:36626601:A:G
22:36626632:T:C
22:36626724:T:G
22:36628576:A:G
22:36628993:C:T
22:36629466:T:A
22:36629633:A:C
22:36630056:C:T
22:36630350:C:A
22:36630439:G:A
22:36630949:C:T
22:36630990:C:T
22:36631039:T:C
22:36631194:G:A
22:36631593:A:G
22:36631691:G:A
22:36631952:T:G
22:36632096:G:A
22:36633025:C:T
22:36633427:G:T
22:36633564:T:C
22:36633836:A:C
22:36634217:T:C
22:36635032:T:C
22:36635445:A:G
22:36635967:A:G
22:36636794:G:A
22:36639067:C:T
22:36639308:C:T
22:36639421:G:A
22:36639742:C:T
22:36640927:G:T
22:36641792:G:A
22:36642018:T:A
22:36642370:G:A
22:36643428:G:C
22:36643986:A:T
22:36644151:G:A
22:36644251:G:A
22:36644522:C:T
22:36645089:A:T
22:36646839:C:T
22:36649574:G:A
22:36649802:C:T
22:36652889:G:T
22:36652931:C:T
22:36653854:C:T
22:36654145:T:A
22:36655012:A:G
22:36656138:A:T
22:36656442:C:A
22:36656443:C:A
22:36656444:A:C
22:36656555:A:G
22:36657023:T:C
22:36657119:C:G
22:36657329:T:C
22:36657432:G:C
22:36657789:T:C
22:36661330:G:A
22:36661536:C:A
22:36661566:G:A
22:36661646:G:A
22:36664339:A:G
22:36664486:T:C
22:36666325:T:C
22:36668183:G:A
22:36668884:T:C
22:36669770:T:A
22:36670521:A:G
22:36670522:A:G
22:36670690:C:T
22:36675150:A:G
22:36675290:C:T
22:36675364:A:G
22:36677400:G:A
22:36677914:A:G
22:36677982:G:A
22:36678118:C:T
22:36678453:C:G
22:36678476:C:A
22:36679215:C:G
22:36679639:T:C
22:36680825:C:G
22:36684354:T:C
22:36684358:C:A
22:36690026:G:C
22:36690113:G:A
22:36691927:G:C
22:36691969:G:A
22:36693442:G:A
22:36693980:T:A
22:36694333:G:A
22:36695173:C:T
22:36695247:G:T
22:36695428:C:T
22:36695942:C:T
22:36696087:C:T
22:36699306:G:A
22:36702300:C:T
22:36702892:T:C
22:36705041:C:T
22:36705104:G:A
22:36705128:C:T
22:36705529:A:G
22:36705622:G:A
22:36705623:T:C
22:36705652:G:A
22:36706879:C:A
22:36707047:C:A
22:36707200:G:C
22:36707403:T:A
22:36707661:A:G
22:36707712:G:A
22:36707758:G:C
22:36707786:A:C
22:36707862:G:A
22:36707873:C:T
22:36707951:T:C
22:36708338:A:G
22:36708483:G:A
22:36708641:A:C
22:36708753:A:G
22:36710045:C:T
22:36710047:T:C
22:36710056:A:G
22:36710183:T:C
22:36710519:C:A
22:36710541:A:G
22:36711362:A:G
22:36711478:T:C
22:36712810:C:G
22:36712903:G:C
22:36712963:A:G
22:36713531:T:C
22:36713754:A:G
22:36715274:A:G
22:36716029:T:C
22:36716209:G:A
22:36718039:G:A
22:36718858:G:A
22:36719012:G:A
22:36719360:G:A
22:36720424:C:T
22:36720569:C:T
22:36720779:C:T
22:36722490:C:A
22:36723697:T:G
22:36725831:A:G
22:36727551:G:T
22:36728256:A:G
22:36729074:A:G
22:36730947:T:G
22:36733938:A:G
22:36746079:G:A
22:36751101:C:A
22:36754074:C:T
22:36755498:A:G
22:36757202:C:T
22:36758258:G:A
22:36758547:A:G
22:36758849:A:T
22:36759026:C:T
22:36759815:A:G
22:36760838:G:A
22:36762488:A:G
22:36762634:T:C
22:36763483:T:C
22:36764003:G:C
22:36764533:G:T
22:36764534:T:C
22:36764788:A:G
22:36766003:T:C
22:36766481:A:G
22:36767359:C:T
22:36768595:A:G
22:36768932:G:T
22:36769685:G:A
22:36770038:A:G
22:36770918:C:A
22:36771232:T:C
22:36771893:G:C
22:36774449:G:A
22:36774904:C:T
22:36775751:A:G
22:36777739:G:A
22:36778855:G:T
22:36780788:A:G
22:36786966:T:C
22:36787930:A:G
22:36790715:T:C
22:36791616:G:A
22:36800874:T:C
22:36801481:G:C
22:36804036:A:G
22:36804282:A:G
22:36806251:A:C
22:36806302:T:A
22:36807762:C:T
22:36808227:T:C
22:36811503:T:C
22:36820029:T:C
22:36820117:A:G
22:36820656:T:G
22:36820698:T:C
22:36820722:T:G
22:36822547:G:T
22:36823863:T:C
22:36824357:A:G
22:36826464:G:T
22:36827094:C:T
22:36827368:C:T
22:36827493:G:A
22:36827582:T:A
22:36828315:G:A
22:36828484:G:A
22:36828916:C:T
22:36829104:G:A
22:36829240:C:T
22:36829606:A:G
22:36830842:G:C
22:36831036:G:A
22:36831608:A:G
22:36831704:T:C
22:36831881:G:A
22:36832027:T:C
22:36834674:C:T
22:36837260:G:A
22:36837771:T:C
22:36844619:C:A
22:36844853:A:G
22:36848179:A:G
22:36848527:T:C
22:36849352:G:A
22:36849915:T:C
22:36851207:C:T
22:36852257:A:T
22:36853963:G:A
22:36855161:C:A
22:36855891:T:C
22:36856641:C:T
22:36856728:C:T
22:36856808:T:C
22:36857198:T:C
22:36857291:G:A
22:36857574:C:T
22:36858174:A:G
22:36858236:C:G
22:36858290:A:T
22:36858477:T:G
22:36858510:A:G
22:36858629:A:G
22:36859948:A:G
22:36860168:G:T
22:36862099:G:A
22:36862501:T:C
22:36864480:T:G
22:36865152:C:T
22:36865219:C:A
22:36865385:A:G
22:36865604:T:C
22:36865613:T:C
22:36865622:C:T
22:36865644:T:C
22:36866142:C:T
22:36866277:C:T
22:36866320:C:T
22:36866409:G:A
22:36866707:C:G
22:36866731:C:A
22:36867464:C:T
22:36867736:A:C
22:36867831:T:C
22:36867939:T:C
22:36868260:G:C
22:36868635:C:T
22:36868904:C:T
22:36868924:C:T
22:36869013:C:T
22:36869039:T:C
22:36869927:G:A
22:36870330:T:C
22:36870471:T:C
22:36870582:C:T
22:36870843:T:G
22:36870845:A:C
22:36872114:A:G
22:36872750:T:G
22:36874952:C:T
22:36874956:A:G
22:36877058:A:G
22:36883074:C:T
22:36884175:A:T
22:36885159:A:C
22:36885599:A:G
22:36885652:T:C
22:36886952:G:C
22:36887689:C:T
22:36888066:C:T
22:36889930:A:G
22:36890342:T:C
22:36890353:T:C
22:36890520:C:T
22:36890582:T:C
22:36890615:C:T
22:36891786:G:C
22:36891858:C:A
22:36892639:G:A
22:36892698:T:G
22:36892727:A:G
22:36893635:A:C
22:36894283:T:C
22:36894622:A:G
22:36894653:C:A
22:36895516:C:T
22:36896529:A:G
22:36898674:T:C
22:36900271:T:C
22:36900806:A:G
22:36901145:G:C
22:36902746:G:C
22:36902757:C:A
22:36902863:G:A
22:36903046:A:G
22:36903249:T:G
22:36905950:C:T
22:36906657:C:T
22:36910169:G:A
22:36912724:C:T
22:36914166:A:T
22:36917682:A:G
22:36918230:C:A
22:36919447:C:T
22:36920062:T:C
22:36922723:T:C
22:36922798:G:A
22:36923379:G:A
22:36923400:C:T
22:36923480:G:C
22:36923499:G:A
22:36923591:C:T
22:36923872:T:C
22:36924060:G:A
22:36924174:A:C
22:36924239:G:A
22:36924275:T:A
22:36924327:A:G
22:36924442:A:G
22:36924641:A:G
22:36924714:A:G
22:36924776:C:T
22:36925598:A:G
22:36926198:C:T
22:36926927:C:A
22:36929582:G:A
22:36930574:A:G
22:36933278:G:A
22:36933668:G:A
22:36934377:T:A
22:36934397:G:A
22:36934468:G:A
22:36934503:G:A
22:36934798:G:A
22:36934821:G:A
22:36935372:G:T
22:36935796:C:T
22:36938127:A:G
22:36940463:G:A
22:36941065:G:A
22:36941780:T:G
22:36942323:G:A
22:36943544:A:G
22:36944356:C:G
22:36946643:G:T
22:36947104:A:G
22:36947624:C:T
22:36948403:G:C
22:36948445:T:C
22:36949500:G:A
22:36953815:A:C
22:36953940:T:C
22:36954559:G:T
22:36954628:G:A
22:36954939:C:T
22:36955161:G:A
22:36955367:T:C
22:36955382:G:T
22:36957900:A:T
22:36958908:G:A
22:36959219:G:A
22:36959739:A:C
22:36962353:C:G
22:36963533:C:T
22:36964359:T:C
22:36965284:T:C
22:36965492:C:G
22:36966242:G:T
22:36966724:A:C
22:36969683:T:G
22:36969932:G:A
22:36970287:T:C
22:36971549:G:A
22:36972156:G:T
22:36972188:T:C
22:36972401:A:C
22:36976510:G:T
22:36976975:T:C
22:36978019:T:G
22:36978260:G:T
22:36979780:C:G
22:36980137:C:T
22:36980951:C:T
22:36981256:T:C
22:36981407:A:G
22:36982675:G:A
22:36983404:C:G
22:36983428:G:A
22:36983961:A:G
22:36984197:G:A
22:36984307:C:T
22:36985354:A:G
22:36985499:C:T
22:36986092:T:C
22:36986227:C:T
22:36986676:C:T
22:36987861:A:G
22:36988584:G:A
22:36988654:A:G
22:36989406:A:G
22:36993088:G:C
22:36994063:C:T
22:36997871:G:T
22:36998419:A:T
22:36999496:A:G
22:36999514:T:G
22:37000013:A:G
22:37000661:T:G
22:37000779:C:T
22:37001495:T:G
22:37001575:C:T
22:37004171:C:T
22:37006131:A:C
22:37007470:T:C
22:37008330:C:T
22:37008487:T:C
22:37008928:A:G
22:37010990:C:T
22:37011559:C:T
22:37012219:A:T
22:37012281:T:G
22:37012300:A:G
22:37012321:A:G
22:37012574:T:C
22:37012618:T:G
22:37012953:A:G
22:37013167:C:G
22:37013380:T:C
22:37013393:A:G
22:37013455:G:A
22:37013609:A:G
22:37013694:A:C
22:37013819:C:T
22:37014498:C:T
22:37015183:G:T
22:37015194:G:A
22:37015518:A:G
22:37015800:C:T
22:37015916:A:G
22:37016262:G:A
22:37016614:C:T
22:37017153:T:A
22:37017791:G:C
22:37017890:C:T
22:37017953:A:G
22:37017982:T:C
22:37019918:A:G
22:37020141:C:T
22:37021537:G:A
22:37021795:G:A
22:37022486:G:C
22:37022532:G:A
22:37022732:T:A
22:37023096:A:C
22:37024501:G:A
22:37024953:C:G
22:37025274:A:C
22:37025592:A:T
22:37025819:G:A
22:37027467:A:G
22:37027680:C:T
22:37028150:G:A
22:37028233:A:T
22:37028359:C:T
22:37029920:G:A
22:37032163:A:G
22:37033264:T:G
22:37040199:C:T
22:37042969:G:A
22:37043218:T:C
22:37043667:A:G
22:37043945:C:T
22:37045099:A:G
22:37046154:C:T
22:37046598:A:T
22:37046761:G:C
22:37047138:C:T
22:37048318:C:T
22:37049384:G:C
22:37049694:C:G
22:37050134:G:A
22:37050479:A:T
22:37050675:C:G
22:37053338:C:G
22:37053469:T:C
22:37053814:G:T
22:37053819:C:T
22:37053834:G:A
22:37054060:A:T
22:37054242:T:A
22:37054397:C:T
22:37054871:C:T
22:37055436:G:T
22:37055704:A:G
22:37056207:C:T
22:37056385:A:G
22:37056423:A:C
22:37056599:T:G
22:37056702:G:A
22:37057019:G:A
22:37057349:G:A
22:37057403:A:C
22:37057532:T:C
22:37058430:A:G
22:37058699:G:A
22:37058738:T:A
22:37058750:A:G
22:37059255:G:A
22:37059353:T:C
22:37059389:G:T
22:37060354:T:C
22:37060652:G:C
22:37061215:C:A
22:37061397:C:G
22:37061696:C:A
22:37061752:G:A
22:37062212:G:C
22:37062530:G:C
22:37062819:T:C
22:37062941:G:C
22:37063951:G:A
22:37064378:A:G
22:37064528:G:A
22:37064634:C:T
22:37064966:G:C
22:37066456:G:T
22:37066489:A:C
22:37068388:G:A
22:37070029:C:T
22:37070055:G:A
22:37070172:A:T
22:37071533:T:C
22:37071819:G:C
22:37072019:T:C
22:37073748:A:G
22:37077643:C:T
22:37080514:G:T
22:37080738:G:C
22:37081397:C:A
22:37081695:T:C
22:37081808:C:T
22:37082112:G:A
22:37083494:T:C
22:37084833:G:A
22:37085442:G:A
22:37085935:C:T
22:37086408:T:C
22:37086414:C:A
22:37086666:C:A
22:37087493:C:A
22:37088339:G:T
22:37089525:T:A
22:37090343:G:A
22:37091196:G:C
22:37091442:G:C
22:37091631:T:C
22:37092509:C:T
22:37093433:C:T
22:37093451:T:C
22:37094070:C:T
22:37094493:G:A
22:37096101:A:C
22:37096573:C:G
22:37096794:T:C
22:37096927:T:C
22:37097564:C:T
22:37100260:G:A
22:37101347:A:C
22:37102100:G:C
22:37104248:C:G
22:37104767:A:G
22:37104873:C:T
22:37105180:G:A
22:37105374:C:G
22:37105407:G:A
22:37105470:T:C
22:37106385:C:T
22:37108265:C:T
22:37108298:G:A
22:37108466:G:T
22:37108543:G:A
22:37108551:A:G
22:37108657:T:C
22:37108683:G:A
22:37108692:G:A
22:37108722:C:T
22:37109309:G:A
22:37109454:C:G
22:37109653:A:C
22:37110269:T:C
22:37110759:G:A
22:37111561:C:G
22:37111760:A:C
22:37112213:T:A
22:37112692:C:T
22:37112817:A:C
22:37113798:G:T
22:37114696:A:G
22:37114785:G:T
22:37115158:G:A
22:37115248:G:A
22:37115549:A:C
22:37116098:G:A
22:37117084:G:A
22:37117313:T:C
22:37117546:A:G
22:37117819:C:T
22:37118104:C:T
22:37118535:G:A
22:37118543:C:T
22:37119616:T:C
22:37119800:C:T
22:37121101:G:A
22:37121684:A:G
22:37122351:T:C
22:37124148:G:C
22:37128595:T:C
22:37129437:A:G
22:37130272:C:T
22:37130711:A:G
22:37131542:T:A
22:37132004:T:C
22:37133413:C:T
22:37134037:G:C
22:37134562:T:C
22:37135134:G:T
22:37135305:G:A
22:37136494:G:A
22:37137583:G:A
22:37137784:G:A
22:37139371:G:C
22:37140424:G:T
22:37140797:A:G
22:37149910:G:A
22:37153185:C:T
22:37153289:A:G
22:37153443:A:G
22:37155457:A:C
22:37157165:A:C
22:37157240:C:A
22:37157551:G:C
22:37157572:T:C
22:37157846:A:C
22:37159350:G:A
22:37159393:C:T
22:37159819:T:C
22:37160580:G:A
22:37160621:C:T
22:37163080:C:T
22:37163329:C:T
22:37163607:T:C
22:37165903:T:C
22:37166457:C:T
22:37166674:C:T
22:37167346:A:G
22:37168444:A:G
22:37168638:A:G
22:37168725:C:T
22:37169985:T:C
22:37170915:C:T
22:37170977:C:T
22:37171611:A:G
22:37173085:A:G
22:37176199:C:T
22:37177017:A:G
22:37177190:A:G
22:37177638:T:C
22:37179546:G:C
22:37182681:C:T
22:37184203:G:T
22:37186631:T:C
22:37191418:A:G
22:37192999:A:G
22:37193419:T:G
22:37193624:C:G
22:37194767:A:C
22:37194884:A:G
22:37194900:T:C
22:37195001:G:C
22:37195254:G:A
22:37195257:C:A
22:37195356:G:T
22:37195630:C:G
22:37196871:G:A
22:37197332:G:A
22:37197530:G:A
22:37198259:T:G
22:37198709:G:A
22:37198876:C:T
22:37199806:A:G
22:37199947:T:C
22:37200134:G:A
22:37200670:G:T
22:37201450:A:G
22:37201817:C:T
22:37201891:T:C
22:37202179:T:C
22:37202319:T:C
22:37202548:C:T
22:37202706:C:T
22:37202831:G:A
22:37203297:G:A
22:37203327:C:G
22:37203961:G:C
22:37205150:G:A
22:37206341:T:G
22:37206871:C:T
22:37207667:T:A
22:37208149:G:T
22:37208660:A:C
22:37209447:C:T
22:37210469:G:A
22:37210470:G:A
22:37210656:T:C
22:37210677:T:C
22:37212154:C:T
22:37213386:T:C
22:37214435:G:A
22:37214721:C:T
22:37215758:G:C
22:37216482:G:C
22:37217172:C:T
22:37222929:G:A
22:37223434:C:T
22:37224160:A:G
22:37225287:G:A
22:37228277:A:G
22:37228603:G:A
22:37230208:G:A
22:37234612:C:T
22:37234694:C:T
22:37234786:C:T
22:37235632:G:A
22:37236627:G:T
22:37237617:A:G
22:37238082:G:A
22:37239914:G:A
22:37241788:C:A
22:37241894:C:T
22:37243584:C:T
22:37243662:T:G
22:37244239:A:T
22:37244287:A:G
22:37245020:T:C
22:37246329:C:T
22:37247878:C:A
22:37249449:A:G
22:37249491:G:C
22:37250433:G:T
22:37250457:T:A
22:37250771:G:A
22:37250859:C:A
22:37251377:T:C
22:37251461:A:G
22:37251477:A:G
22:37252010:A:G
22:37252618:C:A
22:37252918:C:T
22:37253383:T:A
22:37253572:G:A
22:37253576:A:G
22:37253983:G:T
22:37254621:G:A
22:37255853:T:C
22:37256262:G:A
22:37256476:G:A
22:37256846:G:A
22:37257822:C:T
22:37258503:T:C
22:37258651:G:C
22:37258986:C:T
22:37260243:T:G
22:37260474:A:G
22:37260601:A:G
22:37260677:A:G
22:37260813:A:G
22:37263706:C:T
22:37263846:T:C
22:37265079:G:C
22:37265172:A:C
22:37265386:T:C
22:37266322:A:G
22:37266979:A:G
22:37267767:A:G
22:37267943:C:A
22:37268079:A:G
22:37268257:C:T
22:37268501:A:G
22:37268555:A:G
22:37268868:G:A
22:37269507:T:C
22:37269945:A:G
22:37270125:C:T
22:37270148:G:A
22:37270443:G:T
22:37270502:A:G
22:37271013:G:C
22:37271431:C:A
22:37271802:C:T
22:37271882:T:C
22:37273073:C:G
22:37273074:T:A
22:37273180:T:G
22:37273742:G:A
22:37274347:G:A
22:37274394:G:C
22:37274443:G:C
22:37275526:A:G
22:37275760:T:G
22:37275904:C:T
22:37276084:A:G
22:37276155:C:T
22:37276250:T:A
22:37276251:A:G
22:37276285:C:A
22:37276914:G:C
22:37277616:A:G
22:37277664:A:C
22:37277844:C:A
22:37279068:G:A
22:37279972:A:T
22:37284219:A:G
22:37285894:G:A
22:37289869:A:G
22:37290547:A:T
22:37296129:A:G
22:37296536:C:T
22:37296931:G:A
22:37296946:C:G
22:37296999:G:A
22:37298682:A:G
22:37299499:A:G
22:37300290:A:C
22:37300410:A:G
22:37300530:T:C
22:37304864:T:A
22:37305421:G:A
22:37305507:C:T
22:37305680:G:A
22:37305717:A:G
22:37306664:A:G
22:37306899:C:A
22:37307248:G:A
22:37307366:A:G
22:37307711:C:T
22:37308691:C:T
22:37308785:T:C
22:37308819:C:T
22:37308915:G:T
22:37309418:G:T
22:37309916:G:A
22:37310046:G:A
22:37310217:C:T
22:37310269:T:C
22:37310954:A:G
22:37311089:A:G
22:37311425:A:C
22:37311806:T:G
22:37311858:G:A
22:37311877:C:T
22:37312173:T:C
22:37312264:G:T
22:37312561:A:G
22:37314001:A:G
22:37314008:A:G
22:37314179:A:T
22:37314185:A:C
22:37314290:T:C
22:37314415:T:C
22:37314507:C:G
22:37314533:C:T
22:37314770:A:T
22:37315759:T:C
22:37315912:C:A
22:37315988:C:T
22:37316041:C:T
22:37316125:G:A
22:37316133:G:A
22:37316259:T:C
22:37316388:T:G
22:37316476:T:C
22:37316873:A:G
22:37316949:G:A
22:37317109:T:C
22:37317493:G:A
22:37317529:A:G
22:37317848:T:C
22:37317970:A:G
22:37318014:G:T
22:37318426:C:T
22:37318446:G:A
22:37318515:T:C
22:37318779:T:C
22:37319009:G:A
22:37319081:T:G
22:37319425:G:T
22:37319947:C:G
22:37321080:T:C
22:37322820:T:G
22:37323988:C:T
22:37328751:A:G
22:37328966:G:C
22:37328968:G:C
22:37329111:G:C
22:37329448:G:A
22:37329545:A:G
22:37329676:T:C
22:37329999:C:T
22:37330082:T:C
22:37330249:A:G
22:37330721:C:T
22:37330779:G:C
22:37330811:C:G
22:37333058:G:T
22:37333794:A:G
22:37335326:C:T
22:37335773:A:G
22:37337409:C:T
22:37338286:G:A
22:37338797:T:C
22:37340429:A:G
22:37340770:T:C
22:37342378:A:C
22:37342719:T:C
22:37343210:G:T
22:37344191:A:G
22:37344955:A:C
22:37345009:A:G
22:37345178:T:C
22:37345254:G:C
22:37345312:T:C
22:37345437:T:A
22:37345465:C:T
22:37345573:T:A
22:37345604:G:A
22:37345814:G:A
22:37345923:C:T
22:37345982:C:T
22:37346295:T:A
22:37346614:G:A
22:37346650:G:A
22:37347011:A:G
22:37347079:T:C
22:37347306:T:G
22:37347344:C:G
22:37347364:T:A
22:37347415:T:A
22:37347570:T:C
22:37347959:C:T
22:37348393:G:A
22:37348721:C:A
22:37348927:T:C
22:37349249:A:G
22:37349992:T:C
22:37350151:G:T
22:37350152:G:T
22:37350417:G:A
22:37350881:C:T
22:37354354:C:T
22:37355706:G:A
22:37357136:C:A
22:37357169:C:T
22:37357219:G:A
22:37357877:G:A
22:37358710:T:G
22:37359489:G:A
22:37359521:G:A
22:37359649:T:C
22:37367536:C:T
22:37367723:C:T
22:37367928:T:C
22:37367965:A:C
22:37368015:G:A
22:37368022:G:T
22:37368112:T:C
22:37368251:T:C
22:37368255:G:A
22:37368876:C:T
22:37368878:C:T
22:37369005:T:C
22:37369088:G:C
22:37369205:G:T
22:37369296:C:T
22:37369354:T:C
22:37369377:A:G
22:37369397:T:G
22:37369465:C:A
22:37370921:T:C
22:37371109:G:A
22:37372129:T:G
22:37372132:T:C
22:37372717:A:G
22:37373520:G:A
22:37374429:G:A
22:37375117:A:G
22:37375668:G:A
22:37377124:G:A
22:37377692:C:T
22:37377737:T:C
22:37378451:T:C
22:37378743:G:A
22:37379689:T:C
22:37379763:T:G
22:37380020:T:C
22:37380297:A:C
22:37381343:C:T
22:37381451:G:A
22:37381674:C:T
22:37381889:T:G
22:37382250:A:G
22:37382318:T:C
22:37383047:C:T
22:37383615:G:A
22:37383809:G:T
22:37384103:G:T
22:37384200:A:G
22:37384336:C:T
22:37384413:C:T
22:37384515:C:T
22:37385049:C:A
22:37386057:G:A
22:37386534:A:G
22:37386647:G:A
22:37386794:G:A
22:37386920:T:C
22:37387119:C:G
22:37387257:T:C
22:37387461:C:T
22:37387505:C:A
22:37387757:G:T
22:37388855:G:A
22:37389527:A:G
22:37390334:C:T
22:37391555:T:C
22:37391635:C:T
22:37391997:G:T
22:37394294:G:A
22:37394323:C:T
22:37394335:T:C
22:37394391:C:T
22:37394501:C:G
22:37394508:A:G
22:37394720:A:G
22:37394731:T:C
22:37394847:C:T
22:37396303:A:G
22:37396417:C:T
22:37397427:G:C
22:37397550:T:C
22:37398195:C:T
22:37398201:C:A
22:37398642:G:T
22:37399148:T:G
22:37400144:A:C
22:37400409:C:T
22:37400560:C:G
22:37401038:G:A
22:37401051:C:T
22:37401101:G:A
22:37401259:G:A
22:37401364:G:A
22:37401518:C:T
22:37401532:G:A
22:37401637:A:T
22:37401792:G:T
22:37402211:A:G
22:37402780:G:T
22:37402819:T:C
22:37402910:A:G
22:37403302:C:T
22:37404249:G:A
22:37404837:G:A
22:37405417:G:A
22:37405441:G:A
22:37405630:C:T
22:37405865:C:T
22:37405911:A:C
22:37406257:T:G
22:37406334:T:C
22:37406401:G:T
22:37407527:T:C
22:37407954:A:C
22:37408135:T:C
22:37408230:A:G
22:37408399:C:T
22:37408719:T:C
22:37409226:G:A
22:37409319:T:C
22:37410967:T:C
22:37411180:T:A
22:37411190:T:C
22:37411207:C:T
22:37412967:G:A
22:37417197:T:C
22:37419220:T:G
22:37419275:C:T
22:37420890:C:T
22:37421469:T:C
22:37421603:G:T
22:37421604:A:C
22:37421702:A:G
22:37422390:C:G
22:37423485:G:A
22:37423486:T:G
22:37424991:G:A
22:37425031:G:A
22:37427493:T:C
22:37428599:A:G
22:37429129:C:T
22:37434028:G:A
22:37435443:T:A
22:37436343:G:A
22:37436348:T:C
22:37437354:G:A
22:37438651:G:T
22:37439701:G:C
22:37444960:C:A
22:37445668:T:C
22:37447046:G:C
22:37453452:C:T
22:37460449:C:T
22:37460550:G:A
22:37462926:G:A
22:37462936:A:G
22:37464624:T:C
22:37467270:C:T
22:37467354:G:C
22:37467392:G:C
22:37469591:G:A
22:37470224:T:C
22:37470536:C:T
22:37470604:G:A
22:37471385:G:A
22:37472855:T:C
22:37476193:A:G
22:37477582:C:T
22:37477732:C:T
22:37477970:T:C
22:37478254:A:G
22:37478775:A:G
22:37479628:G:A
22:37480155:C:T
22:37480181:A:G
22:37480797:C:T
22:37481041:G:C
22:37481343:G:T
22:37481637:C:T
22:37483481:A:G
22:37483691:A:G
22:37484337:T:C
22:37484374:T:G
22:37484944:G:A
22:37485193:T:C
22:37485595:T:C
22:37485724:T:C
22:37486205:T:C
22:37486265:G:A
22:37486866:A:G
22:37487529:C:T
22:37487659:A:G
22:37487687:C:A
22:37487810:A:G
22:37488850:A:T
22:37489274:G:C
22:37489773:G:T
22:37490396:A:G
22:37490691:A:G
22:37490692:C:T
22:37491140:A:G
22:37491150:C:T
22:37491545:T:C
22:37491822:G:A
22:37491839:A:G
22:37492201:T:G
22:37492585:C:T
22:37493178:G:A
22:37494721:T:C
22:37494814:A:G
22:37494915:G:A
22:37495051:T:C
22:37495370:G:A
22:37495550:C:T
22:37495635:G:A
22:37495822:A:G
22:37496410:G:A
22:37496460:A:T
22:37496847:C:T
22:37498026:C:T
22:37498731:G:A
22:37499019:G:A
22:37499046:C:T
22:37499386:C:T
22:37499692:A:G
22:37499699:C:T
22:37500643:A:G
22:37501901:C:T
22:37502423:T:C
22:37503165:T:C
22:37503668:A:G
22:37506680:T:C
22:37506713:G:T
22:37506876:A:G
22:37506992:T:C
22:37507642:A:T
22:37508424:G:C
22:37508507:G:A
22:37508630:C:T
22:37509087:C:T
22:37509124:T:C
22:37509179:T:C
22:37509186:A:C
22:37510072:C:T
22:37511076:C:G
22:37511156:C:G
22:37511851:C:G
22:37512435:T:C
22:37512611:C:T
22:37512646:A:G
22:37513316:G:A
22:37514024:T:C
22:37514339:G:A
22:37516370:C:T
22:37516746:G:A
22:37516986:T:A
22:37517026:A:G
22:37518632:T:C
22:37519667:G:A
22:37520172:T:G
22:37520225:A:G
22:37520971:G:T
22:37523721:C:G
22:37524619:G:T
22:37525208:T:C
22:37525320:T:C
22:37525370:T:C
22:37525731:A:G
22:37525880:T:C
22:37526359:A:G
22:37526529:G:A
22:37528098:C:T
22:37528362:T:G
22:37528606:G:A
22:37529348:C:T
22:37529724:G:A
22:37529798:A:G
22:37530083:C:T
22:37530332:A:G
22:37531117:C:T
22:37531436:G:A
22:37532090:G:T
22:37532172:A:G
22:37532441:G:A
22:37532665:T:C
22:37532699:C:T
22:37533068:C:T
22:37533786:C:G
22:37533795:G:C
22:37534034:G:A
22:37535328:C:G
22:37535471:C:T
22:37535948:A:G
22:37537514:T:C
22:37538328:T:C
22:37538987:A:G
22:37539128:C:T
22:37539188:G:A
22:37539197:C:G
22:37539713:T:C
22:37541812:A:G
22:37541831:G:C
22:37541998:G:A
22:37542201:G:A
22:37542762:G:A
22:37544245:G:A
22:37544345:T:C
22:37544486:G:A
22:37544602:G:A
22:37544810:G:A
22:37544917:C:T
22:37544931:T:G
22:37545505:T:A
22:37551310:G:T
22:37551487:T:C
22:37551607:A:G
22:37551751:C:T
22:37552237:A:G
22:37552894:C:A
22:37553619:A:G
22:37553725:A:C
22:37554699:A:G
22:37554839:C:G
22:37555046:T:C
22:37555585:G:T
22:37555766:G:A
22:37557962:T:C
22:37562111:A:G
22:37562146:C:T
22:37562467:G:A
22:37562957:C:T
22:37563405:G:A
22:37563514:G:A
22:37563980:C:T
22:37564477:G:A
22:37566256:A:G
22:37567030:T:G
22:37567827:G:A
22:37567843:A:T
22:37568670:C:T
22:37569661:A:C
22:37569796:G:T
22:37570084:G:C
22:37570784:C:T
22:37570845:C:T
22:37571497:A:G
22:37573429:G:A
22:37573509:T:C
22:37573636:G:A
22:37573712:C:A
22:37573794:G:T
22:37573847:C:T
22:37574018:C:G
22:37574264:C:T
22:37574634:G:A
22:37575056:G:C
22:37575398:C:T
22:37575931:A:G
22:37575977:G:A
22:37576072:C:T
22:37576486:A:G
22:37577145:A:T
22:37577737:A:T
22:37577983:C:T
22:37578214:T:C
22:37578579:C:T
22:37578652:G:A
22:37578807:G:A
22:37578852:C:T
22:37578960:G:A
22:37578995:C:T
22:37579058:T:C
22:37579803:C:T
22:37580138:T:C
22:37580334:G:A
22:37580442:A:T
22:37580627:C:T
22:37581422:G:C
22:37581485:C:A
22:37582166:C:T
22:37582205:G:A
22:37583096:T:A
22:37584352:A:G
22:37585736:T:C
22:37586000:G:A
22:37586672:A:C
22:37586676:G:C
22:37586961:T:A
22:37587111:A:C
22:37587371:G:C
22:37588013:T:C
22:37588566:G:T
22:37588820:A:G
22:37589068:C:A
22:37589428:C:T
22:37589518:A:G
22:37589805:C:T
22:37589869:A:G
22:37590203:A:C
22:37590207:A:T
22:37590302:C:G
22:37590549:C:A
22:37590718:T:C
22:37591261:T:C
22:37591290:T:G
22:37591318:G:A
22:37591661:C:T
22:37592106:T:C
22:37592504:T:G
22:37593080:G:A
22:37593091:A:G
22:37593156:C:T
22:37594344:C:G
22:37594920:A:C
22:37595156:C:T
22:37595486:G:A
22:37595916:C:T
22:37598400:G:C
22:37599065:G:T
22:37599572:A:G
22:37599706:G:A
22:37599802:C:A
22:37600563:C:A
22:37601306:A:G
22:37602131:G:A
22:37603021:G:A
22:37603051:C:T
22:37603390:C:T
22:37603950:G:A
22:37604567:C:A
22:37605524:A:G
22:37605797:C:T
22:37607378:C:T
22:37607457:G:C
22:37607981:A:C
22:37608711:C:T
22:37609048:T:C
22:37609189:G:T
22:37609294:A:G
22:37609342:T:C
22:37609477:C:A
22:37610419:A:G
22:37610839:C:G
22:37611220:C:T
22:37611684:T:G
22:37611807:T:C
22:37611951:C:G
22:37611987:C:T
22:37612042:C:A
22:37612055:T:C
22:37612103:T:C
22:37613159:T:C
22:37613309:C:T
22:37614208:A:G
22:37615211:T:C
22:37615248:G:C
22:37615356:G:A
22:37615360:C:A
22:37615614:G:A
22:37615682:C:T
22:37616090:C:G
22:37617144:C:G
22:37617402:T:A
22:37617776:T:G
22:37618078:A:G
22:37618136:T:C
22:37618354:T:A
22:37618489:G:C
22:37618637:T:C
22:37618834:G:A
22:37619750:A:G
22:37620050:T:G
22:37620432:G:C
22:37620472:G:A
22:37620533:A:C
22:37620789:T:G
22:37620917:G:A
22:37620935:G:A
22:37621269:A:C
22:37621951:G:A
22:37622310:C:A
22:37622475:G:A
22:37622577:C:G
22:37622590:A:T
22:37624049:T:C
22:37624236:T:C
22:37624999:A:G
22:37625077:A:G
22:37625419:A:G
22:37625644:T:C
22:37626102:A:G
22:37627234:T:C
22:37627246:G:C
22:37627845:G:A
22:37628145:A:G
22:37628993:T:G
22:37629143:T:A
22:37629322:G:T
22:37629938:A:C
22:37630318:A:C
22:37630483:T:C
22:37630788:T:C
22:37630862:C:T
22:37632180:G:T
22:37632770:T:A
22:37632938:T:G
22:37633350:A:G
22:37633775:G:A
22:37633851:C:T
22:37635055:A:G
22:37635428:A:G
22:37635890:T:C
22:37636351:C:A
22:37636949:G:C
22:37637653:G:C
22:37637841:C:A
22:37638289:G:A
22:37638296:A:T
22:37638960:T:C
22:37639183:C:T
22:37640671:T:C
22:37640673:C:A
22:37640878:G:T
22:37640955:G:A
22:37641241:G:A
22:37641268:G:A
22:37641410:T:C
22:37641440:T:C
22:37641624:A:G
22:37642201:G:A
22:37642214:G:A
22:37642235:A:C
22:37644115:T:C
22:37644150:C:G
22:37645230:A:G
22:37646131:G:C
22:37646292:A:C
22:37648682:T:C
22:37649270:A:G
22:37649646:T:C
22:37652762:T:C
22:37653557:T:C
22:37654932:G:C
22:37655125:C:T
22:37656374:C:T
22:37658457:C:T
22:37658699:A:G
22:37658804:T:A
22:37659055:A:G
22:37659798:C:G
22:37660255:A:G
22:37661288:C:A
22:37663349:T:C
22:37663390:T:C
22:37663988:C:T
22:37665847:A:G
22:37666034:G:A
22:37666517:A:T
22:37666786:C:T
22:37667636:T:G
22:37668578:A:C
22:37669321:C:T
22:37673107:C:T
22:37673781:G:A
22:37675218:A:G
22:37676667:C:G
22:37677490:C:T
22:37677719:G:A
22:37677892:T:C
22:37677949:C:A
22:37678096:G:A
22:37678551:A:G
22:37678565:G:A
22:37678814:C:T
22:37678837:C:T
22:37679390:T:A
22:37679586:A:C
22:37679671:C:T
22:37679706:G:T
22:37679707:A:T
22:37679763:A:G
22:37679854:T:C
22:37679925:G:C
22:37680127:G:A
22:37682365:C:G
22:37682825:A:G
22:37683010:A:G
22:37683218:A:G
22:37683280:G:C
22:37683296:A:G
22:37683376:T:C
22:37683393:C:A
22:37683683:C:T
22:37683939:T:C
22:37685400:T:C
22:37685739:G:A
22:37685896:G:A
22:37686113:C:G
22:37691315:T:G
22:37691618:A:G
22:37691907:A:G
22:37692938:C:T
22:37693011:G:A
22:37695256:T:C
22:37696555:A:G
22:37697311:C:T
22:37699168:G:A
22:37699377:T:C
22:37699806:A:G
22:37700177:T:C
22:37703529:C:T
22:37704230:G:T
22:37707962:C:T
22:37708004:T:C
22:37710131:C:T
22:37710177:G:A
22:37710295:G:A
22:37710514:T:C
22:37710569:G:T
22:37710839:C:T
22:37711078:C:G
22:37711679:G:A
22:37712412:C:T
22:37713231:G:A
22:37713246:A:G
22:37713260:A:C
22:37713629:T:C
22:37713682:C:T
22:37713813:G:A
22:37715105:G:A
22:37717182:G:C
22:37717313:A:G
22:37717420:A:G
22:37717819:A:T
22:37719004:T:C
22:37720268:A:G
22:37722301:G:A
22:37722890:A:G
22:37723780:G:A
22:37726024:G:C
22:37726566:A:T
22:37726660:T:C
22:37726893:G:C
22:37727452:C:G
22:37728254:T:C
22:37728491:T:C
22:37728542:G:C
22:37729249:G:C
22:37729706:T:A
22:37730433:C:T
22:37730557:G:A
22:37730755:G:A
22:37732085:C:G
22:37732121:C:T
22:37734452:T:G
22:37734534:C:T
22:37734924:C:T
22:37735012:G:C
22:37735969:G:A
22:37736850:G:A
22:37738394:C:T
22:37738604:C:G
22:37738621:G:A
22:37738660:C:T
22:37738951:A:G
22:37739029:C:T
22:37739324:G:A
22:37740691:T:A
22:37740853:C:T
22:37740990:C:T
22:37741052:G:C
22:37741458:A:G
22:37743032:T:A
22:37744226:G:A
22:37744232:T:A
22:37744548:G:A
22:37744848:C:T
22:37744856:G:A
22:37745101:T:C
22:37745291:T:C
22:37745296:A:G
22:37745559:T:C
22:37746000:T:C
22:37746783:G:A
22:37746958:T:C
22:37747024:C:A
22:37747830:G:A
22:37747982:C:T
22:37747990:T:C
22:37748394:A:G
22:37748959:G:C
22:37749527:G:A
22:37749731:G:A
22:37749946:C:G
22:37750170:C:T
22:37750293:C:T
22:37750347:T:C
22:37750349:T:C
22:37751775:C:T
22:37751812:T:G
22:37751847:A:G
22:37751945:A:C
22:37752160:G:A
22:37752652:T:C
22:37752697:C:T
22:37752981:C:T
22:37753256:T:C
22:37753323:C:T
22:37753380:G:C
22:37753385:G:A
22:37753999:C:A
22:37754175:G:A
22:37755083:T:C
22:37755214:G:T
22:37755223:T:C
22:37755691:G:A
22:37755712:C:T
22:37755976:C:A
22:37756273:C:G
22:37757099:A:G
22:37757184:C:G
22:37757356:A:G
22:37757798:A:G
22:37757888:A:G
22:37758310:C:T
22:37758336:G:A
22:37758364:A:G
22:37758414:C:T
22:37758618:G:T
22:37758730:C:G
22:37759022:C:A
22:37759697:C:T
22:37759732:C:A
22:37759746:C:T
22:37759937:A:G
22:37760162:A:G
22:37760386:G:A
22:37761388:T:C
22:37761453:A:C
22:37761813:T:C
22:37763019:G:A
22:37763020:T:C
22:37763862:G:A
22:37764253:T:C
22:37766067:G:A
22:37766196:T:C
22:37766693:A:G
22:37770066:G:T
22:37770357:A:G
22:37770630:G:A
22:37771158:G:A
22:37771985:A:G
22:37772869:G:T
22:37773095:C:G
22:37773648:A:G
22:37773723:A:G
22:37774044:G:A
22:37774358:G:A
22:37774389:A:C
22:37774540:T:C
22:37774901:T:C
22:37775228:T:G
22:37775890:C:T
22:37775974:C:G
22:37777031:A:G
22:37779219:G:A
22:37779381:G:A
22:37779713:G:T
22:37779829:C:G
22:37781124:G:T
22:37781369:A:G
22:37781874:G:T
22:37782256:A:G
22:37782938:G:T
22:37783351:G:A
22:37786710:G:C
22:37787221:G:A
22:37787325:A:G
22:37789106:G:A
22:37789542:G:A
22:37790100:C:T
22:37790111:A:C
22:37790294:C:A
22:37790503:G:A
22:37792513:C:T
22:37792577:C:T
22:37792590:A:G
22:37792639:G:A
22:37793080:C:G
22:37793166:C:T
22:37793280:C:T
22:37793330:G:A
22:37793408:A:G
22:37793515:C:T
22:37793550:A:T
22:37793653:T:G
22:37794269:T:C
22:37794851:G:A
22:37795172:C:G
22:37796814:G:A
22:37796977:G:C
22:37797032:G:A
22:37797138:A:G
22:37797697:G:T
22:37797727:G:C
22:37797728:C:G
22:37797800:T:C
22:37797971:C:T
22:37798370:C:G
22:37798583:C:A
22:37798644:G:T
22:37798955:G:A
22:37799101:G:C
22:37799188:G:T
22:37799369:A:G
22:37799538:A:G
22:37799637:C:T
22:37799664:C:T
22:37799853:C:T
22:37799857:G:A
22:37799884:G:T
22:37800000:A:G
22:37800169:G:A
22:37800175:C:T
22:37800496:G:T
22:37800577:G:A
22:37800641:C:T
22:37801760:G:C
22:37802346:G:A
22:37803474:A:G
22:37804175:G:A
22:37805716:A:G
22:37805764:T:G
22:37805874:G:A
22:37806276:C:T
22:37806870:A:G
22:37806919:A:G
22:37807101:G:A
22:37807109:A:G
22:37808884:A:G
22:37808911:T:C
22:37808991:T:C
22:37809238:G:A
22:37809655:G:A
22:37809771:G:A
22:37810175:T:C
22:37810456:C:G
22:37810491:A:T
22:37810692:G:A
22:37810707:A:C
22:37810777:A:G
22:37812170:A:G
22:37812380:C:T
22:37812911:A:G
22:37813019:T:C
22:37814923:G:A
22:37815039:G:A
22:37816937:A:G
22:37818111:T:C
22:37818239:C:G
22:37818330:T:G
22:37818417:T:C
22:37820813:T:C
22:37822058:C:A
22:37822223:T:C
22:37822383:A:G
22:37824266:A:G
22:37824267:C:G
22:37824369:A:G
22:37825220:G:C
22:37826951:A:C
22:37827196:T:C
22:37827248:G:A
22:37827711:G:T
22:37828483:G:A
22:37828731:G:T
22:37829362:G:A
22:37830081:C:A
22:37830378:G:A
22:37830743:G:A
22:37830814:C:T
22:37831094:C:T
22:37831657:G:C
22:37831693:G:T
22:37831918:T:A
22:37832091:C:G
22:37836292:A:G
22:37843239:C:T
22:37843850:A:G
22:37843990:G:T
22:37844850:C:T
22:37845072:G:A
22:37845452:A:G
22:37845613:C:T
22:37846010:G:C
22:37846448:A:G
22:37847465:G:A
22:37849017:A:C
22:37852430:C:T
22:37856275:C:T
22:37857279:A:G
22:37858097:C:T
22:37865057:G:A
22:37869131:G:A
22:37874066:G:C
22:37879472:C:A
22:37879558:G:A
22:37880668:G:C
22:37881118:G:A
22:37881442:C:T
22:37881513:G:C
22:37881842:G:A
22:37882559:T:C
22:37882731:C:T
22:37882988:G:A
22:37883858:T:C
22:37886528:T:C
22:37888994:T:C
22:37889014:C:T
22:37889346:T:G
22:37889387:C:T
22:37891710:C:A
22:37892090:A:T
22:37892370:A:G
22:37894420:A:G
22:37894645:G:A
22:37895540:T:C
22:37895915:T:G
22:37895954:A:G
22:37896749:T:C
22:37896809:A:G
22:37897208:C:T
22:37898411:A:G
22:37898896:A:G
22:37899101:A:G
22:37899434:A:G
22:37899925:T:C
22:37899996:G:A
22:37900006:T:C
22:37900276:A:G
22:37900607:G:A
22:37900762:G:A
22:37900771:A:G
22:37900983:C:G
22:37902500:C:T
22:37902926:G:A
22:37903578:A:G
22:37904251:T:C
22:37904957:C:G
22:37905173:A:G
22:37905285:C:A
22:37908108:C:T
22:37908190:T:G
22:37908435:T:C
22:37908610:G:C
22:37908865:G:A
22:37908976:T:C
22:37909015:A:G
22:37909539:G:A
22:37910355:G:A
22:37910395:A:G
22:37910591:G:A
22:37910715:G:A
22:37910804:T:G
22:37911190:T:G
22:37911770:T:C
22:37914526:G:A
22:37915915:T:C
22:37918116:G:A
22:37918472:T:C
22:37918672:A:C
22:37919267:G:A
22:37919374:T:G
22:37919864:G:C
22:37920097:T:C
22:37920993:C:T
22:37921425:G:A
22:37921674:T:C
22:37921675:C:T
22:37921791:T:C
22:37922029:T:G
22:37922414:T:C
22:37922484:T:C
22:37922553:T:G
22:37922720:G:A
22:37923437:T:C
22:37924015:C:G
22:37924542:C:T
22:37924683:C:G
22:37925702:T:C
22:37925723:T:A
22:37925852:A:G
22:37926047:A:G
22:37926048:C:G
22:37929759:G:T
22:37929928:A:C
22:37931755:C:G
22:37931846:T:C
22:37932018:G:A
22:37934531:C:T
22:37934725:G:A
22:37937829:C:G
22:37939252:G:A
22:37942412:C:T
22:37942569:G:A
22:37943299:G:A
22:37943636:C:G
22:37944409:A:C
22:37945142:C:T
22:37946031:A:G
22:37946767:G:C
22:37947369:A:T
22:37948293:T:A
22:37948322:C:T
22:37949320:G:A
22:37950124:G:A
22:37951451:A:G
22:37952493:A:G
22:37952779:C:T
22:37953050:G:A
22:37953067:A:G
22:37953424:G:A
22:37955081:T:C
22:37956214:A:G
22:37958163:G:C
22:37958268:A:G
22:37958312:A:G
22:37960365:G:A
22:37960725:G:T
22:37961949:C:T
22:37964299:C:G
22:37965689:A:G
22:37965880:G:A
22:37966060:T:C
22:37967432:G:A
22:37970189:G:A
22:37971048:T:G
22:37971847:G:C
22:37973933:G:A
22:37976238:C:T
22:37976239:A:T
22:37976422:T:C
22:37977418:A:T
22:37977713:T:C
22:37978750:G:A
22:37979150:G:A
22:37979264:C:T
22:37979852:G:A
22:37980342:A:G
22:37980466:G:A
22:37980471:C:G
22:37980494:C:T
22:37981729:T:C
22:37981863:C:T
22:37981913:A:G
22:37982012:A:C
22:37982057:G:A
22:37983297:C:G
22:37983567:C:G
22:37984215:A:G
22:37984294:T:C
22:37984657:T:G
22:37984864:A:G
22:37985340:G:C
22:37985584:C:T
22:37985727:C:T
22:37990658:T:C
22:37992704:G:A
22:37992850:G:C
22:37992855:T:C
22:37997177:C:G
22:37997451:T:C
22:37998231:G:A
22:37998565:T:A
22:38001504:T:C
22:38001708:C:G
22:38001748:C:T
22:38001828:T:C
22:38002865:A:T
22:38003070:C:T
22:38003235:G:C
22:38004202:G:T
22:38004644:G:A
22:38005144:T:C
22:38005247:G:A
22:38005266:T:C
22:38005441:T:C
22:38005877:C:T
22:38005937:A:G
22:38006253:C:T
22:38009241:C:A
22:38010035:A:C
22:38010068:G:C
22:38012466:T:G
22:38012873:C:T
22:38013172:C:T
22:38022622:A:C
22:38025375:T:C
22:38025821:T:G
22:38026747:G:A
22:38029141:G:C
22:38029295:G:A
22:38029723:A:G
22:38031636:G:T
22:38032027:C:G
22:38032915:A:G
22:38033376:T:C
22:38033910:C:T
22:38034150:A:G
22:38034968:G:A
22:38035076:G:A
22:38035308:T:C
22:38035349:T:C
22:38037938:T:C
22:38038060:G:A
22:38041193:G:A
22:38041647:A:G
22:38041649:T:C
22:38043444:C:A
22:38043579:A:G
22:38044497:C:T
22:38045397:A:G
22:38045488:G:T
22:38046695:C:A
22:38046718:A:G
22:38046888:A:G
22:38047801:G:C
22:38048034:T:G
22:38049289:C:A
22:38050880:A:G
22:38051019:G:A
22:38051999:C:T
22:38052291:A:G
22:38053665:G:T
22:38053909:C:T
22:38054038:A:G
22:38054262:A:C
22:38054325:C:T
22:38054403:A:G
22:38059427:T:C
22:38059847:C:A
22:38060691:G:C
22:38060850:G:A
22:38061450:C:G
22:38061520:C:G
22:38062112:C:G
22:38063722:C:G
22:38064650:C:T
22:38067011:C:G
22:38069305:G:A
22:38070921:A:G
22:38071043:G:A
22:38071511:T:C
22:38074142:T:C
22:38074343:C:T
22:38074434:G:A
22:38075834:G:A
22:38076063:G:A
22:38077718:A:G
22:38081571:C:G
22:38081747:C:A
22:38083101:T:C
22:38085475:A:G
22:38085523:G:A
22:38086574:C:T
22:38089682:G:A
22:38091899:A:C
22:38092851:T:C
22:38092892:G:A
22:38093005:C:T
22:38093169:G:A
22:38093252:G:C
22:38096334:C:G
22:38096697:A:G
22:38097359:C:G
22:38102073:A:G
22:38102945:T:A
22:38103545:A:T
22:38104609:C:G
22:38104705:A:T
22:38105253:G:A
22:38105810:C:T
22:38105981:C:T
22:38106046:C:T
22:38106093:A:G
22:38106108:C:T
22:38106225:T:G
22:38106259:A:T
22:38109115:G:T
22:38110285:A:G
22:38115318:C:T
22:38116507:G:T
22:38117943:T:C
22:38121152:C:A
22:38122122:T:C
22:38122448:C:T
22:38123364:C:T
22:38123800:T:A
22:38124914:A:G
22:38125536:C:A
22:38126364:G:A
22:38126582:C:T
22:38126746:C:A
22:38127126:G:T
22:38127950:C:T
22:38130385:A:C
22:38130459:G:T
22:38136587:A:C
22:38136676:C:T
22:38138379:G:C
22:38140352:T:G
22:38144235:C:T
22:38144618:C:T
22:38146398:T:C
22:38146433:T:C
22:38146585:C:T
22:38148882:G:A
22:38154544:G:A
22:38154749:G:A
22:38155497:A:G
22:38156183:T:A
22:38157805:A:G
22:38158521:A:G
22:38158709:A:G
22:38159316:C:G
22:38160794:A:C
22:38164106:C:T
22:38165587:G:A
22:38172213:G:A
22:38172380:C:A
22:38175477:G:T
22:38175955:G:A
22:38176216:G:A
22:38179120:T:A
22:38179473:C:T
22:38180487:G:T
22:38181115:C:T
22:38185994:T:G
22:38186400:G:A
22:38186402:A:G
22:38192452:C:T
22:38193920:C:T
22:38196573:T:G
22:38199054:A:G
22:38199222:G:T
22:38199364:A:G
22:38199950:T:C
22:38200124:C:T
22:38202399:T:C
22:38202552:T:C
22:38203796:C:T
22:38204089:C:T
22:38204259:C:T
22:38204540:C:A
22:38204640:A:G
22:38205894:T:C
22:38205989:T:C
22:38211954:G:A
22:38212068:C:T
22:38212762:A:G
22:38218637:C:T
22:38218701:A:G
22:38221658:A:G
22:38226287:C:T
22:38227821:C:G
22:38241432:A:G
22:38243675:A:T
22:38251686:T:C
22:38258429:G:A
22:38258810:T:C
22:38263198:C:T
22:38267446:G:C
22:38267619:T:A
22:38268922:G:A
22:38272929:C:T
22:38273303:T:G
22:38273749:T:C
22:38278780:T:C
22:38280311:C:G
22:38282279:A:T
22:38283605:A:G
22:38286144:C:T
22:38291074:G:A
22:38292974:T:C
22:38295271:T:C
22:38300967:A:T
22:38304858:G:T
22:38306671:C:T
22:38306706:G:A
22:38306771:T:C
22:38307060:T:C
22:38307568:G:A
22:38307909:T:C
22:38308291:C:T
22:38312420:C:T
22:38312727:G:T
22:38314178:A:G
22:38315469:C:T
22:38317137:C:T
22:38322350:C:T
22:38323507:G:T
22:38329285:G:A
22:38329524:G:A
22:38341134:T:C
22:38351685:C:A
22:38353932:C:G
22:38354684:C:T
22:38359667:A:C
22:38360118:A:T
22:38361559:C:T
22:38364205:G:A
22:38364339:T:C
22:38364552:T:C
22:38369027:C:T
22:38369976:A:G
22:38371039:C:T
22:38371328:C:T
22:38371396:G:C
22:38386787:C:A
22:38387914:G:T
22:38388203:G:A
22:38393423:C:A
22:38393608:G:A
22:38396220:C:T
22:38397034:G:A
22:38397797:T:C
22:38399098:A:G
22:38399979:A:G
22:38405417:C:T
22:38409596:A:G
22:38415542:C:T
22:38415721:C:T
22:38417510:T:C
22:38426043:A:G
22:38426774:T:C
22:38427551:G:C
22:38427963:G:A
22:38431917:G:A
22:38432725:C:G
22:38445214:C:A
22:38445400:C:A
22:38447266:C:A
22:38447365:T:C
22:38447444:G:A
22:38448295:C:G
22:38449394:G:A
22:38450291:C:T
22:38450620:A:G
22:38450971:G:A
22:38451080:A:C
22:38452254:C:G
22:38452365:C:G
22:38452482:G:A
22:38455469:T:A
22:38456598:A:G
22:38456680:G:A
22:38458969:G:C
22:38460285:G:C
22:38460484:T:C
22:38462680:C:T
22:38463141:C:A
22:38463652:T:G
22:38463968:A:G
22:38467784:G:C
22:38468632:G:A
22:38473398:C:T
22:38473706:G:A
22:38474696:A:G
22:38474852:G:A
22:38474952:C:T
22:38474965:C:T
22:38476276:C:T
22:38477930:G:A
22:38480007:C:T
22:38480328:G:C
22:38481516:G:A
22:38486738:T:C
22:38487002:G:A
22:38487029:A:G
22:38487715:G:A
22:38489558:G:T
22:38490056:C:T
22:38491370:A:G
22:38491765:G:T
22:38495011:T:C
22:38499523:A:G
22:38499586:A:C
22:38499932:G:A
22:38502639:T:C
22:38502825:C:G
22:38502927:C:T
22:38503479:G:A
22:38505266:A:G
22:38505347:G:A
22:38505356:A:G
22:38506688:T:C
22:38507047:G:A
22:38512402:G:A
22:38514423:C:G
22:38514554:T:G
22:38514745:A:G
22:38514839:T:C
22:38514906:A:G
22:38515596:A:G
22:38517405:T:C
22:38517880:T:G
22:38518083:G:A
22:38518177:C:T
22:38518229:G:T
22:38518538:G:A
22:38518622:A:G
22:38518731:C:T
22:38519513:T:C
22:38519689:A:G
22:38519841:C:T
22:38520832:A:G
22:38521088:C:G
22:38522887:A:G
22:38523065:T:C
22:38523211:G:A
22:38523246:C:G
22:38524149:G:C
22:38527353:T:A
22:38529500:T:G
22:38530956:G:A
22:38533055:G:A
22:38533321:G:A
22:38533971:A:T
22:38534045:T:C
22:38534209:C:T
22:38534507:T:C
22:38535946:G:A
22:38538822:T:C
22:38538856:T:C
22:38539041:T:C
22:38541936:G:A
22:38542346:G:A
22:38542499:C:T
22:38542613:T:C
22:38543287:T:C
22:38543965:C:A
22:38544221:A:G
22:38544298:A:G
22:38545363:C:T
22:38545619:A:G
22:38545942:T:C
22:38546557:T:C
22:38546700:G:A
22:38547172:C:T
22:38547279:G:A
22:38547395:A:C
22:38547538:G:A
22:38547566:T:A
22:38548516:T:G
22:38548589:G:A
22:38548845:A:C
22:38548964:C:A
22:38548972:G:A
22:38549948:G:A
22:38549969:C:T
22:38550173:A:G
22:38551846:T:C
22:38552781:A:G
22:38552855:C:T
22:38553154:C:T
22:38553411:C:T
22:38555193:C:A
22:38555904:T:A
22:38556260:T:G
22:38557326:T:C
22:38557513:T:A
22:38557821:A:G
22:38558459:A:G
22:38558842:C:T
22:38559079:G:C
22:38559409:G:A
22:38559448:C:A
22:38560745:T:C
22:38560911:C:T
22:38561307:C:T
22:38561523:C:T
22:38561562:T:C
22:38561911:T:G
22:38562056:T:C
22:38562098:A:G
22:38562127:G:T
22:38562258:T:C
22:38562279:T:C
22:38562321:C:A
22:38562425:A:G
22:38563297:C:G
22:38563972:T:C
22:38564041:C:G
22:38564457:T:C
22:38565209:G:A
22:38566331:C:T
22:38566668:G:A
22:38567897:G:A
22:38568094:G:T
22:38568465:C:A
22:38568695:A:G
22:38568703:G:A
22:38568715:G:T
22:38568833:C:G
22:38568944:A:T
22:38569006:A:G
22:38569171:T:C
22:38569527:C:T
22:38569529:T:C
22:38569557:G:A
22:38569653:G:C
22:38570698:C:A
22:38570700:C:A
22:38570721:G:A
22:38570775:C:G
22:38570791:T:C
22:38570842:T:C
22:38570912:C:T
22:38570927:C:G
22:38571087:T:G
22:38571563:A:G
22:38572057:C:T
22:38572440:G:C
22:38572526:C:G
22:38572582:C:T
22:38572637:A:C
22:38572761:G:A
22:38572977:G:A
22:38574066:A:G
22:38575403:G:T
22:38576315:C:T
22:38576826:G:A
22:38577119:T:G
22:38577515:G:A
22:38579026:G:A
22:38579569:T:A
22:38580917:G:T
22:38581503:G:A
22:38582497:G:A
22:38583466:C:T
22:38583476:C:A
22:38584704:T:C
22:38587384:T:C
22:38587833:G:A
22:38587893:G:A
22:38588030:G:C
22:38588510:A:G
22:38588584:C:A
22:38588710:A:C
22:38588740:T:C
22:38590815:G:A
22:38591026:C:T
22:38592967:G:A
22:38593641:T:A
22:38595240:C:T
22:38595260:A:T
22:38598041:C:T
22:38599364:G:A
22:38599767:C:G
22:38599857:G:C
22:38599978:G:A
22:38600542:C:T
22:38600595:A:T
22:38601231:G:T
22:38602140:T:C
22:38604803:C:A
22:38605067:T:G
22:38606780:A:G
22:38609950:G:A
22:38611080:C:G
22:38614090:T:C
22:38615536:A:T
22:38617333:T:C
22:38620057:G:A
22:38622598:C:A
22:38623313:G:A
22:38623714:G:A
22:38625033:A:C
22:38628144:A:T
22:38628306:C:A
22:38628388:T:G
22:38628584:G:A
22:38628739:A:G
22:38629899:T:C
22:38630272:T:C
22:38630287:C:T
22:38630956:G:A
22:38631768:T:C
22:38633425:G:A
22:38633666:A:C
22:38635359:C:T
22:38635679:C:T
22:38639314:C:T
22:38640312:A:G
22:38640841:A:G
22:38642343:T:C
22:38642494:A:G
22:38643317:G:A
22:38643420:C:T
22:38644195:T:C
22:38646063:G:A
22:38646460:C:T
22:38647639:A:G
22:38649153:C:T
22:38649783:C:T
22:38650644:A:T
22:38650731:C:A
22:38653575:G:A
22:38653689:T:C
22:38656685:A:G
22:38658055:G:A
22:38658577:G:C
22:38658628:G:A
22:38658633:C:T
22:38659000:T:C
22:38659896:T:C
22:38660411:T:C
22:38660566:G:A
22:38660871:C:T
22:38661860:A:C
22:38662284:A:C
22:38662396:T:C
22:38663819:A:G
22:38663856:G:A
22:38664539:C:G
22:38664789:G:A
22:38665815:A:T
22:38666186:C:G
22:38666373:G:A
22:38671780:T:C
22:38672485:G:T
22:38672669:T:C
22:38675000:G:C
22:38675738:C:A
22:38678387:T:G
22:38678451:G:A
22:38678564:T:G
22:38678746:C:A
22:38679405:T:G
22:38685131:T:C
22:38685519:G:A
22:38689984:T:A
22:38690889:C:A
22:38695099:T:C
22:38695406:C:T
22:38696178:G:A
22:38703106:G:A
22:38703589:C:G
22:38703653:A:G
22:38708118:T:C
22:38708404:A:C
22:38715222:G:A
22:38716638:C:G
22:38718539:G:T
22:38719189:A:G
22:38724955:C:T
22:38725141:T:C
22:38732824:G:A
22:38741793:C:A
22:38742033:A:C
22:38744184:T:C
22:38746369:C:T
22:38746745:C:A
22:38749429:T:C
22:38749925:T:A
22:38777877:C:G
22:38778957:G:A
22:38793267:A:G
22:38798187:C:T
22:38799163:C:T
22:38799861:C:T
22:38804294:T:C
22:38804877:G:A
22:38807182:C:T
22:38808767:C:G
22:38809485:C:T
22:38809549:C:T
22:38809602:A:C
22:38811282:C:T
22:38813000:G:T
22:38813069:C:T
22:38813175:C:T
22:38813808:G:A
22:38815543:G:T
22:38816059:T:C
22:38819457:T:G
22:38819613:G:A
22:38821504:G:A
22:38822521:C:T
22:38822698:C:T
22:38823136:T:C
22:38824612:G:A
22:38824633:G:A
22:38829774:G:C
22:38831204:C:A
22:38831870:C:G
22:38832512:G:A
22:38833595:C:G
22:38834840:C:G
22:38835006:G:T
22:38838996:T:C
22:38839461:C:T
22:38839485:C:A
22:38840113:G:A
22:38841336:G:A
22:38841703:T:C
22:38841859:G:A
22:38842042:T:C
22:38843107:C:T
22:38843416:A:G
22:38844803:C:G
22:38845788:G:A
22:38846891:A:G
22:38848128:G:A
22:38848204:A:G
22:38848523:G:A
22:38849420:C:T
22:38849679:T:C
22:38849787:C:T
22:38849993:T:C
22:38852396:G:A
22:38852575:C:A
22:38854428:A:G
22:38854971:C:T
22:38858204:C:A
22:38858326:C:T
22:38859011:T:A
22:38859060:T:C
22:38860008:A:G
22:38860071:C:T
22:38863006:C:T
22:38877461:T:G
22:38877918:T:C
22:38879010:T:A
22:38879688:G:A
22:38879940:A:G
22:38881454:A:C
22:38885627:T:C
22:38889657:C:T
22:38898051:T:C
22:38907849:C:T
22:38910810:C:T
22:38912771:A:G
22:38918894:T:G
22:38921084:T:A
22:38921214:C:T
22:38922579:T:C
22:38925719:A:C
22:38935927:C:G
22:38937794:G:A
22:38937950:C:T
22:38938936:G:T
22:38956166:C:T
22:38956464:C:G
22:38957013:T:C
22:38957483:G:A
22:38970439:G:A
22:38974154:C:A
22:38974680:C:T
22:38975511:G:A
22:38977890:G:C
22:38982321:T:C
22:38982442:T:A
22:38985818:A:C
22:38989007:C:G
22:38989646:T:C
22:38990662:G:A
22:38991393:G:T
22:38993370:C:T
22:38993467:A:G
22:38994577:C:T
22:38995385:G:T
22:38997269:C:G
22:38998519:C:A
22:39000397:G:A
22:39007174:A:C
22:39013830:T:C
22:39015302:T:C
22:39016182:T:C
22:39018179:T:A
22:39018334:T:C
22:39025277:T:C
22:39028913:C:T
22:39032270:C:T
22:39032348:C:T
22:39034867:G:A
22:39036769:T:C
22:39043491:T:G
22:39044152:G:C
22:39045099:T:C
22:39046327:T:C
22:39046700:A:C
22:39051705:C:T
22:39052116:C:T
22:39052155:G:A
22:39053049:T:C
22:39053382:A:G
22:39053757:G:C
22:39053888:C:T
22:39057661:A:G
22:39057763:C:T
22:39058757:T:G
22:39060917:C:T
22:39062194:T:C
22:39064209:G:A
22:39064230:A:G
22:39064378:T:A
22:39064406:A:G
22:39064681:C:T
22:39064806:A:C
22:39064966:C:T
22:39065172:A:G
22:39065582:A:G
22:39065739:A:G
22:39065743:G:C
22:39066820:C:T
22:39067331:G:A
22:39067524:A:G
22:39068789:T:C
22:39069045:A:G
22:39069181:T:C
22:39069510:T:C
22:39071658:A:G
22:39071677:C:T
22:39072098:C:G
22:39072454:C:T
22:39072472:G:A
22:39074716:G:A
22:39074737:A:G
22:39075145:C:T
22:39075235:G:C
22:39075434:C:G
22:39076587:A:G
22:39077058:C:T
22:39079964:T:C
22:39080078:T:C
22:39080638:T:A
22:39082174:A:G
22:39094619:A:C
22:39095698:C:G
22:39101079:T:C
22:39101619:G:C
22:39101633:T:C
22:39104168:A:G
22:39104320:C:T
22:39105707:G:A
22:39105948:T:C
22:39107001:G:A
22:39107338:A:G
22:39110124:G:A
22:39113134:G:A
22:39113903:C:T
22:39116795:A:C
22:39121252:A:G
22:39124467:C:T
22:39124912:C:T
22:39125074:C:G
22:39126508:A:G
22:39129708:G:A
22:39129999:A:G
22:39130843:C:G
22:39130964:C:T
22:39130971:A:G
22:39131727:T:G
22:39132601:A:T
22:39132748:G:A
22:39133410:A:G
22:39133803:C:T
22:39134715:T:C
22:39137834:C:G
22:39139216:C:G
22:39141600:G:A
22:39142615:T:C
22:39146527:C:T
22:39147715:C:T
22:39148483:G:A
22:39149155:C:T
22:39150450:G:A
22:39150543:G:T
22:39156597:G:T
22:39158936:C:G
22:39160117:C:T
22:39163014:A:G
22:39163856:G:A
22:39164781:G:A
22:39165962:C:T
22:39166352:C:T
22:39168258:A:G
22:39168987:T:C
22:39170066:T:G
22:39171389:C:G
22:39171895:C:A
22:39172062:A:G
22:39172111:C:T
22:39172588:G:T
22:39175267:G:A
22:39176125:T:C
22:39178375:G:A
22:39178393:T:C
22:39178701:A:G
22:39181596:G:C
22:39183883:C:A
22:39184639:A:C
22:39185188:C:A
22:39190465:T:C
22:39192226:T:C
22:39193928:C:A
22:39195562:A:G
22:39196937:T:C
22:39197230:G:A
22:39197769:T:A
22:39197939:A:G
22:39198240:G:T
22:39199936:C:T
22:39200643:G:A
22:39205717:T:C
22:39209839:T:C
22:39210816:G:C
22:39210829:G:A
22:39212470:T:A
22:39213489:T:C
22:39213517:C:A
22:39214146:T:A
22:39214774:G:T
22:39216301:T:C
22:39216667:C:T
22:39218001:G:A
22:39219932:T:C
22:39219953:A:C
22:39220360:C:G
22:39220908:T:C
22:39222652:G:A
22:39224123:G:A
22:39224248:T:C
22:39224770:T:C
22:39224905:C:T
22:39225382:G:A
22:39225589:A:T
22:39226996:G:A
22:39227834:A:G
22:39228045:T:C
22:39228494:T:C
22:39228601:A:C
22:39229593:A:G
22:39230707:G:A
22:39230740:A:G
22:39230884:C:T
22:39231538:T:C
22:39232459:T:C
22:39232763:C:A
22:39233555:G:T
22:39233584:G:C
22:39235832:A:G
22:39236278:G:A
22:39236642:G:A
22:39237837:C:G
22:39238385:C:G
22:39241509:A:G
22:39241656:A:T
22:39244118:C:A
22:39245583:C:T
22:39245618:G:T
22:39245640:C:G
22:39247007:A:G
22:39247482:C:G
22:39248391:G:A
22:39248667:C:T
22:39253421:G:C
22:39254437:G:A
22:39254556:G:A
22:39254841:G:A
22:39255172:T:G
22:39255591:G:A
22:39255720:C:T
22:39255893:G:C
22:39256106:C:T
22:39258078:C:T
22:39258795:G:A
22:39260001:G:A
22:39261135:C:G
22:39263925:C:T
22:39264425:A:G
22:39264730:C:T
22:39265072:C:G
22:39265452:C:T
22:39266451:C:A
22:39267312:C:T
22:39268785:G:T
22:39269721:G:A
22:39271194:G:A
22:39271215:G:A
22:39272641:C:G
22:39275263:C:A
22:39275405:A:G
22:39275656:A:T
22:39276000:G:A
22:39276470:T:A
22:39280677:G:A
22:39280742:A:G
22:39280946:A:C
22:39281636:A:G
22:39281774:T:G
22:39282343:G:A
22:39282645:T:G
22:39284451:G:A
22:39284946:T:C
22:39284956:A:G
22:39285969:C:T
22:39286208:A:C
22:39286399:T:C
22:39286552:C:A
22:39287159:G:A
22:39287355:C:T
22:39287435:A:G
22:39287910:C:A
22:39288159:T:C
22:39288830:G:C
22:39289365:G:A
22:39289379:A:G
22:39289802:A:G
22:39289883:G:T
22:39290234:T:A
22:39290495:T:C
22:39290560:C:T
22:39291257:T:C
22:39291293:A:G
22:39291365:T:C
22:39291522:A:G
22:39291626:G:T
22:39299216:A:C
22:39299248:G:C
22:39299418:T:C
22:39299472:C:G
22:39299813:G:C
22:39299814:G:A
22:39299836:G:A
22:39299976:C:T
22:39300107:G:T
22:39300155:G:A
22:39300233:A:G
22:39300265:T:C
22:39300310:T:G
22:39300599:G:A
22:39300637:G:C
22:39300720:A:G
22:39300733:G:A
22:39300777:T:C
22:39300790:T:C
22:39300806:G:T
22:39302084:A:C
22:39305358:C:T
22:39306080:T:C
22:39314326:C:T
22:39317056:T:A
22:39317104:C:T
22:39318565:A:G
22:39319986:C:T
22:39320054:C:G
22:39320602:C:T
22:39320828:C:T
22:39321323:G:A
22:39322264:C:T
22:39323914:C:A
22:39324001:G:C
22:39328567:G:A
22:39328577:T:C
22:39328823:C:A
22:39329593:G:A
22:39329966:T:C
22:39330025:A:G
22:39330073:C:T
22:39331346:G:A
22:39332229:G:A
22:39332623:C:T
22:39332809:G:A
22:39333674:A:G
22:39333742:G:A
22:39334111:G:C
22:39335475:G:C
22:39335960:C:A
22:39336349:T:C
22:39337500:G:A
22:39338141:A:C
22:39338337:T:C
22:39338731:T:C
22:39339780:C:T
22:39340220:T:C
22:39340637:G:A
22:39340640:C:A
22:39340752:C:G
22:39343083:C:T
22:39343188:C:T
22:39343292:G:A
22:39343916:T:A
22:39343945:A:T
22:39344499:G:A
22:39344716:A:G
22:39344919:G:C
22:39345199:T:C
22:39345203:A:G
22:39345966:G:C
22:39346066:C:G
22:39346168:G:T
22:39346679:G:A
22:39347112:G:A
22:39347778:A:G
22:39348245:A:G
22:39349617:G:A
22:39349776:T:C
22:39350072:T:C
22:39350222:G:A
22:39350684:G:A
22:39350950:C:T
22:39351037:C:T
22:39353172:A:C
22:39355109:T:C
22:39355110:C:G
22:39355717:G:A
22:39363830:A:G
22:39364411:C:T
22:39365165:A:G
22:39366962:A:T
22:39367491:C:T
22:39367539:T:G
22:39374672:T:G
22:39377874:G:A
22:39378121:T:G
22:39383918:G:A
22:39392250:G:A
22:39392296:A:G
22:39392480:T:C
22:39393332:C:A
22:39395418:T:C
22:39395612:G:A
22:39395707:T:G
22:39399438:C:T
22:39400832:G:A
22:39405179:A:C
22:39405707:A:G
22:39406143:A:T
22:39408841:G:A
22:39409445:C:T
22:39412929:A:C
22:39414166:A:G
22:39414224:A:G
22:39414699:C:G
22:39414766:C:T
22:39420093:A:G
22:39420601:T:C
22:39420612:T:C
22:39422220:G:A
22:39442381:C:G
22:39445161:T:C
22:39448711:C:A
22:39448750:T:C
22:39448875:C:T
22:39449655:T:C
22:39458165:G:A
22:39458503:A:G
22:39477123:T:C
22:39477377:C:G
22:39477391:T:C
22:39477566:A:G
22:39477972:G:T
22:39479353:T:A
22:39479520:G:T
22:39479574:C:G
22:39480663:C:T
22:39480697:A:G
22:39481187:C:T
22:39481393:C:G
22:39481395:G:A
22:39481895:G:A
22:39482023:C:A
22:39482809:G:A
22:39484920:C:G
22:39485212:C:T
22:39486593:T:C
22:39487258:A:C
22:39487595:T:C
22:39487665:A:G
22:39487719:T:C
22:39487722:C:T
22:39488393:T:A
22:39490754:A:G
22:39490968:G:A
22:39491061:T:C
22:39491133:T:C
22:39492133:A:G
22:39492570:G:A
22:39492651:C:T
22:39492763:C:T
22:39492934:A:G
22:39493036:C:T
22:39493251:T:A
22:39493294:T:C
22:39493356:C:T
22:39493541:C:T
22:39494084:C:G
22:39494087:T:C
22:39494238:C:T
22:39495512:G:A
22:39495584:C:G
22:39495670:C:T
22:39495780:T:C
22:39495800:T:C
22:39495870:C:A
22:39496199:T:C
22:39496412:G:C
22:39496663:A:G
22:39496731:C:T
22:39496744:G:A
22:39499210:G:A
22:39499575:G:T
22:39499604:T:C
22:39499653:C:T
22:39499763:T:C
22:39499902:C:T
22:39501285:T:A
22:39501478:A:G
22:39502695:T:C
22:39504405:G:A
22:39504602:C:A
22:39505393:T:C
22:39505461:C:T
22:39505472:C:G
22:39505581:C:T
22:39505609:T:G
22:39506976:A:G
22:39507479:C:T
22:39507832:G:A
22:39507863:T:C
22:39507887:A:G
22:39507896:C:T
22:39508092:A:C
22:39510861:G:A
22:39510995:A:G
22:39512165:C:T
22:39512205:G:A
22:39513530:C:T
22:39514688:T:C
22:39516515:T:C
22:39518315:G:A
22:39518325:T:C
22:39519050:T:C
22:39519196:T:C
22:39519780:C:T
22:39522940:C:T
22:39525791:A:T
22:39526070:T:C
22:39526174:T:C
22:39526296:T:C
22:39527583:C:T
22:39527790:T:C
22:39527814:G:T
22:39527909:G:A
22:39527935:C:T
22:39528440:A:G
22:39528506:C:G
22:39529029:A:G
22:39529133:G:A
22:39529651:C:T
22:39530132:C:A
22:39531085:G:A
22:39531732:C:G
22:39532420:G:C
22:39532554:A:C
22:39532853:A:G
22:39533272:A:G
22:39535208:C:T
22:39536289:C:T
22:39537168:G:A
22:39537932:T:C
22:39538214:A:C
22:39538332:C:T
22:39538433:T:C
22:39538485:G:T
22:39539268:G:T
22:39541143:A:T
22:39542292:G:A
22:39542894:T:C
22:39544294:G:A
22:39546074:C:G
22:39546145:T:C
22:39547021:G:A
22:39547201:G:A
22:39547962:C:T
22:39548027:A:G
22:39549173:C:T
22:39549333:C:T
22:39549426:T:G
22:39549526:C:A
22:39551555:T:C
22:39551567:A:G
22:39551628:C:T
22:39551798:T:C
22:39551989:G:A
22:39552888:A:G
22:39553772:A:G
22:39553819:G:A
22:39554749:T:C
22:39556856:A:G
22:39557162:A:C
22:39557340:T:G
22:39557414:C:T
22:39559742:G:C
22:39560666:G:A
22:39565241:G:A
22:39565896:A:C
22:39566187:T:C
22:39566841:A:C
22:39566929:C:A
22:39566985:T:C
22:39569150:C:T
22:39569301:G:A
22:39569475:A:G
22:39571434:T:C
22:39572567:C:T
22:39573724:C:A
22:39574165:C:G
22:39575221:A:G
22:39575848:G:A
22:39577089:G:A
22:39577809:C:T
22:39577898:G:T
22:39581215:C:T
22:39581277:C:A
22:39582509:C:T
22:39582668:C:T
22:39583762:A:G
22:39583854:C:T
22:39584085:A:C
22:39585120:C:G
22:39585922:T:C
22:39586097:C:T
22:39586248:T:G
22:39586332:G:T
22:39586379:C:G
22:39587480:G:T
22:39587640:T:A
22:39588460:G:A
22:39589127:T:G
22:39590317:C:T
22:39590330:T:G
22:39590385:G:A
22:39590531:C:T
22:39590621:G:A
22:39590653:G:T
22:39590754:A:G
22:39590886:C:T
22:39592131:G:A
22:39592254:G:A
22:39592281:C:T
22:39592304:A:T
22:39592891:C:T
22:39592974:A:G
22:39593095:T:C
22:39595868:C:A
22:39596026:C:T
22:39597465:G:T
22:39597488:C:T
22:39597642:G:A
22:39597742:G:T
22:39599745:T:C
22:39599944:T:A
22:39600479:A:T
22:39600651:C:T
22:39601380:T:C
22:39601404:G:A
22:39601466:T:C
22:39601575:C:G
22:39602968:C:T
22:39603384:C:T
22:39605290:T:C
22:39605400:A:T
22:39605749:A:G
22:39606071:G:A
22:39608658:C:G
22:39608704:C:T
22:39608733:T:A
22:39610439:G:A
22:39610647:A:C
22:39612699:C:T
22:39615317:C:G
22:39617702:C:A
22:39617876:G:A
22:39622058:C:T
22:39622334:T:C
22:39622390:T:C
22:39622541:A:G
22:39622560:T:C
22:39622711:C:T
22:39622712:A:G
22:39622836:A:G
22:39622837:T:C
22:39623779:A:G
22:39623812:A:G
22:39624052:A:G
22:39624105:T:G
22:39624212:A:G
22:39624238:C:T
22:39624248:G:T
22:39625068:G:T
22:39625676:T:C
22:39626024:C:T
22:39626375:A:C
22:39626419:C:T
22:39626823:G:A
22:39626926:C:G
22:39630287:A:G
22:39631547:T:C
22:39632920:C:G
22:39633622:C:T
22:39633749:T:C
22:39634434:A:C
22:39634923:A:G
22:39639853:G:T
22:39642654:G:C
22:39642694:G:A
22:39642740:A:T
22:39643097:C:A
22:39644522:C:T
22:39645316:A:G
22:39646201:T:C
22:39647090:A:G
22:39647580:C:G
22:39648097:A:G
22:39652101:G:A
22:39652486:C:T
22:39658958:G:A
22:39659487:G:A
22:39659773:C:T
22:39660190:A:G
22:39660829:T:C
22:39661032:A:C
22:39661087:A:G
22:39661543:G:A
22:39662480:T:C
22:39662550:C:T
22:39662703:C:T
22:39663066:A:G
22:39663154:C:G
22:39663185:A:G
22:39664180:C:A
22:39664833:G:C
22:39665060:C:T
22:39665142:G:C
22:39665395:A:G
22:39666640:G:A
22:39667133:G:A
22:39667176:G:A
22:39668922:T:C
22:39668961:G:T
22:39670181:A:C
22:39670851:G:T
22:39670854:A:G
22:39672029:G:A
22:39672130:C:T
22:39673013:A:G
22:39675770:C:A
22:39676494:T:G
22:39676744:G:A
22:39677838:G:A
22:39679200:T:C
22:39680187:A:G
22:39680957:A:G
22:39683444:G:A
22:39683515:A:G
22:39683534:T:A
22:39683700:G:A
22:39684877:C:T
22:39685450:A:G
22:39685832:G:A
22:39686806:G:A
22:39690021:C:T
22:39690151:G:A
22:39690695:G:T
22:39693408:G:A
22:39693518:C:G
22:39694225:A:C
22:39694594:C:G
22:39695505:G:A
22:39696129:G:A
22:39696834:A:G
22:39697458:A:T
22:39698010:A:G
22:39698324:T:A
22:39698458:A:G
22:39702473:C:T
22:39705104:C:T
22:39706360:A:C
22:39707845:G:C
22:39707979:C:T
22:39708279:G:A
22:39708333:T:C
22:39708357:C:T
22:39709009:G:A
22:39709776:T:C
22:39710244:G:A
22:39711351:A:G
22:39712334:T:C
22:39712368:C:T
22:39713105:C:T
22:39713128:A:G
22:39714216:A:G
22:39714704:C:T
22:39715140:C:T
22:39715262:G:A
22:39720656:G:C
22:39721745:A:G
22:39722477:C:A
22:39722714:G:C
22:39722886:G:A
22:39724137:G:A
22:39724551:A:T
22:39724558:G:A
22:39728139:A:G
22:39728714:T:C
22:39732171:C:T
22:39732249:A:T
22:39732413:C:T
22:39732776:C:T
22:39733242:G:T
22:39733521:A:G
22:39737350:T:C
22:39737631:C:T
22:39737669:C:A
22:39738425:A:C
22:39738501:G:C
22:39738725:T:C
22:39739628:C:T
22:39739638:C:G
22:39740078:G:A
22:39742825:C:G
22:39745241:C:T
22:39745260:G:T
22:39745639:G:A
22:39746424:C:A
22:39746803:C:A
22:39746821:C:T
22:39747050:G:A
22:39747087:C:A
22:39747418:G:A
22:39747419:C:A
22:39747671:T:A
22:39747780:G:A
22:39748371:C:T
22:39748854:A:G
22:39750241:A:G
22:39750457:C:T
22:39751251:G:C
22:39751711:G:A
22:39755175:A:G
22:39755190:G:T
22:39756097:A:C
22:39756270:A:G
22:39756650:G:C
22:39756854:G:C
22:39758253:C:G
22:39761245:T:G
22:39761255:G:A
22:39764824:T:C
22:39765604:C:G
22:39767011:A:G
22:39769818:T:C
22:39770597:A:G
22:39770780:G:A
22:39774448:A:G
22:39774525:A:G
22:39775047:C:A
22:39775156:G:A
22:39775250:A:G
22:39777179:T:C
22:39777254:T:C
22:39777523:G:A
22:39778034:A:T
22:39778167:A:G
22:39778327:T:C
22:39778419:T:C
22:39779300:G:A
22:39781429:C:T
22:39781585:C:T
22:39783027:C:T
22:39784845:G:C
22:39795228:G:C
22:39795683:G:C
22:39796097:T:C
22:39797178:G:C
22:39797779:G:A
22:39797987:T:C
22:39798127:A:G
22:39798429:G:T
22:39798449:T:C
22:39800704:C:G
22:39809820:G:C
22:39810379:C:T
22:39812409:T:G
22:39820885:A:G
22:39823015:A:G
22:39824450:C:T
22:39824707:T:G
22:39825322:T:G
22:39825492:A:T
22:39826788:G:A
22:39827553:G:A
22:39829736:G:A
22:39829973:C:T
22:39830123:A:G
22:39831278:A:G
22:39831986:T:A
22:39835587:A:G
22:39837472:C:T
22:39837625:A:G
22:39838892:G:T
22:39839553:C:T
22:39839670:G:C
22:39840828:C:A
22:39842165:T:C
22:39843091:C:A
22:39843409:C:T
22:39844350:T:G
22:39844574:G:A
22:39844786:C:T
22:39844793:T:C
22:39845547:A:G
22:39845898:C:A
22:39850174:G:A
22:39851584:G:A
22:39851970:C:A
22:39852350:G:C
22:39852648:C:T
22:39852720:A:G
22:39855540:G:C
22:39855575:C:A
22:39855728:G:C
22:39855883:C:T
22:39856032:A:C
22:39856356:G:C
22:39859169:C:A
22:39860130:C:T
22:39862341:G:A
22:39863326:G:C
22:39865475:A:G
22:39866938:T:C
22:39867661:C:G
22:39868109:G:C
22:39869209:C:T
22:39869719:A:G
22:39869997:T:G
22:39872073:A:G
22:39872127:A:G
22:39872700:C:T
22:39872707:G:A
22:39873470:A:T
22:39873937:G:A
22:39874314:A:C
22:39874790:A:G
22:39875595:G:C
22:39875966:T:G
22:39878998:T:C
22:39879679:A:T
22:39881140:T:G
22:39883344:T:C
22:39883736:G:C
22:39886217:C:G
22:39887686:A:G
22:39888774:A:G
22:39888861:C:T
22:39892859:C:T
22:39894549:A:G
22:39894779:C:T
22:39897163:G:A
22:39897792:G:A
22:39897849:G:T
22:39899945:G:A
22:39902525:T:C
22:39904613:A:G
22:39907661:G:A
22:39913282:T:G
22:39913420:C:T
22:39913557:G:A
22:39916037:C:A
22:39919524:G:A
22:39920657:G:A
22:39921384:T:C
22:39921669:A:T
22:39923688:G:A
22:39924443:G:C
22:39926861:G:A
22:39926929:G:A
22:39926962:G:A
22:39929946:T:C
22:39930197:T:C
22:39932516:G:A
22:39933748:G:A
22:39933978:G:T
22:39934836:G:A
22:39936220:C:T
22:39937223:A:C
22:39937269:A:G
22:39938303:T:C
22:39938749:C:T
22:39940872:C:T
22:39941154:A:G
22:39941211:C:G
22:39941406:C:T
22:39941935:C:T
22:39942090:G:A
22:39942234:T:C
22:39943030:A:G
22:39943388:A:G
22:39943947:A:G
22:39944485:C:T
22:39945791:T:C
22:39946280:T:C
22:39947068:T:C
22:39949430:G:C
22:39950349:A:T
22:39951658:C:T
22:39952275:T:C
22:39952633:G:C
22:39953234:T:C
22:39955873:A:C
22:39957740:T:C
22:39961286:C:A
22:39963092:C:T
22:39963173:G:A
22:39963426:A:G
22:39964503:T:C
22:39965471:G:A
22:39965699:G:A
22:39966094:A:G
22:39966547:A:G
22:39966856:C:T
22:39967785:C:G
22:39968018:C:T
22:39968173:T:G
22:39969767:T:C
22:39969895:C:T
22:39972162:T:C
22:39973526:G:A
22:39974590:T:C
22:39975307:G:A
22:39976128:C:A
22:39976133:A:C
22:39976186:C:T
22:39977211:C:T
22:39982721:A:G
22:39984946:T:C
22:39985283:G:A
22:39985590:A:G
22:39988175:C:T
22:39989137:C:G
22:39989216:A:G
22:39990775:C:T
22:39992660:G:A
22:39993669:G:A
22:39993834:C:T
22:39994105:A:G
22:39996264:C:T
22:39996882:C:T
22:39997170:G:A
22:39997630:C:T
22:39999013:A:G
22:40000221:G:T
22:40000313:T:C
22:40000442:G:A
22:40003267:T:C
22:40003309:C:A
22:40005425:T:C
22:40006024:G:T
22:40006035:G:T
22:40006626:T:C
22:40006986:C:G
22:40009336:C:T
22:40009580:C:A
22:40010383:G:A
22:40010521:G:A
22:40010636:T:A
22:40010682:G:A
22:40010806:C:T
22:40011697:A:C
22:40012284:G:A
22:40015059:T:C
22:40015493:C:T
22:40015657:T:C
22:40017065:C:G
22:40018212:T:C
22:40018278:C:T
22:40021256:T:A
22:40021614:T:G
22:40024410:C:T
22:40024657:G:T
22:40024768:C:A
22:40025044:C:T
22:40025237:G:C
22:40026034:C:T
22:40026141:C:A
22:40026309:G:A
22:40027521:G:A
22:40027656:T:C
22:40028195:T:C
22:40030477:C:A
22:40031632:G:T
22:40031694:G:A
22:40033247:C:T
22:40034593:T:C
22:40034609:C:T
22:40034889:T:C
22:40036598:A:G
22:40038075:T:C
22:40040892:T:C
22:40041317:C:G
22:40041767:C:G
22:40042115:G:A
22:40042284:A:G
22:40043812:A:G
22:40044389:G:A
22:40044402:C:T
22:40045210:G:T
22:40046077:A:G
22:40046176:T:C
22:40046538:C:T
22:40047529:T:C
22:40048558:T:C
22:40048903:A:C
22:40049410:G:A
22:40049592:G:A
22:40049724:T:C
22:40051166:A:T
22:40054428:T:G
22:40054948:T:C
22:40055250:T:C
22:40055304:T:C
22:40055896:T:C
22:40057273:T:C
22:40058186:A:G
22:40058999:C:T
22:40061683:A:G
22:40063012:G:A
22:40063072:T:C
22:40063424:C:T
22:40064558:T:C
22:40064581:G:A
22:40065005:A:G
22:40065322:C:T
22:40065332:T:C
22:40066418:T:C
22:40066871:G:C
22:40067470:T:C
22:40067640:G:A
22:40067818:C:T
22:40067840:T:C
22:40068051:C:T
22:40068679:T:G
22:40068853:T:C
22:40069245:T:C
22:40069449:A:G
22:40069490:T:C
22:40069493:T:G
22:40070234:T:C
22:40070446:A:G
22:40070642:C:G
22:40071322:G:A
22:40071545:C:T
22:40071894:G:A
22:40073785:C:T
22:40074662:G:A
22:40083730:T:G
22:40083794:C:G
22:40085843:A:G
22:40086013:A:C
22:40087389:G:A
22:40089075:T:C
22:40089619:G:C
22:40089893:A:G
22:40089939:C:T
22:40091407:A:G
22:40091547:A:G
22:40092866:G:T
22:40098844:G:A
22:40103934:A:G
22:40105781:C:T
22:40106498:A:G
22:40106785:G:A
22:40106982:C:T
22:40112941:A:G
22:40116817:A:G
22:40117397:G:A
22:40118473:A:G
22:40119983:C:T
22:40124946:A:G
22:40125756:C:T
22:40127293:C:T
22:40130915:C:G
22:40134425:C:T
22:40137700:A:C
22:40154876:A:T
22:40157251:A:C
22:40165159:G:A
22:40166610:G:A
22:40167082:G:C
22:40169926:T:G
22:40178988:G:A
22:40184920:A:G
22:40193582:A:C
22:40197635:G:A
22:40204431:A:G
22:40206541:T:C
22:40206811:C:A
22:40210057:T:C
22:40210140:T:C
22:40210433:C:G
22:40213243:A:C
22:40215996:T:G
22:40216609:C:T
22:40226702:T:C
22:40229594:A:T
22:40229774:A:T
22:40235836:T:G
22:40240499:A:G
22:40240526:A:G
22:40241662:G:A
22:40245423:T:C
22:40256486:G:A
22:40262482:A:G
22:40263997:C:T
22:40264584:G:C
22:40268817:A:G
22:40278393:C:T
22:40279530:T:C
22:40281207:A:G
22:40281695:C:T
22:40286270:G:A
22:40288385:T:C
22:40291139:C:A
22:40291807:T:C
22:40293463:C:T
22:40296378:A:G
22:40299158:A:C
22:40301480:G:A
22:40304581:C:T
22:40306193:C:T
22:40307387:A:C
22:40307532:C:G
22:40308428:G:A
22:40309510:T:C
22:40309856:G:A
22:40311879:G:A
22:40313356:T:C
22:40314052:T:A
22:40314160:C:T
22:40317126:C:A
22:40317627:T:C
22:40318198:A:G
22:40320361:C:A
22:40320758:A:C
22:40322684:G:A
22:40323065:G:A
22:40325161:C:T
22:40326835:C:G
22:40328991:C:T
22:40333129:G:A
22:40336845:T:C
22:40340090:G:T
22:40340775:T:C
22:40344043:A:G
22:40344774:A:G
22:40347489:C:G
22:40349487:C:T
22:40351438:G:A
22:40351458:T:C
22:40352956:A:G
22:40353634:C:T
22:40358148:C:T
22:40362946:A:G
22:40363548:C:T
22:40363550:T:C
22:40363778:G:A
22:40364394:C:G
22:40368229:T:C
22:40368608:G:A
22:40373297:G:T
22:40375094:G:A
22:40375703:A:G
22:40380656:C:A
22:40382151:G:A
22:40382249:T:C
22:40386157:T:C
22:40386240:A:T
22:40386770:G:T
22:40387058:A:G
22:40388308:A:G
22:40388922:C:G
22:40389007:T:G
22:40389343:A:G
22:40390238:G:A
22:40392604:A:G
22:40392723:T:C
22:40394797:G:C
22:40395530:C:G
22:40396409:A:T
22:40397523:A:G
22:40398845:A:G
22:40399827:C:T
22:40400912:A:G
22:40401895:A:C
22:40402759:A:G
22:40402817:T:G
22:40404293:G:C
22:40405763:G:A
22:40405898:A:G
22:40405931:C:T
22:40407574:C:T
22:40412551:G:C
22:40415140:C:T
22:40415617:T:C
22:40415709:G:A
22:40417780:C:T
22:40417820:A:G
22:40419123:T:C
22:40419154:C:G
22:40419617:C:T
22:40419816:G:A
22:40423344:C:G
22:40423596:C:G
22:40424075:A:T
22:40425974:G:A
22:40426306:T:C
22:40428433:G:A
22:40434757:A:G
22:40436973:G:C
22:40443219:T:C
22:40452119:T:C
22:40453964:A:C
22:40454069:T:G
22:40454131:A:C
22:40455378:T:A
22:40460111:A:C
22:40461419:C:G
22:40461508:T:C
22:40464204:T:C
22:40464821:G:C
22:40464936:A:G
22:40466872:A:G
22:40468008:T:C
22:40469292:G:T
22:40472399:G:A
22:40474513:C:T
22:40475326:A:G
22:40479484:C:T
22:40479811:G:A
22:40485027:A:T
22:40493860:C:T
22:40495473:C:T
22:40495644:A:G
22:40496656:C:T
22:40498156:A:T
22:40498493:G:C
22:40505863:T:A
22:40506004:T:C
22:40507282:T:C
22:40511670:G:A
22:40512742:G:A
22:40513589:T:C
22:40513765:A:G
22:40514119:T:G
22:40514280:G:A
22:40516522:T:C
22:40526472:C:A
22:40527858:T:A
22:40529415:G:T
22:40530052:T:A
22:40530922:G:A
22:40530923:T:C
22:40531506:T:A
22:40531645:A:G
22:40532484:C:T
22:40533130:A:G
22:40534211:T:A
22:40534964:T:C
22:40535152:A:G
22:40535399:G:A
22:40535657:A:G
22:40535731:T:A
22:40535963:C:T
22:40538602:C:T
22:40538717:G:C
22:40540185:G:A
22:40541173:T:C
22:40541981:A:G
22:40542121:T:C
22:40542915:T:C
22:40543215:G:A
22:40543608:C:T
22:40544031:T:C
22:40546633:C:T
22:40548084:G:T
22:40550105:T:C
22:40550107:T:C
22:40551767:C:T
22:40551850:T:C
22:40554008:T:G
22:40554445:A:T
22:40554527:T:C
22:40554582:T:C
22:40557812:A:G
22:40558016:G:A
22:40558064:T:C
22:40558452:C:T
22:40558595:A:G
22:40561283:C:A
22:40561963:G:T
22:40562227:C:T
22:40562242:T:G
22:40563020:G:A
22:40563804:T:C
22:40563815:A:G
22:40565542:A:G
22:40566118:T:C
22:40567581:T:C
22:40567673:C:A
22:40567894:C:T
22:40568512:G:A
22:40569157:T:A
22:40571499:T:C
22:40574170:T:A
22:40576872:G:T
22:40578764:A:G
22:40579423:C:T
22:40581822:A:G
22:40582968:C:T
22:40584391:G:A
22:40584962:T:C
22:40585744:A:G
22:40587100:G:T
22:40587244:A:G
22:40591258:T:G
22:40591312:T:A
22:40591755:G:T
22:40592214:A:G
22:40593320:G:A
22:40594702:A:G
22:40596624:A:T
22:40596888:T:A
22:40597667:G:A
22:40599631:G:A
22:40599879:C:T
22:40600487:G:A
22:40601639:A:T
22:40602072:T:A
22:40602620:G:A
22:40602815:G:T
22:40602948:G:A
22:40603580:C:A
22:40604716:T:C
22:40604945:T:G
22:40605163:G:A
22:40605681:C:T
22:40606293:A:T
22:40607629:G:A
22:40609151:A:G
22:40610398:C:A
22:40611628:A:G
22:40612131:A:G
22:40612974:G:A
22:40613036:A:G
22:40613073:A:G
22:40613282:A:C
22:40614512:T:G
22:40614627:G:T
22:40615276:G:T
22:40616112:G:A
22:40616703:C:T
22:40616707:A:G
22:40617100:G:A
22:40618063:A:G
22:40618811:A:G
22:40619708:A:G
22:40619779:C:A
22:40620467:C:A
22:40620565:G:A
22:40621288:G:A
22:40621404:C:G
22:40625909:A:G
22:40625951:C:T
22:40627057:C:A
22:40627061:A:C
22:40627319:C:T
22:40628754:C:T
22:40629805:A:G
22:40631033:C:T
22:40631110:G:C
22:40631339:G:A
22:40631437:C:A
22:40631617:G:A
22:40631739:A:G
22:40632047:A:C
22:40632083:C:T
22:40632510:C:G
22:40632772:A:G
22:40634507:A:G
22:40635721:T:C
22:40636615:C:T
22:40636799:A:G
22:40637804:T:G
22:40639295:G:A
22:40639423:C:G
22:40640285:G:A
22:40640516:C:T
22:40641980:G:A
22:40642652:C:G
22:40643466:A:G
22:40648198:A:G
22:40652801:A:G
22:40652873:A:G
22:40654276:T:C
22:40659251:T:A
22:40659781:A:G
22:40663403:G:A
22:40665067:T:C
22:40666922:G:C
22:40668074:G:A
22:40668635:G:A
22:40668988:C:G
22:40669648:A:G
22:40671498:G:A
22:40673685:T:C
22:40673999:C:T
22:40675091:A:G
22:40675561:A:G
22:40676986:T:A
22:40677001:T:C
22:40677515:C:T
22:40679362:C:G
22:40680700:C:T
22:40681788:C:T
22:40683501:C:A
22:40683840:G:A
22:40684060:C:G
22:40686386:G:A
22:40687757:C:T
22:40688409:A:G
22:40688917:A:G
22:40690385:A:G
22:40690834:G:A
22:40691706:A:G
22:40694170:T:A
22:40695755:G:A
22:40697377:A:G
22:40697581:C:T
22:40697589:T:G
22:40701837:A:G
22:40703075:T:G
22:40703245:A:G
22:40703888:C:G
22:40704052:C:T
22:40708679:T:C
22:40712637:G:A
22:40713861:T:A
22:40715303:A:G
22:40716488:C:A
22:40716622:G:A
22:40718100:G:A
22:40720704:A:G
22:40720963:C:T
22:40721062:G:A
22:40722745:A:G
22:40723779:C:G
22:40726183:T:C
22:40726749:C:T
22:40726762:A:G
22:40729614:A:G
22:40733777:A:G
22:40733951:T:C
22:40734241:G:C
22:40734249:T:C
22:40734790:T:C
22:40735798:C:G
22:40736472:G:A
22:40736713:T:C
22:40736900:A:T
22:40736938:A:C
22:40739116:A:G
22:40739177:A:G
22:40739414:C:G
22:40742417:C:T
22:40742831:A:G
22:40742921:C:T
22:40742989:T:C
22:40744053:A:G
22:40745181:T:C
22:40758581:C:T
22:40759308:A:G
22:40777072:G:C
22:40778231:A:C
22:40778778:A:G
22:40781162:T:C
22:40781586:G:A
22:40782490:G:A
22:40783780:G:C
22:40784278:C:T
22:40790101:G:A
22:40791002:T:C
22:40791972:G:A
22:40792038:G:T
22:40797256:A:T
22:40797933:A:G
22:40799954:T:C
22:40800518:G:A
22:40801312:A:G
22:40803112:C:T
22:40803186:G:T
22:40806940:A:G
22:40808676:A:T
22:40810437:T:C
22:40810442:T:C
22:40810946:T:C
22:40814594:C:T
22:40815089:G:C
22:40816749:G:A
22:40819013:T:C
22:40819154:G:A
22:40821818:A:C
22:40824009:T:C
22:40824087:G:C
22:40825193:A:G
22:40825814:G:A
22:40826534:T:C
22:40827319:G:A
22:40828361:T:C
22:40828375:T:A
22:40832375:A:G
22:40832501:G:C
22:40833146:A:G
22:40833842:A:G
22:40834346:T:C
22:40836753:C:A
22:40839696:C:T
22:40840614:A:G
22:40842405:T:C
22:40842466:G:T
22:40842923:T:C
22:40847848:A:T
22:40849062:G:A
22:40849495:T:C
22:40849704:C:A
22:40850066:T:C
22:40852671:A:G
22:40854456:G:T
22:40859004:T:C
22:40862120:A:G
22:40862613:A:G
22:40864848:G:C
22:40865417:G:T
22:40868580:A:T
22:40870699:A:G
22:40870794:T:C
22:40871251:T:C
22:40872654:C:T
22:40875199:C:G
22:40875270:A:C
22:40876234:T:C
22:40877004:T:C
22:40877384:C:T
22:40877514:G:A
22:40877635:C:A
22:40879843:C:T
22:40881402:T:C
22:40881793:T:C
22:40885186:G:A
22:40886744:A:C
22:40886993:T:C
22:40888136:T:G
22:40891048:T:A
22:40895706:T:A
22:40895810:C:A
22:40901345:C:T
22:40903421:A:G
22:40906635:C:G
22:40909156:G:C
22:40914949:T:C
22:40915718:C:T
22:40916382:G:C
22:40920236:C:G
22:40921680:T:G
22:40921816:A:G
22:40922332:A:G
22:40927135:C:T
22:40930212:C:T
22:40939706:A:T
22:40945070:C:T
22:40946307:A:C
22:40947458:C:T
22:40948661:G:A
22:40949210:A:G
22:40950781:A:G
22:40952534:A:T
22:40953763:C:T
22:40955564:A:T
22:40956816:G:A
22:40957013:T:A
22:40959260:A:G
22:40959920:C:A
22:40962808:G:A
22:40963402:C:T
22:40964012:G:C
22:40964388:G:C
22:40965336:C:T
22:40965443:T:C
22:40967688:C:T
22:40967695:A:G
22:40968152:T:C
22:40969793:C:G
22:40969989:A:G
22:40972547:C:T
22:40974252:T:C
22:40975268:C:T
22:40977121:C:T
22:40977346:C:T
22:40977556:T:C
22:40977940:A:G
22:40978118:C:G
22:40979164:A:G
22:40982581:C:T
22:40984571:T:C
22:40984798:A:C
22:40986258:G:A
22:40987730:T:G
22:40989374:T:C
22:40992235:A:C
22:40994744:T:C
22:40996367:G:T
22:40997111:G:A
22:41000964:C:T
22:41004384:T:C
22:41006612:C:A
22:41009707:A:T
22:41011279:C:A
22:41012134:T:C
22:41012438:C:T
22:41012819:T:A
22:41015269:C:G
22:41016681:C:T
22:41017425:C:T
22:41019767:G:C
22:41019948:C:A
22:41021310:A:C
22:41022805:G:A
22:41023167:T:C
22:41023304:C:G
22:41024064:T:C
22:41024650:T:C
22:41024846:G:T
22:41024854:T:C
22:41026018:T:G
22:41026388:T:C
22:41027354:T:C
22:41027716:G:A
22:41027870:C:T
22:41031027:C:T
22:41032863:A:G
22:41033801:G:A
22:41033961:G:A
22:41034185:A:G
22:41042091:A:C
22:41044593:C:T
22:41047556:G:T
22:41047751:G:T
22:41047764:T:C
22:41048941:G:A
22:41049315:T:C
22:41049460:A:G
22:41049514:A:G
22:41049685:T:A
22:41050306:C:G
22:41050335:C:G
22:41050608:T:G
22:41050871:G:A
22:41050986:C:G
22:41051109:G:A
22:41051302:G:C
22:41051324:C:T
22:41051935:G:A
22:41052756:T:G
22:41053352:G:A
22:41054459:G:A
22:41057977:C:T
22:41060853:A:T
22:41069773:G:A
22:41070868:A:G
22:41071097:A:C
22:41071659:C:T
22:41071731:A:G
22:41072333:A:G
22:41074168:C:T
22:41074407:G:C
22:41074462:A:C
22:41074773:G:A
22:41075543:A:G
22:41075695:C:T
22:41081164:G:T
22:41081165:A:G
22:41081561:T:C
22:41085969:A:G
22:41086497:T:C
22:41090009:A:G
22:41090554:C:T
22:41091926:G:A
22:41092091:A:G
22:41092269:G:T
22:41093746:A:G
22:41093946:A:G
22:41095958:T:C
22:41096164:C:T
22:41096967:G:C
22:41097032:C:G
22:41097432:C:A
22:41097445:A:G
22:41097490:C:T
22:41099827:T:C
22:41101501:G:T
22:41101907:G:C
22:41102074:G:A
22:41103162:A:C
22:41103515:G:A
22:41103613:C:T
22:41103771:T:C
22:41103776:G:A
22:41103833:T:C
22:41103909:A:T
22:41104224:A:G
22:41104275:C:T
22:41104309:T:A
22:41104323:G:A
22:41105298:A:G
22:41105468:T:C
22:41106667:T:C
22:41107688:C:T
22:41107718:G:A
22:41108102:A:T
22:41108135:G:A
22:41108455:A:C
22:41109217:A:G
22:41109275:A:C
22:41109562:G:C
22:41109596:G:A
22:41110311:G:A
22:41110356:A:G
22:41110485:G:C
22:41110837:T:G
22:41111961:G:C
22:41112102:A:C
22:41112204:C:A
22:41113054:A:G
22:41113164:T:C
22:41113476:A:T
22:41113585:G:A
22:41113606:T:C
22:41114968:T:C
22:41114987:A:C
22:41115623:A:G
22:41115726:G:A
22:41116289:C:G
22:41117441:C:T
22:41118125:G:T
22:41118888:A:G
22:41118989:T:C
22:41119033:G:T
22:41119084:G:C
22:41119899:G:A
22:41120141:T:C
22:41121184:C:A
22:41121429:T:A
22:41124468:T:C
22:41124486:T:C
22:41124992:C:T
22:41125069:T:A
22:41125716:C:T
22:41126673:T:C
22:41126726:T:G
22:41128030:G:A
22:41128750:G:C
22:41128787:T:C
22:41128876:G:A
22:41128896:C:T
22:41128960:G:A
22:41130162:C:T
22:41131212:A:G
22:41132887:G:C
22:41134941:C:T
22:41135715:A:G
22:41136705:A:G
22:41137558:C:T
22:41138018:A:G
22:41143019:G:T
22:41143058:A:G
22:41143752:G:A
22:41144159:T:C
22:41144275:G:A
22:41144474:T:C
22:41144629:C:G
22:41144669:T:C
22:41144875:G:A
22:41144905:T:C
22:41144948:A:C
22:41145142:C:T
22:41145604:T:C
22:41145630:T:C
22:41146690:A:T
22:41146748:T:C
22:41146933:G:A
22:41147033:G:C
22:41147067:T:C
22:41147117:C:A
22:41147290:T:C
22:41147432:G:A
22:41147756:T:A
22:41147860:T:G
22:41149865:T:C
22:41150750:T:C
22:41150870:A:G
22:41152028:A:G
22:41152643:G:A
22:41153879:T:C
22:41154631:C:T
22:41154880:C:A
22:41159173:A:G
22:41161049:C:G
22:41161225:G:T
22:41162305:A:T
22:41163108:A:C
22:41164847:G:C
22:41166135:A:G
22:41167872:T:C
22:41170063:T:C
22:41175263:C:T
22:41181586:G:A
22:41181820:G:T
22:41182828:G:A
22:41183471:C:G
22:41184102:G:A
22:41191057:C:T
22:41193574:G:A
22:41196068:G:T
22:41197433:C:T
22:41198988:C:A
22:41199407:T:C
22:41200200:T:C
22:41202136:C:T
22:41204323:G:A
22:41208362:T:C
22:41208403:G:A
22:41209156:C:T
22:41210063:T:A
22:41210656:A:T
22:41211229:A:G
22:41213027:A:G
22:41213267:T:A
22:41215183:A:G
22:41215672:T:C
22:41216028:A:G
22:41216037:C:A
22:41223859:G:A
22:41227086:C:G
22:41229149:C:T
22:41231053:A:G
22:41232594:T:C
22:41241945:C:T
22:41244398:C:G
22:41246023:C:T
22:41246952:C:T
22:41247243:C:T
22:41248080:C:T
22:41248505:A:G
22:41249522:A:G
22:41250134:C:G
22:41258144:A:G
22:41262852:C:T
22:41268925:T:G
22:41272143:T:C
22:41283984:G:A
22:41291730:T:C
22:41297101:A:T
22:41312350:A:G
22:41315083:T:C
22:41315594:C:T
22:41325068:G:A
22:41339367:G:C
22:41358092:A:T
22:41369108:G:C
22:41372696:T:C
22:41376734:T:C
22:41381886:A:G
22:41382293:T:C
22:41382433:T:G
22:41385517:G:A
22:41385609:A:G
22:41386633:T:C
22:41388824:C:T
22:41392658:C:T
22:41393520:C:T
22:41395125:T:C
22:41397399:G:C
22:41397795:A:G
22:41399434:G:A
22:41401150:G:A
22:41403698:G:A
22:41404511:T:A
22:41406919:G:A
22:41407165:G:A
22:41408991:G:A
22:41410267:G:A
22:41411949:G:A
22:41412723:C:T
22:41412928:A:G
22:41413130:T:C
22:41413286:G:C
22:41414434:G:A
22:41414846:C:T
22:41415939:G:A
22:41415950:A:T
22:41416181:C:T
22:41417328:G:C
22:41420441:G:A
22:41420948:C:T
22:41423627:G:C
22:41424065:A:G
22:41426139:G:A
22:41426299:A:T
22:41430338:A:T
22:41431342:C:A
22:41431490:T:C
22:41433319:T:C
22:41434858:G:A
22:41436442:T:C
22:41437269:T:C
22:41438710:T:G
22:41440424:G:A
22:41442566:A:G
22:41443075:T:C
22:41443295:C:T
22:41444350:C:T
22:41444363:A:G
22:41444686:C:A
22:41447675:T:A
22:41448734:A:G
22:41451185:A:C
22:41451218:C:T
22:41452549:G:T
22:41453684:C:G
22:41454766:A:T
22:41456559:A:T
22:41456560:T:A
22:41457957:T:C
22:41457977:A:G
22:41458784:C:G
22:41459486:G:A
22:41462592:G:T
22:41462730:C:T
22:41463634:A:T
22:41466229:C:T
22:41468273:C:G
22:41470001:A:G
22:41471003:C:T
22:41473061:A:G
22:41476337:T:C
22:41476799:A:C
22:41478482:G:A
22:41484927:G:C
22:41486193:A:G
22:41487218:T:C
22:41489526:C:A
22:41489920:G:A
22:41490680:G:C
22:41493474:C:T
22:41495707:T:A
22:41496800:G:A
22:41496846:A:G
22:41497785:C:T
22:41498627:G:A
22:41502825:T:G
22:41502922:A:G
22:41504049:C:G
22:41506377:A:G
22:41507400:A:G
22:41510179:G:T
22:41511171:T:C
22:41511176:G:A
22:41512458:C:T
22:41513094:G:T
22:41514155:G:A
22:41515744:T:G
22:41516608:A:G
22:41519308:G:A
22:41519362:T:C
22:41521717:T:C
22:41523937:A:G
22:41530040:A:G
22:41531410:A:G
22:41537589:A:G
22:41538111:C:G
22:41539424:T:C
22:41540279:T:C
22:41540934:C:G
22:41541024:A:G
22:41541527:G:C
22:41545292:T:A
22:41547416:C:G
22:41548008:A:G
22:41549297:A:G
22:41549921:A:C
22:41550954:C:T
22:41551039:T:A
22:41552926:T:G
22:41558232:A:G
22:41562177:A:G
22:41564287:T:C
22:41565285:A:G
22:41565827:A:G
22:41567722:G:T
22:41569124:T:C
22:41569609:C:T
22:41570745:T:C
22:41578065:A:G
22:41587556:T:A
22:41589902:G:T
22:41592677:G:A
22:41593636:G:A
22:41593873:T:G
22:41594611:T:C
22:41596010:A:C
22:41597377:A:C
22:41604557:G:A
22:41604652:C:G
22:41604785:A:G
22:41605635:T:C
22:41605639:C:T
22:41606988:A:G
22:41607056:A:G
22:41607065:C:G
22:41609690:C:T
22:41609859:T:C
22:41610024:G:A
22:41610172:G:C
22:41610242:A:G
22:41610391:G:A
22:41610406:C:G
22:41610449:A:G
22:41610667:T:C
22:41610668:G:A
22:41611063:T:C
22:41611240:T:C
22:41611365:T:G
22:41611460:T:C
22:41611610:A:G
22:41611619:T:C
22:41612541:T:C
22:41612543:T:G
22:41612965:T:G
22:41613188:C:T
22:41613303:C:T
22:41614020:C:G
22:41614113:C:T
22:41614996:A:G
22:41615028:T:C
22:41615376:C:T
22:41617026:T:C
22:41617318:G:C
22:41618372:A:G
22:41618971:G:C
22:41619226:G:C
22:41619350:T:A
22:41619846:T:A
22:41619881:G:A
22:41621714:G:A
22:41622419:A:T
22:41623351:A:G
22:41623996:C:T
22:41624461:A:G
22:41626663:C:T
22:41627073:C:T
22:41627386:C:T
22:41627527:A:G
22:41627543:T:G
22:41627606:G:A
22:41627654:C:G
22:41627924:C:T
22:41628902:G:T
22:41635425:C:T
22:41637119:G:T
22:41639728:T:G
22:41640850:T:C
22:41641984:C:T
22:41642212:C:T
22:41644074:C:T
22:41644234:G:C
22:41644428:G:A
22:41645085:A:G
22:41645757:C:G
22:41646738:A:G
22:41647491:T:A
22:41648502:T:C
22:41650190:C:A
22:41651026:T:C
22:41651034:G:A
22:41651440:A:G
22:41651467:T:C
22:41651704:G:A
22:41652345:C:G
22:41652733:G:A
22:41652846:G:T
22:41653748:A:G
22:41654568:G:A
22:41654569:A:G
22:41654955:A:G
22:41655058:A:G
22:41656133:A:G
22:41656332:G:A
22:41656509:G:A
22:41657626:C:T
22:41657705:G:A
22:41658601:A:G
22:41658632:C:T
22:41660301:G:A
22:41660410:C:G
22:41660645:G:A
22:41660964:A:G
22:41661154:G:T
22:41664410:C:T
22:41664942:G:A
22:41672271:A:C
22:41674521:G:A
22:41676176:A:G
22:41677214:T:C
22:41677317:C:T
22:41680898:C:T
22:41682014:G:T
22:41683144:G:C
22:41684093:C:T
22:41684426:G:A
22:41684808:G:C
22:41685937:G:C
22:41697338:A:G
22:41699206:G:C
22:41700361:A:G
22:41700657:G:C
22:41703408:A:G
22:41703428:G:A
22:41703579:A:G
22:41703804:A:G
22:41704143:G:T
22:41705909:C:G
22:41719469:C:T
22:41720697:A:G
22:41720728:G:C
22:41722864:T:C
22:41726053:G:A
22:41729216:G:A
22:41729294:T:G
22:41732146:A:G
22:41732246:C:T
22:41734757:T:C
22:41736267:A:G
22:41737045:C:T
22:41739370:T:C
22:41741824:C:T
22:41742788:A:T
22:41743293:G:A
22:41744022:C:G
22:41744334:A:G
22:41744689:G:A
22:41744840:G:A
22:41745025:C:T
22:41745355:A:G
22:41745548:C:G
22:41746212:T:C
22:41747717:G:A
22:41748011:A:G
22:41749630:T:C
22:41749796:C:T
22:41750219:A:G
22:41750622:T:C
22:41751437:G:A
22:41752747:G:A
22:41752944:A:G
22:41752978:G:A
22:41753059:G:A
22:41753603:G:A
22:41753894:C:T
22:41755105:A:G
22:41755822:G:T
22:41755857:G:T
22:41756571:C:T
22:41757223:C:T
22:41757234:C:G
22:41757647:G:A
22:41762523:T:G
22:41762870:G:A
22:41762973:C:T
22:41763816:T:G
22:41766722:C:T
22:41767135:C:T
22:41767486:T:C
22:41768625:C:T
22:41768862:C:T
22:41770891:G:T
22:41776321:T:G
22:41776646:G:C
22:41777100:G:T
22:41777241:A:G
22:41779073:T:A
22:41779971:G:T
22:41781094:C:G
22:41782633:T:C
22:41782721:G:T
22:41784867:G:A
22:41784890:A:T
22:41785735:G:A
22:41785812:A:G
22:41787950:G:T
22:41791536:T:C
22:41792641:G:A
22:41793032:C:A
22:41793090:T:G
22:41794798:G:C
22:41797758:G:A
22:41797824:G:A
22:41798520:A:G
22:41799106:C:A
22:41799833:G:T
22:41803279:C:T
22:41806768:C:G
22:41808350:C:T
22:41809623:A:G
22:41809637:C:T
22:41811620:T:C
22:41812819:T:C
22:41813886:C:T
22:41814401:A:G
22:41814719:T:C
22:41815116:C:T
22:41815609:T:C
22:41817685:G:A
22:41821993:C:A
22:41822150:A:C
22:41822221:C:G
22:41822305:T:G
22:41822793:G:A
22:41822856:A:G
22:41826108:C:T
22:41827082:G:A
22:41827589:G:C
22:41828111:C:T
22:41829149:G:T
22:41831267:A:C
22:41833116:C:T
22:41833527:C:T
22:41837403:C:T
22:41838792:A:G
22:41840158:C:T
22:41840407:T:C
22:41841034:G:A
22:41841564:G:C
22:41842203:T:A
22:41844786:G:T
22:41849513:G:A
22:41850500:A:G
22:41857812:A:G
22:41858035:T:C
22:41858657:A:G
22:41860864:C:A
22:41861232:A:G
22:41862288:T:C
22:41863423:A:G
22:41864216:A:C
22:41866938:A:G
22:41867377:C:T
22:41875804:T:C
22:41877772:G:A
22:41877989:A:G
22:41878595:C:T
22:41880770:A:G
22:41883794:A:G
22:41884954:A:G
22:41887325:G:C
22:41895409:G:A
22:41900439:A:G
22:41903040:C:T
22:41903813:A:C
22:41905278:T:C
22:41906325:C:T
22:41907148:G:A
22:41908405:T:C
22:41909344:G:C
22:41910244:C:T
22:41911525:C:T
22:41913413:C:T
22:41913477:T:C
22:41913844:A:G
22:41914593:C:T
22:41915329:C:T
22:41916001:C:G
22:41919330:A:G
22:41921665:A:G
22:41923644:G:A
22:41923651:T:C
22:41927700:C:T
22:41927820:G:A
22:41928320:G:C
22:41928371:T:G
22:41929175:T:G
22:41931010:T:C
22:41933095:G:T
22:41934573:C:T
22:41934961:G:C
22:41935362:A:G
22:41935912:G:A
22:41936019:A:G
22:41938536:A:G
22:41939739:A:G
22:41941243:G:A
22:41941479:G:A
22:41945113:G:T
22:41949259:A:G
22:41950897:G:A
22:41951243:T:G
22:41953293:T:C
22:41953739:A:C
22:41957610:T:C
22:41958495:G:A
22:41958862:G:C
22:41962003:T:A
22:41963553:C:G
22:41965237:A:T
22:41965292:A:G
22:41965300:T:C
22:41967870:C:T
22:41970909:T:C
22:41971110:A:G
22:41972032:T:C
22:41973686:T:C
22:41973689:G:A
22:41974046:T:C
22:41975202:T:C
22:41976478:G:C
22:41979668:G:C
22:41980892:T:C
22:41981931:A:G
22:41981957:A:G
22:41982475:A:T
22:41983938:C:T
22:41984006:A:G
22:41985932:T:C
22:41985956:G:T
22:41985958:C:A
22:41987543:G:A
22:41988927:G:C
22:41990644:A:C
22:41990662:T:C
22:41993496:G:A
22:41995335:T:C
22:42001183:C:T
22:42004371:C:T
22:42005491:G:C
22:42008068:A:G
22:42009520:T:C
22:42011964:A:G
22:42012415:G:A
22:42013523:C:A
22:42015765:C:T
22:42016699:C:G
22:42017264:A:G
22:42019251:C:T
22:42025057:A:G
22:42031953:C:G
22:42036508:G:C
22:42046122:T:G
22:42060917:G:C
22:42061156:G:C
22:42061562:C:T
22:42061639:A:G
22:42062767:G:A
22:42063681:A:G
22:42070276:T:C
22:42070793:C:T
22:42071584:T:C
22:42076381:C:A
22:42076641:A:G
22:42077737:A:C
22:42078666:A:G
22:42079734:G:A
22:42080803:T:A
22:42089623:T:C
22:42090069:A:C
22:42091227:C:T
22:42092225:C:A
22:42095140:T:G
22:42095904:A:C
22:42097462:A:T
22:42098763:T:G
22:42099688:A:G
22:42099981:G:C
22:42100275:A:G
22:42106216:G:A
22:42106996:T:C
22:42107745:A:G
22:42109917:A:G
22:42111896:A:T
22:42116163:G:A
22:42118249:G:A
22:42121125:A:T
22:42121789:T:G
22:42123099:A:T
22:42123399:C:T
22:42123737:A:G
22:42124265:C:T
22:42124315:C:G
22:42126301:C:G
22:42127781:T:C
22:42128097:G:A
22:42128461:T:A
22:42129357:G:T
22:42131762:C:T
22:42132888:C:A
22:42133060:T:C
22:42133552:C:T
22:42133921:T:A
22:42135485:T:A
22:42135751:T:C
22:42136930:T:C
22:42139054:G:A
22:42139078:A:G
22:42139501:A:G
22:42141452:A:G
22:42141640:G:A
22:42142306:T:C
22:42142386:G:A
22:42144927:G:A
22:42147179:G:A
22:42148467:G:A
22:42150146:C:T
22:42151947:C:T
22:42152266:A:G
22:42152988:A:C
22:42154132:G:A
22:42158204:T:C
22:42159072:A:G
22:42159073:T:C
22:42159229:G:T
22:42164516:C:G
22:42164660:T:C
22:42166416:A:G
22:42166486:G:A
22:42167464:C:G
22:42168181:A:G
22:42168767:G:A
22:42168881:A:C
22:42169269:T:G
22:42170025:A:G
22:42170432:A:C
22:42171300:T:C
22:42172080:C:T
22:42173879:T:C
22:42174891:T:G
22:42175231:G:A
22:42175314:T:C
22:42175365:G:A
22:42175695:A:G
22:42176059:G:A
22:42176917:A:T
22:42177453:G:C
22:42177816:C:A
22:42177899:A:G
22:42178040:C:T
22:42178441:G:A
22:42179662:A:G
22:42180584:T:C
22:42183409:T:C
22:42183440:C:A
22:42183468:C:T
22:42185087:C:T
22:42187015:C:T
22:42187199:C:T
22:42189135:G:A
22:42190309:A:G
22:42191540:C:T
22:42191636:A:G
22:42192722:G:A
22:42193741:G:A
22:42193913:T:C
22:42194962:A:G
22:42195410:T:C
22:42196467:A:G
22:42196684:G:C
22:42196911:C:G
22:42197270:T:C
22:42198093:G:C
22:42198537:G:A
22:42199277:A:G
22:42200324:A:C
22:42201111:A:G
22:42201112:C:A
22:42201185:T:G
22:42203289:C:T
22:42206084:G:C
22:42209922:A:G
22:42210119:A:G
22:42212549:G:A
22:42212936:C:A
22:42214238:G:A
22:42214532:G:A
22:42214785:G:A
22:42218602:G:A
22:42218856:A:G
22:42219160:G:C
22:42219854:G:A
22:42220491:G:A
22:42221650:C:T
22:42221846:C:T
22:42221951:C:T
22:42224713:G:C
22:42225018:T:G
22:42226410:T:A
22:42226823:G:A
22:42229562:C:T
22:42232291:G:A
22:42232577:C:T
22:42232588:G:A
22:42234937:C:T
22:42235219:C:G
22:42235352:C:T
22:42235815:T:C
22:42236337:G:A
22:42237565:C:T
22:42237769:C:T
22:42238027:A:C
22:42239348:G:C
22:42239827:C:T
22:42240797:C:T
22:42241372:G:A
22:42243020:T:C
22:42243618:T:C
22:42243841:T:C
22:42245722:G:T
22:42245763:C:T
22:42247360:G:A
22:42251123:T:C
22:42252180:G:A
22:42252960:A:G
22:42258049:G:A
22:42258272:G:A
22:42258577:C:G
22:42259098:C:T
22:42260971:C:G
22:42264269:G:T
22:42267196:C:T
22:42267605:C:A
22:42267623:C:T
22:42269628:C:T
22:42273462:G:A
22:42274287:G:A
22:42275415:A:G
22:42276742:G:C
22:42277792:C:A
22:42278245:A:G
22:42279506:G:C
22:42280618:T:C
22:42281149:T:G
22:42281255:C:A
22:42281294:A:G
22:42281429:A:G
22:42281587:C:T
22:42282012:C:T
22:42283709:G:A
22:42284260:C:T
22:42285063:A:T
22:42285868:C:G
22:42286255:G:A
22:42287454:A:G
22:42289466:T:C
22:42289500:G:A
22:42290177:T:C
22:42296703:T:C
22:42297968:T:C
22:42299535:A:G
22:42301133:T:C
22:42301712:T:C
22:42301748:A:G
22:42302311:G:A
22:42302664:G:A
22:42304756:C:T
22:42307751:T:A
22:42307763:C:T
22:42307895:T:C
22:42308080:G:A
22:42308739:T:C
22:42309244:G:A
22:42315790:C:T
22:42315993:G:A
22:42321591:A:G
22:42323913:C:T
22:42324622:T:G
22:42324725:G:A
22:42329284:G:A
22:42330229:T:C
22:42331409:G:C
22:42332436:G:A
22:42333330:C:G
22:42334953:C:G
22:42336783:C:T
22:42337040:T:G
22:42338152:G:A
22:42339095:T:C
22:42339516:A:G
22:42340569:C:T
22:42340582:T:C
22:42340844:T:C
22:42341308:A:G
22:42342765:G:T
22:42343091:G:A
22:42343773:C:A
22:42344266:A:G
22:42344297:G:A
22:42344408:A:G
22:42347060:T:C
22:42347371:G:T
22:42347391:A:C
22:42347844:T:G
22:42348094:G:C
22:42348602:G:C
22:42348790:T:C
22:42349134:T:G
22:42354389:A:C
22:42354701:T:A
22:42355549:T:C
22:42355563:C:G
22:42355997:C:G
22:42356321:G:T
22:42356430:C:T
22:42356482:G:C
22:42356886:T:C
22:42359204:A:G
22:42359229:T:G
22:42359793:G:A
22:42360407:G:A
22:42360574:T:C
22:42362457:G:C
22:42362560:A:G
22:42364997:C:T
22:42365073:G:T
22:42367837:A:G
22:42368857:G:A
22:42369095:C:G
22:42371333:T:C
22:42373648:C:T
22:42375228:A:G
22:42376964:G:A
22:42377878:G:A
22:42378070:G:A
22:42379813:C:T
22:42380001:A:C
22:42381726:T:C
22:42382805:C:T
22:42384125:A:G
22:42384171:T:C
22:42385352:A:G
22:42385967:A:G
22:42386057:G:T
22:42388075:G:C
22:42388826:A:G
22:42388841:G:A
22:42389500:T:C
22:42389839:A:G
22:42389948:G:A
22:42390093:C:T
22:42390209:G:A
22:42390225:C:G
22:42391176:T:C
22:42392560:C:G
22:42392811:G:A
22:42394612:G:C
22:42395242:C:G
22:42395686:T:C
22:42395960:C:T
22:42396150:G:A
22:42396371:G:A
22:42396568:C:A
22:42397026:A:G
22:42397042:G:T
22:42398195:T:C
22:42398266:G:C
22:42399396:C:G
22:42399686:T:C
22:42400120:T:C
22:42401514:C:T
22:42401749:G:T
22:42402005:A:G
22:42403446:C:T
22:42403980:C:T
22:42405322:A:G
22:42405657:C:G
22:42405659:A:G
22:42405922:T:C
22:42406885:G:A
22:42407689:T:C
22:42408079:T:C
22:42408680:C:T
22:42409456:G:A
22:42410695:G:A
22:42410842:T:C
22:42410993:T:C
22:42412365:G:A
22:42412711:G:A
22:42416056:A:G
22:42416695:G:T
22:42416805:A:G
22:42417687:T:A
22:42418110:T:A
22:42418185:T:C
22:42418910:G:C
22:42423110:G:C
22:42423645:A:T
22:42428271:A:G
22:42428668:T:C
22:42428727:A:T
22:42429049:A:G
22:42431429:G:A
22:42433801:C:T
22:42434022:C:A
22:42434621:G:A
22:42435868:C:T
22:42440285:G:A
22:42441091:T:G
22:42442539:A:T
22:42447341:G:T
22:42448238:C:G
22:42448761:G:T
22:42451603:A:G
22:42454354:G:A
22:42454950:A:G
22:42458481:G:A
22:42459622:C:T
22:42461918:G:A
22:42463366:C:T
22:42463689:T:C
22:42463814:C:T
22:42465788:G:A
22:42465941:G:A
22:42466509:C:G
22:42466905:C:T
22:42466950:C:T
22:42466980:A:T
22:42467695:G:C
22:42468535:A:G
22:42470074:A:T
22:42470221:G:A
22:42470317:T:C
22:42470589:G:C
22:42470608:C:G
22:42470736:G:A
22:42471774:C:T
22:42472237:A:C
22:42473603:C:T
22:42473860:C:G
22:42474138:C:G
22:42475568:A:G
22:42475703:T:G
22:42476754:A:C
22:42476770:A:T
22:42481849:G:A
22:42482502:C:G
22:42485292:T:C
22:42485671:T:C
22:42486723:G:A
22:42487900:G:A
22:42488906:G:A
22:42489058:A:T
22:42490292:A:C
22:42490967:C:T
22:42492063:G:A
22:42492362:C:G
22:42493081:A:T
22:42493098:A:G
22:42493767:A:G
22:42493875:T:C
22:42493902:C:T
22:42494335:A:G
22:42496829:C:A
22:42500483:A:G
22:42500745:A:G
22:42501217:T:C
22:42501802:G:A
22:42502070:A:G
22:42503608:A:G
22:42505841:G:A
22:42506370:C:T
22:42507748:A:C
22:42507859:G:C
22:42510983:C:G
22:42511002:A:C
22:42511727:G:T
22:42512613:A:G
22:42513261:C:T
22:42513761:G:A
22:42514190:T:C
22:42517471:A:T
22:42517492:G:A
22:42517636:C:G
22:42517689:A:G
22:42517922:T:A
22:42517989:C:G
22:42518382:A:G
22:42518426:G:A
22:42528224:G:A
22:42528382:C:G
22:42528568:T:C
22:42528851:A:C
22:42528858:C:T
22:42528976:C:T
22:42529219:A:G
22:42529321:C:T
22:42529407:G:T
22:42529540:C:A
22:42530826:G:T
22:42534600:T:C
22:42534601:G:A
22:42534682:T:C
22:42542153:T:G
22:42542870:G:A
22:42543960:C:T
22:42544050:G:A
22:42544758:G:A
22:42545221:G:A
22:42547317:A:G
22:42547409:C:T
22:42547739:G:A
22:42547755:C:G
22:42548178:A:G
22:42551344:G:A
22:42552253:T:G
22:42552875:T:C
22:42553353:G:A
22:42553582:G:T
22:42554409:G:T
22:42554839:C:T
22:42555861:T:A
22:42557710:T:C
22:42561365:A:G
22:42563308:C:T
22:42563529:T:G
22:42563532:T:G
22:42564304:C:T
22:42566101:G:T
22:42567451:A:G
22:42569024:T:C
22:42569298:C:A
22:42569870:C:T
22:42569999:C:T
22:42570458:G:A
22:42572363:G:A
22:42572547:C:T
22:42573139:C:G
22:42573956:G:T
22:42578054:G:T
22:42578596:T:C
22:42579520:T:C
22:42580933:A:C
22:42582394:T:C
22:42583910:G:A
22:42586073:T:C
22:42588762:G:A
22:42595258:G:C
22:42597836:C:G
22:42598951:T:G
22:42599446:T:C
22:42599647:G:C
22:42602139:C:T
22:42602704:G:A
22:42602959:A:G
22:42603869:G:A
22:42605548:C:T
22:42606257:C:T
22:42609148:T:C
22:42612408:T:C
22:42613485:G:T
22:42614362:T:C
22:42614401:G:C
22:42615054:C:G
22:42617177:T:C
22:42618340:T:C
22:42618669:A:G
22:42619308:A:G
22:42620795:A:G
22:42623718:C:A
22:42624445:A:C
22:42625509:C:G
22:42627122:T:C
22:42628088:T:C
22:42628335:A:G
22:42632833:G:A
22:42633054:T:C
22:42633204:G:A
22:42636687:T:C
22:42639227:A:G
22:42640606:G:C
22:42641458:T:C
22:42642576:T:C
22:42645091:A:G
22:42645202:C:T
22:42648353:T:G
22:42648408:C:T
22:42649509:C:T
22:42650663:C:T
22:42651967:G:A
22:42652074:G:A
22:42652317:T:C
22:42652716:T:C
22:42655377:G:T
22:42656588:A:T
22:42657566:T:G
22:42660414:A:G
22:42661144:A:G
22:42662371:C:T
22:42662501:T:C
22:42663871:C:G
22:42663874:A:G
22:42664201:A:C
22:42664883:T:A
22:42664972:T:G
22:42666069:A:G
22:42667473:A:G
22:42667594:G:C
22:42668295:C:G
22:42668504:G:C
22:42669028:T:A
22:42669029:T:A
22:42670111:C:T
22:42670293:G:T
22:42670740:G:C
22:42670965:T:C
22:42671066:T:G
22:42671487:T:C
22:42671508:C:G
22:42671567:T:C
22:42672124:A:G
22:42673856:A:G
22:42674239:A:G
22:42674281:C:T
22:42674350:A:T
22:42675882:T:C
22:42677315:G:C
22:42677913:A:C
22:42678178:T:C
22:42678713:A:G
22:42680973:A:G
22:42681860:T:C
22:42682557:T:C
22:42683030:T:G
22:42683343:G:C
22:42683520:C:T
22:42683997:G:A
22:42684818:C:T
22:42685537:A:G
22:42688034:C:G
22:42688085:A:T
22:42688532:A:G
22:42688639:G:A
22:42689140:T:A
22:42689370:C:T
22:42689998:T:A
22:42690262:A:G
22:42690311:C:G
22:42692339:G:A
22:42695148:C:T
22:42696872:C:T
22:42697216:A:G
22:42697449:G:A
22:42697966:C:T
22:42698103:T:C
22:42698430:C:T
22:42698574:A:C
22:42698800:T:C
22:42699606:T:C
22:42699996:T:C
22:42700222:A:C
22:42700655:A:G
22:42701111:A:C
22:42701419:A:G
22:42701984:T:G
22:42702179:C:T
22:42702182:T:C
22:42702633:A:T
22:42702673:C:G
22:42704682:T:A
22:42704834:G:A
22:42705394:C:T
22:42705870:C:A
22:42706731:G:A
22:42707584:A:G
22:42707715:G:A
22:42708274:T:C
22:42708381:A:G
22:42708731:C:T
22:42709334:C:T
22:42709900:C:T
22:42710052:G:A
22:42710092:G:C
22:42710606:A:G
22:42711003:G:C
22:42711055:A:C
22:42711636:C:T
22:42714657:C:T
22:42715328:G:A
22:42715391:G:C
22:42716484:T:C
22:42716632:G:A
22:42717108:A:G
22:42717590:G:A
22:42720582:T:C
22:42721010:A:G
22:42721044:A:G
22:42722518:T:C
22:42723032:C:T
22:42723903:C:T
22:42725695:A:C
22:42726357:G:T
22:42727133:T:C
22:42727304:T:C
22:42728168:C:T
22:42728456:T:C
22:42730482:C:G
22:42730680:C:T
22:42730970:C:T
22:42736397:C:A
22:42737165:G:C
22:42737184:C:T
22:42738766:C:T
22:42740543:C:A
22:42740665:T:C
22:42741466:C:G
22:42741593:G:A
22:42741727:C:T
22:42741793:A:C
22:42741887:C:T
22:42742562:A:G
22:42742645:G:A
22:42742938:G:A
22:42743922:C:G
22:42744109:G:A
22:42744363:G:A
22:42744820:C:T
22:42744850:A:G
22:42746578:C:T
22:42746717:C:T
22:42746877:G:A
22:42746948:A:G
22:42747323:A:C
22:42747436:G:C
22:42747478:A:G
22:42747522:C:T
22:42747533:G:A
22:42748397:G:A
22:42748678:T:A
22:42750618:G:A
22:42750690:T:G
22:42750756:T:C
22:42751085:T:C
22:42751397:C:T
22:42751941:A:G
22:42752927:A:G
22:42755077:T:C
22:42756497:T:C
22:42758245:T:C
22:42759341:T:C
22:42762024:A:G
22:42764776:C:T
22:42769652:G:A
22:42769725:C:G
22:42770546:C:T
22:42770659:G:C
22:42772083:T:A
22:42772172:G:A
22:42773732:T:G
22:42774860:C:G
22:42774879:T:C
22:42775914:G:A
22:42775948:G:T
22:42775949:T:A
22:42776276:C:T
22:42776588:T:C
22:42776609:A:G
22:42776968:G:A
22:42777206:G:A
22:42777414:G:A
22:42777621:A:G
22:42777662:C:T
22:42777694:A:G
22:42777716:G:A
22:42777866:T:C
22:42777935:A:C
22:42777966:C:T
22:42778078:A:G
22:42778116:C:T
22:42779018:T:C
22:42779699:T:C
22:42779879:G:A
22:42779880:G:A
22:42779900:G:A
22:42780985:T:C
22:42781071:G:A
22:42782102:C:T
22:42783019:G:A
22:42783506:C:T
22:42783596:G:C
22:42783830:C:T
22:42783917:C:T
22:42784219:G:C
22:42785060:C:G
22:42787043:C:T
22:42787278:G:A
22:42788480:G:A
22:42790618:C:T
22:42790703:C:A
22:42792015:C:T
22:42792210:C:T
22:42792374:C:T
22:42792900:G:A
22:42793122:C:T
22:42793563:G:A
22:42793845:C:T
22:42793873:A:G
22:42794230:C:T
22:42794237:G:A
22:42794326:T:C
22:42796778:A:T
22:42796902:A:G
22:42796914:G:A
22:42797785:A:G
22:42798097:T:C
22:42799876:G:A
22:42800081:C:T
22:42801452:A:G
22:42803809:G:A
22:42804420:G:C
22:42805895:C:T
22:42805927:A:G
22:42808536:T:C
22:42810088:A:G
22:42810248:G:A
22:42811919:A:C
22:42812041:G:A
22:42812471:A:G
22:42812472:T:G
22:42813042:G:C
22:42813156:C:G
22:42813753:T:C
22:42815125:G:A
22:42815358:G:A
22:42821501:A:G
22:42822195:G:C
22:42822283:T:C
22:42822679:G:A
22:42823916:G:A
22:42824258:C:G
22:42825039:A:G
22:42827759:A:C
22:42830429:C:G
22:42830576:C:T
22:42836337:A:C
22:42836440:G:C
22:42837080:C:G
22:42848354:G:T
22:42853011:G:A
22:42855099:G:A
22:42855277:T:C
22:42855956:G:C
22:42857285:A:G
22:42857611:A:G
22:42858260:T:A
22:42858610:A:G
22:42858713:A:G
22:42861613:G:A
22:42861656:C:A
22:42861944:G:A
22:42862004:T:C
22:42862437:C:A
22:42862481:G:T
22:42865010:G:A
22:42865011:C:A
22:42865712:C:A
22:42865754:T:C
22:42866614:A:G
22:42867855:T:A
22:42867898:A:G
22:42868369:G:C
22:42869453:A:C
22:42874631:G:A
22:42875479:A:G
22:42875519:T:G
22:42877916:G:A
22:42878001:T:C
22:42884997:A:G
22:42892596:T:C
22:42916215:C:G
22:42919010:C:T
22:42920767:G:A
22:42922162:C:A
22:42922420:T:C
22:42922463:A:G
22:42922465:T:G
22:42923339:A:T
22:42928108:G:C
22:42928478:G:A
22:42928853:A:G
22:42932133:A:T
22:42932317:G:A
22:42932388:C:G
22:42938749:G:A
22:42938945:C:G
22:42939624:A:G
22:42939639:G:A
22:42941418:A:G
22:42941490:G:A
22:42945888:T:C
22:42946371:C:T
22:42946880:C:A
22:42955753:C:G
22:42957288:C:T
22:42957790:T:C
22:42958687:C:T
22:42960137:T:C
22:42960357:T:G
22:42961637:A:G
22:42961860:G:T
22:42962218:C:G
22:42966103:A:C
22:42979548:A:G
22:42980678:T:C
22:42981138:T:C
22:42981167:G:A
22:42981349:C:T
22:42981508:A:C
22:42981678:T:C
22:42981890:G:A
22:42982572:C:G
22:42983782:C:A
22:42984131:A:G
22:42985310:G:A
22:42986513:T:C
22:42987826:G:A
22:42988117:T:C
22:42988679:G:A
22:42988790:G:A
22:42996149:G:A
22:42999645:A:G
22:43000662:T:C
22:43001128:C:T
22:43002362:A:G
22:43007592:T:C
22:43007594:G:C
22:43007597:A:C
22:43008104:T:C
22:43009817:G:C
22:43010601:G:C
22:43010817:G:A
22:43011246:C:T
22:43011674:T:C
22:43012968:C:G
22:43013554:C:T
22:43013785:A:G
22:43013836:T:C
22:43015492:G:T
22:43015716:T:C
22:43018587:C:G
22:43018623:T:C
22:43019536:A:G
22:43019562:T:C
22:43020169:C:T
22:43020322:A:G
22:43021141:T:C
22:43021554:A:G
22:43021607:C:T
22:43021713:T:A
22:43023527:G:A
22:43023535:A:G
22:43023939:G:T
22:43023980:G:A
22:43025470:G:A
22:43026296:A:C
22:43026690:G:A
22:43026792:A:G
22:43027356:G:A
22:43027630:C:T
22:43027824:T:C
22:43029809:G:A
22:43031657:G:A
22:43031820:G:A
22:43032229:A:G
22:43032244:C:A
22:43032328:A:G
22:43032488:G:C
22:43032870:G:T
22:43033800:C:T
22:43035793:G:C
22:43035928:C:G
22:43036245:G:A
22:43036779:G:A
22:43039330:C:T
22:43039982:C:T
22:43040082:A:G
22:43040793:G:A
22:43040839:C:T
22:43040873:G:A
22:43040921:C:T
22:43041171:T:C
22:43041255:T:A
22:43041391:G:A
22:43041489:G:A
22:43041545:A:G
22:43041593:A:G
22:43042197:C:G
22:43043087:G:A
22:43047285:C:T
22:43050597:A:G
22:43052604:A:G
22:43052883:A:G
22:43053813:T:G
22:43054121:G:A
22:43058496:A:G
22:43058627:G:A
22:43058804:C:T
22:43058837:A:G
22:43059925:G:A
22:43061482:G:A
22:43061494:C:T
22:43061594:C:A
22:43061610:A:G
22:43063958:C:T
22:43064840:A:G
22:43066379:T:C
22:43066531:A:G
22:43067054:T:C
22:43067327:A:G
22:43067331:G:A
22:43068239:A:G
22:43068711:G:A
22:43072626:T:C
22:43073031:C:T
22:43073331:A:G
22:43074900:G:A
22:43075422:G:T
22:43075948:C:T
22:43076341:G:A
22:43076496:C:G
22:43076809:T:C
22:43077027:T:A
22:43077050:T:A
22:43077143:G:T
22:43078569:G:A
22:43079214:G:A
22:43079607:A:G
22:43079754:T:C
22:43079847:G:T
22:43082040:G:A
22:43082265:T:C
22:43082478:G:C
22:43082755:C:T
22:43082826:G:T
22:43082898:A:G
22:43083045:C:A
22:43083155:T:C
22:43084104:C:T
22:43084512:G:T
22:43085927:C:T
22:43086173:T:A
22:43086450:G:A
22:43087644:G:A
22:43087781:C:T
22:43088078:G:A
22:43088261:C:T
22:43088463:G:T
22:43088549:C:T
22:43088971:C:T
22:43089055:G:C
22:43089849:T:C
22:43090249:A:C
22:43090276:T:A
22:43090534:A:T
22:43091179:C:T
22:43091341:A:G
22:43092786:C:T
22:43092851:A:C
22:43092912:C:T
22:43093143:T:C
22:43093168:A:T
22:43093189:T:A
22:43093296:G:T
22:43093698:A:G
22:43094465:G:A
22:43094932:T:G
22:43094945:G:A
22:43095473:C:T
22:43095928:C:T
22:43095999:C:T
22:43096013:A:T
22:43096042:C:T
22:43096266:A:G
22:43096364:G:A
22:43096492:G:A
22:43096507:C:T
22:43096996:G:C
22:43097551:T:C
22:43098123:C:T
22:43100579:G:A
22:43102870:A:T
22:43102937:A:G
22:43103328:T:A
22:43103435:T:G
22:43104750:C:T
22:43105474:T:C
22:43105703:C:T
22:43106189:G:C
22:43106582:G:A
22:43107993:A:T
22:43110919:G:A
22:43112475:C:T
22:43112611:A:G
22:43112674:A:G
22:43112818:C:A
22:43112961:T:C
22:43113004:T:G
22:43113407:A:G
22:43113434:C:T
22:43113435:G:A
22:43113793:C:A
22:43114020:A:C
22:43114040:G:C
22:43114824:A:G
22:43115254:C:G
22:43115696:C:T
22:43115776:G:C
22:43116137:G:C
22:43116149:G:A
22:43117463:T:G
22:43117598:G:C
22:43120111:C:T
22:43120209:C:T
22:43121426:G:A
22:43121968:A:C
22:43122720:G:A
22:43123737:T:C
22:43126481:A:C
22:43127465:G:A
22:43132267:A:T
22:43132271:T:G
22:43135696:C:A
22:43138403:A:G
22:43139528:A:G
22:43140720:T:G
22:43140837:T:G
22:43141391:C:A
22:43141409:G:T
22:43141459:T:G
22:43142593:G:T
22:43142948:C:T
22:43144054:G:C
22:43145421:G:C
22:43148092:G:A
22:43148259:C:T
22:43148731:G:A
22:43150453:C:T
22:43150523:G:T
22:43152893:C:T
22:43153146:C:A
22:43154261:G:T
22:43154299:A:G
22:43155395:C:G
22:43156469:A:G
22:43157308:C:G
22:43160145:C:A
22:43160404:C:T
22:43160637:A:G
22:43160656:C:T
22:43160756:T:C
22:43161113:C:A
22:43162952:C:T
22:43162958:G:C
22:43162984:T:C
22:43163061:A:G
22:43163200:A:G
22:43163883:T:A
22:43164064:C:T
22:43164183:C:T
22:43164369:A:G
22:43164431:A:G
22:43164563:C:T
22:43164768:G:A
22:43165739:G:T
22:43166388:T:C
22:43166449:G:A
22:43166718:C:T
22:43167050:C:T
22:43167775:C:T
22:43168976:C:T
22:43169224:G:C
22:43169539:G:C
22:43169648:G:A
22:43169818:T:C
22:43169852:A:G
22:43170492:G:A
22:43170699:T:C
22:43170882:C:T
22:43170942:A:G
22:43170994:T:C
22:43171045:G:A
22:43173922:A:G
22:43174413:A:G
22:43176623:T:C
22:43180418:A:C
22:43181803:G:A
22:43182751:T:C
22:43182761:C:G
22:43183391:C:T
22:43183762:T:C
22:43184135:G:A
22:43187900:G:A
22:43188180:C:A
22:43188274:C:A
22:43188309:C:T
22:43188611:A:G
22:43189080:C:T
22:43189445:T:C
22:43189832:C:A
22:43190158:C:T
22:43190649:A:G
22:43190817:T:C
22:43191319:T:C
22:43191340:G:A
22:43191368:C:T
22:43192480:T:C
22:43193323:T:C
22:43193641:G:A
22:43193915:A:T
22:43194273:G:A
22:43195147:A:G
22:43195296:A:G
22:43195671:A:T
22:43195697:A:G
22:43197034:A:G
22:43197859:A:G
22:43201210:A:G
22:43202339:G:C
22:43202340:G:A
22:43203137:C:T
22:43203281:T:C
22:43206587:A:T
22:43206950:A:C
22:43212432:G:A
22:43212781:C:T
22:43214400:G:C
22:43215470:C:T
22:43215692:A:G
22:43216299:T:G
22:43216550:G:A
22:43216733:A:G
22:43217080:A:G
22:43217149:G:C
22:43217955:T:C
22:43218463:C:T
22:43222242:C:T
22:43223202:T:C
22:43225174:A:C
22:43226599:C:A
22:43226912:G:A
22:43227867:G:C
22:43228969:A:C
22:43230140:C:G
22:43230627:T:C
22:43230701:T:C
22:43232818:C:T
22:43232973:C:T
22:43233062:G:C
22:43235978:C:T
22:43236128:A:G
22:43237276:C:T
22:43237639:G:A
22:43240806:T:C
22:43241003:C:G
22:43244723:A:T
22:43245345:T:C
22:43246146:G:A
22:43246248:G:T
22:43246818:A:G
22:43247415:C:T
22:43248000:C:T
22:43249093:T:C
22:43249200:T:C
22:43250614:G:A
22:43252280:A:G
22:43255182:T:G
22:43259855:T:C
22:43260427:G:A
22:43261065:C:G
22:43261223:C:T
22:43261499:G:A
22:43261694:T:G
22:43261982:T:C
22:43261998:T:C
22:43262513:A:G
22:43262740:T:C
22:43262745:C:T
22:43263432:A:G
22:43264770:A:G
22:43264851:T:C
22:43265827:G:T
22:43266247:G:A
22:43266363:C:T
22:43266774:C:T
22:43267831:G:T
22:43267873:G:T
22:43268009:T:C
22:43268095:T:A
22:43268502:A:G
22:43269201:T:C
22:43269547:C:T
22:43270440:A:C
22:43272085:G:C
22:43272792:C:T
22:43273740:C:G
22:43273891:T:G
22:43274283:C:T
22:43274367:A:T
22:43274722:G:A
22:43274772:A:G
22:43275250:G:A
22:43275968:G:C
22:43276030:A:C
22:43277147:A:G
22:43277922:G:A
22:43278148:C:T
22:43278220:C:T
22:43279282:A:G
22:43279611:G:A
22:43280650:T:C
22:43281581:G:C
22:43281879:A:G
22:43282801:A:C
22:43283082:C:T
22:43283255:A:C
22:43283262:G:A
22:43283989:C:T
22:43284334:G:A
22:43285309:C:T
22:43285922:C:T
22:43286876:A:G
22:43287290:G:A
22:43289236:C:T
22:43289473:G:A
22:43289738:C:T
22:43290583:T:C
22:43291095:C:T
22:43291529:C:A
22:43292114:A:G
22:43292275:G:C
22:43292380:T:C
22:43292388:T:G
22:43292392:G:A
22:43292632:C:T
22:43293684:G:A
22:43294239:C:T
22:43294744:T:C
22:43295268:C:T
22:43295271:C:T
22:43296051:C:A
22:43296317:C:T
22:43296324:A:C
22:43296474:A:T
22:43297397:G:A
22:43297421:A:T
22:43297680:C:T
22:43298262:G:A
22:43298310:G:A
22:43299294:T:A
22:43299710:T:C
22:43299878:G:A
22:43300010:C:A
22:43301309:C:T
22:43301900:A:C
22:43303017:C:T
22:43303172:G:C
22:43303417:T:G
22:43303687:G:A
22:43305861:T:C
22:43306428:C:T
22:43306541:A:G
22:43306628:T:C
22:43306694:T:C
22:43306846:T:C
22:43308475:C:T
22:43308526:G:T
22:43310147:G:A
22:43310652:G:T
22:43311225:G:C
22:43311523:G:A
22:43312615:C:T
22:43312925:G:A
22:43313051:C:T
22:43313753:T:C
22:43313909:A:G
22:43314066:A:G
22:43315859:C:T
22:43316232:G:A
22:43316667:A:G
22:43317568:A:C
22:43318648:G:C
22:43318700:G:A
22:43318765:G:T
22:43318948:G:C
22:43320216:C:G
22:43320285:T:G
22:43320301:A:G
22:43320662:T:A
22:43321806:T:A
22:43321816:G:A
22:43324183:C:T
22:43324552:G:A
22:43324565:G:A
22:43324762:C:T
22:43324768:A:G
22:43325269:T:C
22:43325352:C:T
22:43325441:A:G
22:43325774:G:A
22:43326110:C:T
22:43326807:G:T
22:43327316:C:T
22:43327526:C:T
22:43327579:G:C
22:43327581:T:G
22:43327587:G:A
22:43328419:G:A
22:43329819:G:A
22:43331291:T:A
22:43332322:T:C
22:43333156:G:A
22:43333427:C:T
22:43334295:C:G
22:43334398:T:G
22:43334574:G:C
22:43335490:A:G
22:43336231:A:T
22:43336637:T:G
22:43336685:C:T
22:43336728:C:T
22:43338353:C:A
22:43338839:G:A
22:43339876:A:G
22:43339878:A:G
22:43339960:T:A
22:43340279:G:T
22:43340280:C:T
22:43342723:G:A
22:43343608:C:T
22:43344681:T:C
22:43348178:C:T
22:43349377:A:G
22:43349632:T:C
22:43349699:C:A
22:43350377:C:G
22:43354130:T:C
22:43354334:T:C
22:43355167:G:A
22:43355256:C:T
22:43356130:A:C
22:43356311:C:T
22:43356442:T:G
22:43356499:C:T
22:43356699:G:A
22:43358088:A:G
22:43359130:T:C
22:43359261:A:G
22:43359448:G:A
22:43360681:T:C
22:43361079:G:A
22:43361143:C:G
22:43361804:T:C
22:43362976:T:C
22:43363122:A:C
22:43363195:C:G
22:43363923:G:A
22:43364634:G:C
22:43364655:G:A
22:43364795:G:C
22:43365634:C:T
22:43366296:G:A
22:43369349:A:T
22:43369766:T:C
22:43370260:C:G
22:43370549:A:G
22:43371628:C:T
22:43372372:T:C
22:43374807:G:C
22:43375141:T:C
22:43375439:G:A
22:43375700:A:T
22:43375701:G:A
22:43375950:C:T
22:43380548:G:C
22:43381288:T:G
22:43381459:G:A
22:43381650:C:T
22:43382098:G:A
22:43384931:A:G
22:43386691:C:G
22:43386837:T:G
22:43387645:C:T
22:43387695:G:T
22:43387711:T:C
22:43387915:C:A
22:43389570:C:T
22:43390083:A:T
22:43390319:G:A
22:43391816:T:A
22:43392856:G:A
22:43393042:G:C
22:43393940:C:T
22:43393985:A:T
22:43394489:T:C
22:43396094:A:G
22:43396109:C:T
22:43396445:T:C
22:43397563:C:G
22:43397861:A:G
22:43397966:A:G
22:43398049:C:A
22:43398962:C:T
22:43400006:G:C
22:43400329:T:C
22:43400764:A:C
22:43400937:T:C
22:43401079:G:A
22:43401772:A:G
22:43403024:T:C
22:43403290:C:T
22:43403506:C:G
22:43404107:T:C
22:43404929:C:G
22:43405068:G:A
22:43406673:A:G
22:43406680:G:T
22:43407464:C:T
22:43410235:T:C
22:43411389:T:C
22:43411887:A:C
22:43412376:T:C
22:43414330:G:A
22:43415060:A:G
22:43415116:G:A
22:43419325:A:C
22:43419385:C:T
22:43422556:G:A
22:43422608:C:T
22:43422676:G:C
22:43426542:A:C
22:43426929:C:T
22:43427006:T:A
22:43427776:G:A
22:43430077:G:A
22:43431474:G:C
22:43432319:C:G
22:43435427:G:A
22:43435668:G:A
22:43436594:G:A
22:43437067:G:A
22:43439544:T:C
22:43441266:T:A
22:43441628:T:C
22:43442599:T:C
22:43443952:C:G
22:43444586:G:A
22:43446888:C:T
22:43447266:A:G
22:43448117:T:C
22:43448649:G:C
22:43449508:T:C
22:43449598:G:A
22:43452960:G:A
22:43454455:A:G
22:43455432:G:A
22:43455531:C:T
22:43455665:A:G
22:43456683:C:G
22:43457453:C:T
22:43457862:A:G
22:43458018:T:G
22:43458852:G:A
22:43459026:C:T
22:43459123:A:G
22:43459241:G:A
22:43459813:A:G
22:43459846:G:A
22:43459864:G:A
22:43461275:T:C
22:43461778:A:G
22:43462320:G:A
22:43463110:C:A
22:43463186:G:A
22:43463333:T:C
22:43464355:G:A
22:43466217:A:G
22:43466247:G:C
22:43466405:G:A
22:43466441:G:A
22:43466916:T:C
22:43467434:G:C
22:43467940:G:A
22:43468995:C:T
22:43470526:T:C
22:43471386:G:C
22:43471948:C:T
22:43474125:A:C
22:43475508:G:A
22:43475563:G:A
22:43475920:C:T
22:43476299:T:G
22:43479422:T:G
22:43481495:C:T
22:43481648:C:T
22:43482620:G:C
22:43483242:C:T
22:43485385:T:G
22:43487260:G:A
22:43490634:G:A
22:43491269:C:A
22:43492639:C:A
22:43492962:C:T
22:43493350:A:G
22:43494072:C:T
22:43494731:G:A
22:43496495:G:A
22:43497898:A:G
22:43498114:G:A
22:43498161:T:C
22:43500003:A:G
22:43500212:G:T
22:43505157:G:A
22:43505444:C:A
22:43505695:A:G
22:43506265:T:A
22:43509668:A:G
22:43509846:G:C
22:43510219:A:G
22:43514187:C:A
22:43514886:C:T
22:43515108:T:C
22:43515339:T:G
22:43515703:C:T
22:43515889:T:C
22:43516133:C:A
22:43516726:G:A
22:43518108:G:C
22:43518275:A:G
22:43518324:A:C
22:43518822:A:G
22:43519082:A:G
22:43520258:A:C
22:43520263:A:G
22:43520427:T:C
22:43521950:A:G
22:43523188:T:C
22:43523955:G:A
22:43523991:C:A
22:43524000:A:T
22:43525176:C:T
22:43526746:G:A
22:43527681:C:T
22:43528218:G:A
22:43528251:G:T
22:43528793:T:C
22:43529029:C:T
22:43529314:G:C
22:43530631:T:A
22:43530700:G:C
22:43530982:A:G
22:43531027:C:G
22:43531161:C:G
22:43532156:A:G
22:43533422:G:A
22:43533427:C:G
22:43533515:A:C
22:43534794:T:C
22:43539431:A:T
22:43540174:C:T
22:43541173:T:C
22:43541220:G:T
22:43544282:T:C
22:43544823:C:T
22:43545077:G:A
22:43546733:A:C
22:43548155:T:G
22:43548619:G:C
22:43548827:T:C
22:43548898:G:C
22:43550055:T:C
22:43550149:T:C
22:43551007:C:T
22:43551408:G:A
22:43551513:A:G
22:43551771:G:A
22:43551836:T:C
22:43552778:C:T
22:43553417:T:G
22:43555026:A:G
22:43555194:C:G
22:43555590:A:C
22:43555921:G:A
22:43556316:G:A
22:43556922:C:G
22:43557492:G:A
22:43558926:A:G
22:43558972:G:A
22:43559137:G:T
22:43559451:G:A
22:43559737:G:A
22:43560112:G:T
22:43560430:C:A
22:43560962:C:T
22:43560966:T:C
22:43561337:T:C
22:43563672:A:G
22:43563711:A:G
22:43564978:C:T
22:43565443:C:T
22:43565703:C:T
22:43565855:C:T
22:43566559:C:T
22:43566924:A:C
22:43567279:C:A
22:43567459:C:T
22:43567545:T:A
22:43567789:T:C
22:43568512:C:T
22:43569302:C:T
22:43569307:A:G
22:43569608:C:A
22:43570068:G:A
22:43570463:A:G
22:43570659:A:C
22:43570794:A:G
22:43575616:G:A
22:43575774:A:C
22:43576256:T:G
22:43576474:G:A
22:43576904:G:A
22:43577048:C:A
22:43577214:C:T
22:43577307:G:A
22:43579322:G:A
22:43579708:T:C
22:43580065:C:T
22:43581447:T:C
22:43585305:T:C
22:43585495:C:G
22:43585848:C:T
22:43587307:A:T
22:43587490:A:C
22:43587956:T:C
22:43588202:C:G
22:43588283:A:T
22:43588293:C:A
22:43594227:A:G
22:43594983:C:T
22:43595631:G:T
22:43595703:G:A
22:43596125:T:G
22:43596245:C:T
22:43597815:G:A
22:43598013:G:A
22:43598381:G:A
22:43599917:T:C
22:43599991:C:T
22:43600488:A:G
22:43602760:T:C
22:43604923:G:C
22:43605024:A:G
22:43606143:C:T
22:43606668:T:C
22:43608673:C:T
22:43609748:A:G
22:43609760:G:A
22:43609910:C:T
22:43609959:C:G
22:43610207:A:G
22:43610930:A:G
22:43611321:C:A
22:43611375:C:T
22:43611423:G:A
22:43611541:C:T
22:43613433:T:C
22:43613453:G:C
22:43613550:C:T
22:43613551:A:G
22:43613588:C:T
22:43613766:G:C
22:43613773:C:A
22:43613871:C:T
22:43614099:T:C
22:43614223:C:G
22:43614316:C:G
22:43614601:C:T
22:43614643:C:T
22:43614658:G:T
22:43615005:T:C
22:43618192:G:A
22:43618619:A:G
22:43619062:C:G
22:43619200:G:A
22:43619645:T:C
22:43620619:G:A
22:43620657:G:A
22:43622232:C:G
22:43622244:C:A
22:43623353:G:A
22:43623395:C:G
22:43623759:G:C
22:43623770:G:C
22:43623972:A:G
22:43624022:T:C
22:43624305:T:C
22:43625225:G:T
22:43625758:A:G
22:43626035:A:G
22:43627155:G:A
22:43627646:G:A
22:43627949:C:T
22:43628567:C:A
22:43629053:T:C
22:43629089:G:C
22:43629383:A:G
22:43629518:C:A
22:43629520:G:A
22:43631352:T:C
22:43631806:C:T
22:43632100:G:A
22:43632525:G:C
22:43632938:G:A
22:43633400:C:G
22:43633461:A:G
22:43633512:G:A
22:43633977:C:A
22:43634750:T:C
22:43635207:C:T
22:43635318:A:G
22:43635549:G:A
22:43635573:T:C
22:43635590:G:C
22:43636180:C:T
22:43636985:A:C
22:43637177:G:C
22:43638227:G:C
22:43638735:G:A
22:43639138:A:G
22:43639989:A:C
22:43640728:A:G
22:43641108:A:G
22:43641458:G:C
22:43642090:G:A
22:43642122:C:G
22:43642428:A:C
22:43643254:C:T
22:43643488:C:G
22:43644557:G:C
22:43645094:T:C
22:43645133:A:G
22:43645280:A:G
22:43645335:C:G
22:43646613:G:A
22:43646709:A:C
22:43647870:A:G
22:43647954:A:G
22:43648664:C:T
22:43649701:T:C
22:43650729:C:T
22:43650988:T:C
22:43654063:G:T
22:43654466:G:A
22:43654477:C:T
22:43654951:T:C
22:43655427:A:G
22:43655526:A:G
22:43656322:A:G
22:43657256:G:A
22:43657982:T:C
22:43658461:A:G
22:43659191:T:A
22:43660607:T:C
22:43660635:G:A
22:43660940:C:A
22:43661080:C:T
22:43662418:C:A
22:43662468:T:C
22:43662788:C:T
22:43663734:C:T
22:43664344:C:T
22:43664665:C:T
22:43666748:T:C
22:43666997:T:G
22:43667423:G:A
22:43667553:T:C
22:43668044:T:A
22:43668169:A:G
22:43670094:G:A
22:43670386:G:A
22:43670516:A:G
22:43670532:C:T
22:43670873:C:A
22:43671383:G:T
22:43672629:C:T
22:43672689:C:A
22:43673471:A:C
22:43673800:T:C
22:43674249:T:C
22:43674945:C:T
22:43676233:C:T
22:43678024:C:T
22:43679081:G:C
22:43679528:C:A
22:43679953:A:T
22:43680239:T:C
22:43682270:C:G
22:43682699:T:C
22:43683017:C:T
22:43683088:G:A
22:43683796:G:C
22:43684002:A:G
22:43684059:A:G
22:43684257:G:T
22:43684519:T:A
22:43684532:G:A
22:43684684:C:A
22:43684833:T:C
22:43685067:C:T
22:43685159:G:C
22:43685537:G:C
22:43685657:G:A
22:43685696:T:C
22:43686154:C:A
22:43686402:G:C
22:43686616:C:T
22:43687305:C:A
22:43687306:C:G
22:43687678:A:G
22:43688666:A:G
22:43689542:G:A
22:43689984:C:T
22:43692869:C:A
22:43693281:A:G
22:43693334:T:C
22:43693733:T:C
22:43693988:T:C
22:43695563:T:G
22:43696688:C:T
22:43697531:C:T
22:43698129:T:C
22:43699292:G:A
22:43699774:T:G
22:43699978:G:A
22:43700013:G:A
22:43700768:C:T
22:43700923:A:G
22:43701218:G:A
22:43701516:C:G
22:43701862:C:T
22:43703991:A:G
22:43704285:C:G
22:43705678:G:A
22:43705929:C:T
22:43706773:C:T
22:43707996:G:A
22:43708904:C:T
22:43708922:G:A
22:43710350:C:G
22:43710608:G:T
22:43711080:G:C
22:43712536:C:T
22:43713253:G:C
22:43713668:G:A
22:43715848:G:A
22:43715862:T:C
22:43716324:T:C
22:43716971:C:T
22:43717064:A:C
22:43717197:T:C
22:43718554:G:T
22:43719439:T:C
22:43720447:G:C
22:43721118:T:C
22:43721289:A:G
22:43721296:G:A
22:43722625:A:G
22:43723443:C:G
22:43724281:G:C
22:43724633:A:G
22:43724686:A:T
22:43725219:T:A
22:43725220:C:T
22:43725421:T:C
22:43725492:G:A
22:43726509:T:G
22:43726959:G:C
22:43727154:C:T
22:43727881:A:C
22:43728560:T:C
22:43729206:G:T
22:43729401:T:C
22:43730300:T:C
22:43731002:A:G
22:43731557:C:T
22:43732424:C:T
22:43733752:T:A
22:43736392:T:C
22:43737132:C:T
22:43737235:A:G
22:43737500:G:A
22:43737881:A:C
22:43738358:G:C
22:43740066:C:T
22:43740244:T:C
22:43740418:A:G
22:43740770:T:C
22:43741238:T:C
22:43743900:C:G
22:43745031:T:A
22:43745090:C:T
22:43745197:C:A
22:43745368:A:C
22:43745603:T:C
22:43745758:T:C
22:43746022:T:G
22:43746132:T:G
22:43747952:T:C
22:43750704:G:A
22:43753036:G:T
22:43755634:G:C
22:43755827:A:G
22:43756369:T:G
22:43757175:T:C
22:43757691:C:T
22:43760187:T:C
22:43761868:A:G
22:43762210:T:G
22:43762255:C:T
22:43762357:T:C
22:43763410:T:C
22:43763757:G:T
22:43765405:C:T
22:43765701:A:G
22:43767079:A:G
22:43767312:C:T
22:43767403:A:G
22:43767846:C:T
22:43768311:G:A
22:43769570:T:C
22:43769590:C:A
22:43776061:T:C
22:43776852:A:G
22:43777409:C:T
22:43779520:G:A
22:43779867:G:T
22:43781027:C:T
22:43781850:C:A
22:43782937:G:A
22:43783190:T:C
22:43783371:G:A
22:43783726:C:G
22:43783951:T:C
22:43784094:T:A
22:43785035:G:A
22:43785447:G:A
22:43785605:A:C
22:43786019:T:C
22:43786094:G:T
22:43787230:C:T
22:43787289:C:T
22:43789037:C:T
22:43789634:G:T
22:43791527:G:A
22:43793388:C:G
22:43797027:G:T
22:43797063:C:A
22:43797587:G:C
22:43798117:T:A
22:43800824:A:C
22:43803887:T:C
22:43804846:C:G
22:43806964:G:C
22:43807064:A:G
22:43807263:A:G
22:43809158:C:T
22:43809537:T:C
22:43810056:C:T
22:43810072:A:G
22:43810101:G:A
22:43810219:G:A
22:43810480:G:A
22:43810747:C:T
22:43810775:T:C
22:43810845:T:C
22:43811071:C:A
22:43811077:A:G
22:43811779:A:G
22:43811875:C:T
22:43812187:A:G
22:43814244:C:T
22:43814457:C:A
22:43814883:G:A
22:43815425:G:C
22:43815535:T:C
22:43815793:G:A
22:43816027:A:C
22:43816218:T:G
22:43816253:T:C
22:43816820:T:C
22:43817481:G:A
22:43818115:C:T
22:43818203:A:G
22:43818279:T:C
22:43819284:A:T
22:43819757:A:G
22:43820286:C:T
22:43821730:C:T
22:43822534:C:T
22:43822563:C:G
22:43822738:C:T
22:43823014:T:G
22:43823413:C:T
22:43824009:A:G
22:43824618:T:G
22:43825439:A:G
22:43826267:G:A
22:43826323:T:C
22:43829896:C:T
22:43830353:C:T
22:43830848:C:T
22:43830996:C:T
22:43831056:C:T
22:43832479:C:G
22:43833698:G:A
22:43834026:G:A
22:43835768:C:T
22:43835942:T:C
22:43836134:A:G
22:43836198:T:G
22:43837215:G:A
22:43838028:C:G
22:43838406:A:G
22:43843065:T:C
22:43844459:G:A
22:43844826:A:C
22:43846516:A:G
22:43847589:C:T
22:43847779:G:A
22:43848318:T:C
22:43848406:G:C
22:43849419:T:C
22:43849720:C:T
22:43850208:C:A
22:43851485:A:G
22:43852077:T:A
22:43853697:T:C
22:43856640:T:C
22:43857328:C:T
22:43858530:A:G
22:43860886:C:A
22:43862145:G:T
22:43863072:C:G
22:43863297:C:T
22:43864604:G:A
22:43867177:C:G
22:43867300:G:A
22:43867760:T:A
22:43868315:A:G
22:43868571:A:C
22:43869363:T:C
22:43869607:G:A
22:43869856:A:G
22:43870063:A:G
22:43870390:T:G
22:43872243:C:T
22:43872786:C:T
22:43872933:T:G
22:43873863:T:C
22:43874801:A:G
22:43875674:T:C
22:43876153:C:T
22:43876350:C:T
22:43876411:A:G
22:43876541:C:G
22:43877269:G:A
22:43878346:C:G
22:43878697:T:C
22:43879664:A:G
22:43880499:A:G
22:43880506:A:G
22:43881448:C:T
22:43881694:T:C
22:43881816:G:A
22:43882594:C:T
22:43882741:G:A
22:43882783:C:A
22:43882873:A:G
22:43883747:G:A
22:43884850:G:A
22:43885006:G:C
22:43885862:G:A
22:43886005:A:G
22:43886032:C:T
22:43886370:T:C
22:43886561:T:A
22:43886834:G:A
22:43888228:A:G
22:43888239:G:A
22:43888353:A:G
22:43888504:C:T
22:43888533:G:A
22:43888664:A:G
22:43889116:C:T
22:43893952:A:G
22:43894599:T:C
22:43896685:G:A
22:43896835:G:C
22:43898108:T:C
22:43898315:A:G
22:43899258:A:G
22:43899332:G:A
22:43899361:G:T
22:43899415:T:C
22:43899418:T:C
22:43901995:C:G
22:43903508:A:T
22:43904058:A:G
22:43906077:G:A
22:43906169:T:C
22:43906772:C:T
22:43907291:T:C
22:43908633:C:A
22:43910483:G:C
22:43910612:A:G
22:43910839:G:A
22:43911166:T:A
22:43911999:G:A
22:43913309:G:A
22:43918457:T:G
22:43920111:G:A
22:43921973:G:A
22:43922499:G:A
22:43922537:A:G
22:43922542:C:G
22:43922810:G:A
22:43925090:G:A
22:43926010:G:C
22:43926364:G:A
22:43927242:T:C
22:43932421:A:C
22:43937081:T:A
22:43937401:A:G
22:43937489:G:C
22:43937516:A:G
22:43937542:A:G
22:43937890:G:C
22:43937946:G:A
22:43938054:A:G
22:43938883:C:G
22:43939139:G:C
22:43939201:C:G
22:43940027:T:A
22:43940365:T:G
22:43941451:T:C
22:43941674:G:A
22:43946476:C:T
22:43946723:T:C
22:43947074:C:T
22:43947103:G:A
22:43949552:G:A
22:43950406:G:A
22:43951290:T:C
22:43952776:A:G
22:43954533:G:A
22:43956728:G:A
22:43957824:C:T
22:43958173:G:A
22:43959182:A:G
22:43959640:T:C
22:43959869:A:G
22:43959928:G:A
22:43959990:G:A
22:43961628:C:A
22:43962321:A:G
22:43964500:G:A
22:43964926:G:A
22:43965393:C:G
22:43965439:A:G
22:43965546:C:T
22:43965845:T:C
22:43966460:A:G
22:43969830:T:C
22:43970000:C:A
22:43970057:C:G
22:43970156:C:T
22:43970733:A:G
22:43970873:A:G
22:43972766:A:G
22:43972768:T:A
22:43973875:T:A
22:43976396:G:A
22:43976675:G:A
22:43980616:A:C
22:43981753:C:A
22:43982418:T:C
22:43982546:T:C
22:43982617:G:T
22:43983226:T:C
22:43983762:G:A
22:43984083:G:A
22:43984885:T:C
22:43985334:G:A
22:43986134:T:C
22:43986515:G:A
22:43986781:T:C
22:43989444:T:C
22:43990833:T:C
22:43991163:A:G
22:43991321:G:A
22:43993607:G:A
22:43994371:A:G
22:43994806:C:T
22:43995546:C:T
22:43995589:G:A
22:43996288:A:C
22:43996350:G:A
22:43997475:T:A
22:43997981:C:G
22:43998246:T:C
22:43998322:A:G
22:43998724:A:G
22:43999561:G:A
22:43999866:G:C
22:44000711:T:C
22:44003078:C:T
22:44006594:T:A
22:44007377:G:A
22:44010144:A:G
22:44010517:G:C
22:44010739:T:C
22:44012213:C:T
22:44012940:T:C
22:44013316:T:C
22:44014234:C:A
22:44014293:G:A
22:44014481:T:G
22:44014938:T:C
22:44015291:A:G
22:44015927:A:G
22:44016244:G:A
22:44016265:C:T
22:44017170:C:T
22:44017318:A:T
22:44017463:C:T
22:44019091:A:G
22:44020176:C:T
22:44021224:T:A
22:44022171:G:A
22:44022207:A:G
22:44022578:C:A
22:44023173:G:A
22:44023695:T:G
22:44024381:G:A
22:44027094:T:C
22:44027216:T:C
22:44029495:A:T
22:44030358:A:G
22:44033178:T:C
22:44033490:A:G
22:44033934:C:T
22:44034241:A:T
22:44035303:G:A
22:44035558:T:C
22:44036139:C:T
22:44036408:A:T
22:44037064:C:A
22:44038518:G:A
22:44039285:C:T
22:44039398:C:T
22:44044253:T:A
22:44044386:T:C
22:44044773:T:C
22:44045728:G:C
22:44045871:C:A
22:44046264:G:A
22:44050154:T:C
22:44050363:G:A
22:44050364:A:T
22:44050598:C:T
22:44052552:T:C
22:44052763:G:A
22:44053015:C:A
22:44054063:G:T
22:44055972:A:G
22:44056241:G:A
22:44056278:A:G
22:44056370:T:C
22:44056538:C:G
22:44056703:A:G
22:44058677:T:C
22:44059059:T:C
22:44059072:C:T
22:44060396:A:G
22:44060721:T:C
22:44061009:G:T
22:44062339:A:G
22:44062938:G:A
22:44065526:T:C
22:44065741:G:A
22:44066547:C:T
22:44066773:A:G
22:44068591:G:A
22:44069055:C:T
22:44069292:C:T
22:44070530:C:A
22:44070768:T:C
22:44072943:C:A
22:44074699:T:C
22:44074883:A:C
22:44076134:T:G
22:44076455:G:A
22:44077107:T:C
22:44078507:A:C
22:44078872:C:T
22:44079438:A:T
22:44079452:C:G
22:44080646:C:T
22:44081430:A:G
22:44082808:T:A
22:44083442:T:C
22:44084579:T:C
22:44085579:C:T
22:44086749:T:C
22:44087274:G:A
22:44089267:T:C
22:44090003:T:C
22:44091095:C:A
22:44091835:T:G
22:44091898:A:G
22:44092109:A:T
22:44092196:G:A
22:44092396:G:A
22:44094088:G:A
22:44094969:G:A
22:44095662:A:T
22:44096063:A:G
22:44096682:T:C
22:44097341:G:A
22:44097373:T:C
22:44099375:A:G
22:44100191:C:T
22:44101141:T:C
22:44101411:T:C
22:44102016:A:G
22:44102636:C:T
22:44102659:C:T
22:44103293:G:A
22:44104822:G:A
22:44105776:T:G
22:44106461:C:T
22:44107968:C:G
22:44107997:C:T
22:44108077:A:G
22:44109072:C:T
22:44110098:A:G
22:44110479:C:T
22:44111240:A:T
22:44112400:T:A
22:44112845:C:T
22:44113813:G:A
22:44114342:T:C
22:44116164:G:A
22:44116520:G:A
22:44116662:T:C
22:44116810:C:G
22:44117134:T:C
22:44117142:C:T
22:44117221:T:G
22:44117684:G:A
22:44118078:T:C
22:44118772:A:T
22:44118787:C:A
22:44119875:T:C
22:44119998:A:G
22:44120121:T:C
22:44120842:G:C
22:44121327:A:G
22:44121399:G:A
22:44122650:G:A
22:44123348:A:C
22:44123502:G:A
22:44124930:T:C
22:44125433:C:T
22:44126306:C:T
22:44126950:G:T
22:44128835:C:G
22:44128975:T:C
22:44129447:A:T
22:44132096:T:A
22:44136057:G:A
22:44137349:T:C
22:44137753:C:A
22:44139294:G:T
22:44139713:A:C
22:44140963:C:T
22:44141273:C:T
22:44142195:C:T
22:44142288:G:A
22:44143232:C:T
22:44143955:C:T
22:44146918:T:C
22:44147073:G:A
22:44147497:A:G
22:44147585:C:T
22:44147931:G:C
22:44147933:A:G
22:44148351:C:T
22:44148975:G:A
22:44152874:A:T
22:44153565:G:T
22:44154254:T:G
22:44155333:A:T
22:44155735:T:C
22:44156436:G:A
22:44156689:C:T
22:44156941:G:A
22:44156988:A:G
22:44157064:T:A
22:44157781:C:T
22:44158490:A:G
22:44159597:T:C
22:44159605:T:C
22:44159997:C:T
22:44161976:C:T
22:44163393:C:A
22:44163523:G:A
22:44163537:T:C
22:44165351:G:A
22:44165598:G:A
22:44166037:A:T
22:44167323:A:T
22:44167684:G:A
22:44169392:T:C
22:44169426:A:G
22:44170397:G:T
22:44170523:G:A
22:44170918:G:C
22:44171204:C:T
22:44172081:C:A
22:44173134:G:C
22:44173322:G:A
22:44177826:C:T
22:44178103:T:C
22:44178710:G:C
22:44178720:A:C
22:44178721:T:C
22:44179127:G:A
22:44179134:A:G
22:44181312:A:G
22:44183102:G:A
22:44183721:G:A
22:44183913:A:C
22:44186449:A:G
22:44188320:A:C
22:44188796:G:A
22:44189915:A:T
22:44190181:A:T
22:44191523:G:A
22:44192147:T:C
22:44193581:C:T
22:44193817:G:A
22:44194393:C:T
22:44195363:T:C
22:44195654:C:T
22:44197052:A:C
22:44197886:G:A
22:44198015:C:T
22:44199299:G:C
22:44200046:A:G
22:44200464:T:C
22:44201534:T:C
22:44201623:G:C
22:44202293:C:T
22:44202556:G:A
22:44203745:C:T
22:44204149:T:C
22:44204319:C:T
22:44205335:G:A
22:44205880:A:G
22:44209125:C:T
22:44209164:T:C
22:44210898:T:C
22:44211659:T:A
22:44212038:G:A
22:44213984:G:A
22:44214973:G:T
22:44215273:C:T
22:44215662:C:T
22:44217693:C:T
22:44219572:A:G
22:44219944:A:C
22:44220143:T:C
22:44220291:T:C
22:44220377:G:A
22:44220673:C:A
22:44221247:A:G
22:44222345:C:T
22:44222367:T:C
22:44222416:A:G
22:44222439:C:T
22:44222807:A:C
22:44222840:G:A
22:44223066:T:C
22:44225794:G:A
22:44225846:T:A
22:44225858:G:A
22:44225888:G:A
22:44226987:C:A
22:44227348:T:C
22:44228367:G:A
22:44228580:C:T
22:44228843:G:C
22:44229508:G:A
22:44229793:G:A
22:44233426:A:G
22:44234933:C:T
22:44236005:G:A
22:44236441:G:A
22:44236816:G:C
22:44236864:C:T
22:44236982:G:A
22:44237402:C:A
22:44238296:C:T
22:44238521:C:A
22:44239196:A:G
22:44240162:T:C
22:44241276:T:C
22:44241285:C:T
22:44241401:G:A
22:44241442:G:A
22:44241573:C:T
22:44243774:C:G
22:44243999:G:A
22:44244106:A:G
22:44244302:C:A
22:44244986:C:T
22:44245009:G:T
22:44245081:T:C
22:44245271:G:A
22:44246107:A:G
22:44246132:C:T
22:44246740:C:T
22:44246757:C:A
22:44247780:A:C
22:44247788:G:A
22:44248504:G:A
22:44248601:C:T
22:44248627:G:C
22:44249269:G:A
22:44249463:C:A
22:44249477:G:A
22:44249778:G:C
22:44249905:G:A
22:44250067:C:T
22:44250261:C:T
22:44250570:A:G
22:44250630:C:T
22:44251189:G:A
22:44251326:G:A
22:44251493:G:A
22:44251648:C:T
22:44251852:T:C
22:44251970:A:C
22:44252825:C:T
22:44253089:C:T
22:44255222:C:T
22:44255828:T:C
22:44255832:G:A
22:44256308:G:C
22:44257244:T:C
22:44257762:C:A
22:44257833:T:C
22:44258659:A:G
22:44259781:A:G
22:44260172:G:A
22:44260406:T:C
22:44260895:G:C
22:44261367:G:A
22:44261581:C:T
22:44262227:A:G
22:44263820:C:G
22:44263840:A:C
22:44263971:C:A
22:44264217:G:T
22:44264502:G:A
22:44266064:G:C
22:44266821:G:A
22:44268508:T:A
22:44268576:T:C
22:44269104:G:A
22:44269290:T:C
22:44271421:T:C
22:44272450:C:T
22:44274267:C:T
22:44275189:C:A
22:44275459:G:A
22:44276105:T:C
22:44276106:G:A
22:44277406:C:T
22:44278398:C:A
22:44278480:C:G
22:44278752:G:A
22:44279315:T:C
22:44280394:C:T
22:44280412:G:T
22:44280501:A:G
22:44280733:A:G
22:44280832:A:G
22:44281073:T:C
22:44281161:C:T
22:44281311:T:C
22:44281380:T:C
22:44281607:G:A
22:44282276:A:G
22:44282307:G:A
22:44282503:C:T
22:44282693:C:T
22:44283020:C:T
22:44283440:G:A
22:44283556:A:G
22:44284815:A:G
22:44284854:A:G
22:44284954:A:G
22:44285069:G:A
22:44285658:G:A
22:44285667:G:A
22:44285765:A:G
22:44285812:C:T
22:44286153:G:T
22:44286531:T:C
22:44286950:G:A
22:44287062:A:G
22:44287207:C:T
22:44288306:G:C
22:44289262:A:G
22:44289672:G:T
22:44290198:C:G
22:44290315:C:T
22:44290527:G:A
22:44290570:G:A
22:44291100:A:G
22:44291299:A:G
22:44291658:C:T
22:44292088:T:G
22:44293320:G:T
22:44293322:T:C
22:44293654:G:A
22:44293814:A:C
22:44295360:C:T
22:44296050:T:C
22:44296254:A:T
22:44296367:A:G
22:44296372:C:T
22:44297142:G:C
22:44297553:C:T
22:44297565:T:G
22:44297686:A:T
22:44301176:G:A
22:44301263:C:T
22:44302337:T:C
22:44302347:A:G
22:44303499:A:G
22:44303767:G:T
22:44303957:G:A
22:44304419:T:G
22:44305218:C:T
22:44306271:C:G
22:44307535:C:T
22:44310090:T:G
22:44311590:A:G
22:44313235:T:C
22:44313849:A:G
22:44314257:A:G
22:44314284:T:C
22:44314425:A:G
22:44314525:T:C
22:44314617:A:G
22:44314919:T:C
22:44314949:A:G
22:44315079:A:G
22:44315233:T:G
22:44317084:A:G
22:44317416:A:T
22:44323965:A:G
22:44324104:C:T
22:44324171:C:T
22:44324181:G:A
22:44324727:C:G
22:44324730:C:T
22:44324855:G:A
22:44325855:C:A
22:44325996:G:A
22:44326272:T:C
22:44326700:C:T
22:44327179:G:A
22:44327192:A:G
22:44327273:A:G
22:44327981:G:C
22:44328043:T:C
22:44328730:G:A
22:44329078:C:T
22:44329197:G:A
22:44329275:G:A
22:44331060:G:C
22:44331513:C:G
22:44331711:G:A
22:44331778:C:G
22:44331815:C:G
22:44331943:G:A
22:44332477:T:C
22:44332493:T:C
22:44332570:G:A
22:44332653:C:G
22:44332878:C:T
22:44333172:A:G
22:44333370:A:G
22:44333479:C:G
22:44333694:T:G
22:44333945:C:G
22:44333968:T:C
22:44334486:T:C
22:44335406:C:A
22:44335744:T:C
22:44336098:T:C
22:44336310:A:G
22:44336957:G:A
22:44337533:G:A
22:44339526:C:G
22:44340086:C:T
22:44340904:C:T
22:44340922:T:G
22:44341193:T:C
22:44341298:G:A
22:44341398:C:A
22:44341606:T:C
22:44341666:A:G
22:44341672:T:C
22:44341986:T:C
22:44342116:A:G
22:44342325:C:T
22:44346079:A:G
22:44346639:T:G
22:44347250:C:T
22:44347251:G:A
22:44347355:G:C
22:44347433:G:T
22:44348116:G:A
22:44348446:G:T
22:44348803:T:A
22:44349215:T:C
22:44349236:T:C
22:44350417:C:G
22:44351351:T:C
22:44355569:C:T
22:44356480:G:T
22:44357900:G:A
22:44358997:A:G
22:44359715:C:T
22:44360007:G:A
22:44360010:C:A
22:44361497:C:A
22:44362815:C:T
22:44363939:T:A
22:44364594:C:T
22:44364794:T:C
22:44365232:G:C
22:44365742:G:A
22:44367249:C:T
22:44368039:T:C
22:44368122:A:G
22:44368204:A:G
22:44368741:C:T
22:44369329:C:T
22:44369429:C:T
22:44370175:C:T
22:44370336:T:G
22:44370337:T:C
22:44370615:T:C
22:44371243:A:G
22:44371312:G:A
22:44371406:A:G
22:44372069:G:A
22:44372190:C:T
22:44372331:C:T
22:44372632:C:T
22:44373579:G:A
22:44374584:A:T
22:44375244:C:T
22:44375247:A:C
22:44375275:C:A
22:44375438:C:T
22:44375507:T:C
22:44376335:C:T
22:44377442:A:G
22:44377557:A:C
22:44377999:C:T
22:44378809:C:T
22:44379565:G:C
22:44379740:C:A
22:44379838:A:G
22:44380009:A:G
22:44380033:T:C
22:44381340:T:C
22:44381482:C:T
22:44381545:C:T
22:44382853:G:A
22:44383400:C:T
22:44383432:G:C
22:44383617:C:G
22:44384279:C:G
22:44384881:G:C
22:44385594:A:G
22:44386281:C:T
22:44387996:G:C
22:44388337:G:A
22:44388417:A:G
22:44388817:T:C
22:44389392:G:A
22:44389514:T:C
22:44390048:G:A
22:44390236:T:C
22:44390366:A:G
22:44390547:G:A
22:44390568:C:T
22:44391025:T:C
22:44391234:G:A
22:44391686:G:A
22:44392658:C:T
22:44392731:C:T
22:44393075:C:T
22:44393093:T:C
22:44393241:C:T
22:44394019:T:A
22:44394402:C:T
22:44395389:A:C
22:44395451:T:C
22:44398524:A:G
22:44399761:A:G
22:44400698:G:A
22:44401871:C:T
22:44401967:C:T
22:44402169:C:T
22:44402641:C:T
22:44404522:A:G
22:44407402:C:A
22:44407599:T:C
22:44409075:A:G
22:44409176:G:A
22:44409367:G:A
22:44415325:G:C
22:44416361:A:C
22:44419010:G:C
22:44419039:C:T
22:44419871:T:C
22:44420859:A:T
22:44421425:G:A
22:44421563:G:T
22:44422333:T:C
22:44422638:T:C
22:44422912:T:C
22:44422964:G:T
22:44423396:G:A
22:44424108:C:T
22:44424649:T:C
22:44426745:C:T
22:44426847:G:T
22:44427256:C:T
22:44427564:C:T
22:44427612:C:T
22:44427703:G:A
22:44427967:G:A
22:44428015:G:A
22:44428546:C:T
22:44428547:G:A
22:44429391:G:T
22:44429604:G:T
22:44429762:C:T
22:44431737:A:T
22:44432366:A:T
22:44432693:A:T
22:44434012:C:G
22:44434674:C:A
22:44434950:G:A
22:44435251:C:T
22:44435552:G:A
22:44436192:G:C
22:44436410:C:A
22:44441152:C:A
22:44445659:C:T
22:44447046:A:G
22:44448338:G:A
22:44448402:G:A
22:44451613:C:T
22:44451823:C:T
22:44451956:A:G
22:44452019:C:G
22:44452022:C:T
22:44452089:T:C
22:44452318:A:G
22:44454166:G:A
22:44455473:A:G
22:44455868:C:G
22:44456485:C:A
22:44456692:T:C
22:44456897:A:T
22:44458072:C:T
22:44458120:G:C
22:44458618:C:T
22:44458760:G:A
22:44459995:T:C
22:44460147:G:A
22:44461952:C:G
22:44465304:A:T
22:44466550:A:G
22:44466687:A:G
22:44466935:T:G
22:44467752:A:G
22:44467899:T:C
22:44470036:A:G
22:44471876:T:C
22:44472344:G:A
22:44475243:G:C
22:44476064:T:C
22:44476235:C:T
22:44478850:A:G
22:44480397:T:C
22:44480524:G:C
22:44482391:C:T
22:44482941:A:T
22:44483210:A:G
22:44483881:G:C
22:44484199:C:T
22:44488575:G:A
22:44488796:A:G
22:44488973:C:G
22:44489022:G:A
22:44489038:G:A
22:44489868:T:C
22:44489896:T:C
22:44490284:A:G
22:44490285:G:C
22:44490765:C:G
22:44492675:A:G
22:44492790:A:T
22:44492872:A:G
22:44493101:C:T
22:44493321:T:C
22:44493470:A:G
22:44493534:A:G
22:44493564:T:C
22:44494317:A:G
22:44494323:C:T
22:44495406:C:G
22:44495529:G:A
22:44498468:A:G
22:44503197:T:A
22:44503482:T:G
22:44503633:C:A
22:44503719:C:T
22:44505281:A:T
22:44507872:G:A
22:44512474:T:C
22:44512622:T:C
22:44512633:G:C
22:44512684:T:C
22:44512795:A:G
22:44512808:T:C
22:44512848:T:C
22:44513004:T:C
22:44513291:G:A
22:44513372:G:T
22:44513473:T:C
22:44513658:T:C
22:44513829:G:A
22:44514242:A:G
22:44514257:C:T
22:44514267:A:G
22:44514303:A:G
22:44514315:G:A
22:44514674:G:A
22:44514809:C:T
22:44515806:G:C
22:44516381:G:C
22:44517265:C:A
22:44517280:C:T
22:44517438:T:A
22:44517538:C:A
22:44517889:T:C
22:44519414:C:T
22:44519892:C:T
22:44521036:T:G
22:44521125:A:T
22:44521438:C:T
22:44521886:G:C
22:44522312:T:C
22:44522741:A:G
22:44524197:C:A
22:44524270:G:T
22:44524314:C:T
22:44524638:A:G
22:44525091:A:G
22:44525214:G:A
22:44525374:G:A
22:44525500:G:A
22:44525634:T:C
22:44525739:A:G
22:44525798:C:G
22:44526130:A:G
22:44526267:C:T
22:44527714:G:A
22:44527845:A:G
22:44528135:G:A
22:44528146:A:T
22:44530072:A:T
22:44530079:G:A
22:44530201:C:T
22:44530286:G:A
22:44530420:T:C
22:44530844:A:C
22:44531006:C:T
22:44534887:T:A
22:44535208:T:C
22:44537135:G:C
22:44537905:T:C
22:44538370:G:A
22:44538890:C:T
22:44539293:T:C
22:44539902:G:A
22:44540391:G:A
22:44540969:T:C
22:44540972:G:A
22:44541189:C:T
22:44541350:C:A
22:44541359:C:G
22:44541404:A:G
22:44542383:A:G
22:44542873:G:A
22:44543005:C:T
22:44543336:G:A
22:44543436:T:G
22:44543993:G:C
22:44544660:A:G
22:44545356:C:T
22:44545365:T:C
22:44545522:A:G
22:44545545:T:C
22:44547711:T:C
22:44548944:A:G
22:44549620:G:T
22:44549653:G:T
22:44551755:A:G
22:44552752:G:T
22:44552766:T:C
22:44553006:A:C
22:44553011:C:T
22:44553186:C:T
22:44554577:G:C
22:44554779:A:G
22:44554952:A:C
22:44555028:G:A
22:44555444:G:A
22:44555610:G:A
22:44555712:A:T
22:44556101:G:C
22:44557025:A:G
22:44558682:G:C
22:44558718:G:A
22:44558811:T:C
22:44559645:C:T
22:44559842:A:G
22:44559995:G:A
22:44560133:A:T
22:44560573:C:T
22:44561016:C:T
22:44561287:T:C
22:44561418:G:A
22:44562349:A:G
22:44562729:A:G
22:44562838:G:T
22:44563102:C:T
22:44564297:A:C
22:44564402:G:A
22:44565511:G:A
22:44566273:G:A
22:44566434:G:A
22:44566563:C:A
22:44566985:C:T
22:44567644:T:C
22:44567854:G:T
22:44568078:G:A
22:44569142:A:G
22:44569203:G:A
22:44569340:T:C
22:44569346:G:A
22:44569390:G:A
22:44569414:C:A
22:44569532:C:T
22:44569722:C:T
22:44569723:G:A
22:44569980:G:A
22:44571080:C:T
22:44571555:C:T
22:44571565:G:T
22:44571672:G:A
22:44571818:A:G
22:44571826:A:G
22:44571828:C:T
22:44572210:T:G
22:44572281:G:A
22:44572578:G:A
22:44572681:G:A
22:44572793:C:G
22:44572811:A:T
22:44572815:G:A
22:44572833:A:C
22:44573032:C:G
22:44573542:C:T
22:44573620:A:G
22:44573652:A:G
22:44573661:A:G
22:44573755:A:G
22:44574000:A:G
22:44574404:G:A
22:44574547:A:G
22:44574973:A:T
22:44575138:C:G
22:44575578:G:C
22:44575868:A:G
22:44576085:A:G
22:44576132:A:G
22:44576655:G:A
22:44579695:G:A
22:44579831:C:T
22:44580787:A:G
22:44580788:T:A
22:44581403:A:G
22:44581549:G:A
22:44582105:G:A
22:44582136:G:A
22:44582264:G:A
22:44582499:T:C
22:44582820:T:G
22:44583246:A:C
22:44584158:T:C
22:44584857:C:G
22:44585899:T:A
22:44585941:A:G
22:44585958:A:C
22:44586522:C:T
22:44586805:G:A
22:44588459:T:C
22:44588796:G:T
22:44589008:T:C
22:44590992:G:A
22:44592492:T:G
22:44593488:C:G
22:44593624:T:C
22:44594033:T:A
22:44594135:A:G
22:44594209:T:G
22:44594584:C:G
22:44594992:T:A
22:44595239:A:G
22:44595439:C:T
22:44595562:C:A
22:44595591:G:A
22:44595602:C:T
22:44595839:T:C
22:44596085:A:C
22:44596207:G:A
22:44596743:C:A
22:44597302:C:T
22:44597422:C:T
22:44597596:G:A
22:44597747:C:T
22:44597929:G:A
22:44598088:A:G
22:44598301:G:T
22:44598606:C:T
22:44598692:G:A
22:44599123:T:C
22:44599258:C:A
22:44599260:G:A
22:44599452:C:T
22:44599653:G:A
22:44599656:G:A
22:44600135:C:A
22:44600500:C:T
22:44600633:G:C
22:44600652:G:A
22:44600826:C:T
22:44600954:T:C
22:44600995:C:A
22:44601499:C:G
22:44602001:G:T
22:44602229:A:C
22:44602549:A:C
22:44603582:G:A
22:44603684:T:C
22:44603870:T:C
22:44605336:G:C
22:44605407:G:A
22:44605799:A:G
22:44606259:A:G
22:44606842:A:G
22:44607344:A:T
22:44607436:A:G
22:44607514:A:C
22:44607655:C:T
22:44608457:A:C
22:44608612:A:G
22:44609159:A:G
22:44610112:T:C
22:44610726:A:C
22:44610981:G:A
22:44611050:G:T
22:44611222:A:G
22:44611250:C:G
22:44611298:C:T
22:44613103:C:T
22:44613280:T:C
22:44613510:C:T
22:44613522:C:T
22:44613562:G:T
22:44613863:T:C
22:44613973:T:G
22:44614062:G:T
22:44614314:C:T
22:44614353:C:T
22:44614363:C:A
22:44614615:C:A
22:44614653:G:T
22:44615433:A:G
22:44616842:A:G
22:44617257:G:A
22:44617388:C:G
22:44617402:G:A
22:44617455:C:A
22:44617525:C:T
22:44617562:A:G
22:44617643:T:C
22:44617689:T:C
22:44617700:A:G
22:44617796:T:C
22:44617864:A:G
22:44618362:C:T
22:44618602:G:C
22:44618606:A:G
22:44618704:C:T
22:44619577:G:C
22:44619700:A:G
22:44619786:G:A
22:44620584:G:A
22:44620745:A:G
22:44620858:T:C
22:44621766:C:G
22:44622444:G:A
22:44623369:G:A
22:44623509:C:T
22:44623824:T:C
22:44623871:C:T
22:44624502:A:G
22:44624685:C:G
22:44625218:C:T
22:44625259:C:T
22:44625419:T:G
22:44625466:G:A
22:44626164:A:G
22:44629479:T:G
22:44629679:T:A
22:44629809:A:G
22:44629914:C:T
22:44634211:G:T
22:44634619:G:A
22:44635286:A:G
22:44635388:C:A
22:44635829:T:A
22:44639120:T:C
22:44641315:T:C
22:44643624:A:G
22:44645332:G:A
22:44645447:G:C
22:44645731:T:A
22:44645915:C:G
22:44645984:A:G
22:44646028:A:G
22:44646105:A:G
22:44646119:C:T
22:44647058:G:A
22:44647223:G:T
22:44647821:C:T
22:44649830:C:T
22:44650173:A:G
22:44651072:T:A
22:44651571:T:G
22:44652157:T:C
22:44652886:C:T
22:44654963:T:A
22:44656489:A:G
22:44656581:C:T
22:44656693:T:C
22:44656751:C:T
22:44656768:C:T
22:44657612:G:A
22:44657628:C:T
22:44658268:C:T
22:44660808:C:T
22:44660864:C:A
22:44661253:T:C
22:44661850:C:A
22:44662621:T:C
22:44662715:G:A
22:44662971:T:G
22:44664311:A:G
22:44664448:T:C
22:44664866:G:A
22:44666676:G:A
22:44666892:A:G
22:44667156:C:A
22:44667314:G:A
22:44669028:T:C
22:44670216:A:G
22:44671301:A:G
22:44671932:T:C
22:44671960:C:T
22:44672019:A:C
22:44672548:T:C
22:44672766:C:G
22:44673084:C:T
22:44674002:T:C
22:44674481:T:C
22:44674968:C:A
22:44675172:A:G
22:44675942:C:T
22:44676087:A:G
22:44677081:T:C
22:44677120:G:A
22:44677276:T:C
22:44677429:G:T
22:44677647:A:G
22:44678405:T:C
22:44678726:G:A
22:44678727:C:T
22:44678846:G:C
22:44678917:G:C
22:44678933:T:C
22:44679762:A:G
22:44680625:C:G
22:44681612:A:G
22:44684039:A:G
22:44684979:A:G
22:44685618:G:A
22:44688649:T:C
22:44689237:A:G
22:44689355:A:C
22:44691161:A:G
22:44691640:A:G
22:44692854:T:C
22:44693518:T:C
22:44694612:A:T
22:44694645:G:C
22:44694676:G:A
22:44695050:C:T
22:44695088:C:T
22:44696374:T:C
22:44697280:A:G
22:44697742:A:G
22:44699432:A:G
22:44699433:C:T
22:44699533:T:A
22:44699557:G:A
22:44699621:G:A
22:44699823:C:T
22:44699947:A:T
22:44700423:C:T
22:44700538:A:G
22:44700587:G:A
22:44700628:G:C
22:44700659:C:T
22:44700730:T:A
22:44701046:C:G
22:44701093:C:T
22:44701372:C:T
22:44701461:C:G
22:44701693:C:T
22:44703019:C:T
22:44703125:C:T
22:44703234:G:T
22:44703502:G:A
22:44704613:A:G
22:44705073:T:C
22:44705254:C:T
22:44705361:T:G
22:44706814:A:G
22:44707026:A:G
22:44707067:C:T
22:44708655:T:C
22:44708987:G:C
22:44709080:T:A
22:44709145:C:A
22:44709875:G:A
22:44710758:T:C
22:44710894:A:G
22:44711266:G:C
22:44711316:T:C
22:44715503:C:T
22:44715797:C:T
22:44715824:G:A
22:44716215:C:G
22:44716276:G:T
22:44716285:C:G
22:44716487:A:C
22:44716752:T:C
22:44716798:C:T
22:44716931:A:G
22:44718168:T:C
22:44718404:T:C
22:44718472:C:G
22:44719799:A:G
22:44721172:G:C
22:44723271:C:A
22:44724125:A:C
22:44724868:C:T
22:44725057:G:A
22:44725190:G:A
22:44725640:G:A
22:44726542:T:A
22:44726942:C:A
22:44729790:C:T
22:44730237:G:A
22:44730492:G:T
22:44730714:G:A
22:44730744:C:G
22:44731003:G:A
22:44732786:C:G
22:44733001:T:A
22:44733247:T:A
22:44733354:C:T
22:44733398:G:C
22:44733929:T:G
22:44735347:C:A
22:44735500:T:C
22:44735666:T:C
22:44735708:T:C
22:44735772:G:A
22:44735867:T:C
22:44736263:G:T
22:44737480:C:A
22:44737646:T:G
22:44737766:A:G
22:44737788:G:T
22:44738043:A:T
22:44738084:C:G
22:44738130:A:G
22:44738270:T:C
22:44738406:A:G
22:44739132:G:A
22:44739194:G:A
22:44739310:G:A
22:44739462:A:C
22:44740415:C:T
22:44740527:A:G
22:44740579:C:T
22:44740724:G:A
22:44740938:G:A
22:44741271:A:G
22:44742761:C:G
22:44742944:C:T
22:44743195:T:C
22:44743911:T:C
22:44744067:C:G
22:44744080:T:C
22:44744200:T:C
22:44744315:A:G
22:44744706:A:G
22:44744884:G:A
22:44745141:T:C
22:44745149:T:C
22:44745694:C:A
22:44745720:C:A
22:44746064:C:T
22:44746171:A:G
22:44746729:G:A
22:44746740:A:G
22:44747100:C:T
22:44747334:C:T
22:44748645:C:G
22:44748721:A:G
22:44748926:G:C
22:44750010:G:A
22:44750210:G:A
22:44751105:G:A
22:44751158:A:G
22:44751689:T:C
22:44752006:G:A
22:44752302:T:C
22:44752950:T:C
22:44753219:G:A
22:44753351:T:C
22:44753526:C:T
22:44754963:G:A
22:44755046:G:C
22:44755279:G:A
22:44755500:C:T
22:44755709:G:A
22:44756471:C:T
22:44756673:G:A
22:44756803:G:A
22:44757303:T:C
22:44757309:T:A
22:44757439:G:A
22:44759155:G:T
22:44759514:C:T
22:44759519:A:G
22:44760501:C:T
22:44760681:C:T
22:44760732:C:T
22:44760984:C:T
22:44761014:G:C
22:44761048:G:A
22:44761253:A:T
22:44761314:C:T
22:44761382:G:A
22:44761797:T:A
22:44762762:A:G
22:44762977:G:A
22:44762981:T:C
22:44763277:T:C
22:44763352:G:C
22:44763357:A:G
22:44763391:A:G
22:44763606:G:A
22:44763651:A:G
22:44763752:G:A
22:44763799:G:A
22:44763848:A:G
22:44764285:T:C
22:44764401:T:C
22:44764565:C:G
22:44764652:G:C
22:44765525:G:A
22:44765815:T:C
22:44765999:C:T
22:44766023:T:G
22:44766864:G:T
22:44767363:C:G
22:44767374:G:A
22:44767457:T:C
22:44767470:C:A
22:44767582:G:A
22:44767890:C:T
22:44767979:G:A
22:44768046:C:G
22:44768492:C:G
22:44768493:A:G
22:44768790:A:G
22:44768831:G:C
22:44769440:T:C
22:44769535:T:C
22:44769559:C:A
22:44769667:C:T
22:44769731:A:G
22:44770040:A:T
22:44770126:G:A
22:44770296:T:A
22:44770316:A:G
22:44770500:T:A
22:44771324:T:C
22:44771618:G:T
22:44771763:T:C
22:44771947:T:C
22:44771948:G:T
22:44772422:A:G
22:44772609:G:C
22:44772640:T:C
22:44773055:A:G
22:44773398:C:T
22:44773543:C:G
22:44773864:G:T
22:44773871:A:G
22:44774221:A:C
22:44774482:G:A
22:44774487:T:C
22:44774700:T:C
22:44774868:C:T
22:44774901:C:T
22:44775695:C:T
22:44775730:T:C
22:44776626:A:C
22:44777740:C:A
22:44777866:G:C
22:44778010:A:G
22:44778326:A:G
22:44778329:G:A
22:44778354:A:G
22:44778538:T:C
22:44778738:A:G
22:44778771:G:A
22:44778977:T:A
22:44779303:G:A
22:44779386:T:A
22:44780017:G:A
22:44781181:G:A
22:44781193:A:G
22:44781410:G:A
22:44781711:A:G
22:44781916:T:A
22:44782265:T:C
22:44782786:G:A
22:44783779:A:G
22:44784379:A:C
22:44784823:C:T
22:44784847:A:G
22:44784940:C:T
22:44784953:A:G
22:44785051:C:G
22:44785232:G:C
22:44785304:G:A
22:44786186:A:T
22:44786240:A:G
22:44786364:G:A
22:44786552:T:G
22:44786553:G:C
22:44786832:T:A
22:44787383:G:A
22:44787515:G:A
22:44788230:G:A
22:44788353:G:A
22:44788373:C:T
22:44788560:T:A
22:44788712:C:G
22:44788913:C:T
22:44789059:C:T
22:44789206:G:C
22:44789369:T:G
22:44789517:G:A
22:44790437:G:A
22:44790749:C:T
22:44791343:A:G
22:44791538:A:G
22:44791579:C:G
22:44791606:A:G
22:44791704:G:C
22:44791807:T:C
22:44791950:G:A
22:44792128:C:T
22:44792489:G:A
22:44794833:G:C
22:44796135:G:C
22:44796136:G:T
22:44796357:G:C
22:44797723:C:A
22:44797814:G:C
22:44798310:G:A
22:44798646:C:T
22:44799094:T:G
22:44799249:A:T
22:44800014:C:T
22:44800639:G:C
22:44800640:A:G
22:44801226:G:C
22:44803990:T:C
22:44804203:C:T
22:44804471:T:C
22:44804475:G:A
22:44805830:C:T
22:44806621:A:G
22:44807473:A:G
22:44807585:A:G
22:44807977:A:C
22:44808134:C:G
22:44809536:G:A
22:44809665:C:A
22:44809714:T:A
22:44811065:C:T
22:44811075:T:C
22:44811422:C:G
22:44811744:C:T
22:44811762:C:T
22:44811929:C:T
22:44812036:G:A
22:44812535:A:G
22:44813655:C:A
22:44814180:A:G
22:44814337:A:G
22:44814706:G:A
22:44814793:A:G
22:44815213:A:G
22:44815486:A:G
22:44816199:C:G
22:44816777:A:G
22:44816956:A:T
22:44816990:T:C
22:44816993:C:A
22:44817122:T:C
22:44817623:C:T
22:44817844:C:T
22:44817893:A:G
22:44817955:C:T
22:44818050:G:A
22:44818108:C:T
22:44818636:G:A
22:44818780:C:T
22:44818895:G:A
22:44818900:T:C
22:44820796:A:G
22:44820910:A:T
22:44821077:C:G
22:44821240:A:G
22:44821595:G:T
22:44821815:G:T
22:44823006:G:A
22:44823050:C:A
22:44823095:A:C
22:44823127:T:C
22:44823445:G:A
22:44823657:G:A
22:44823854:C:T
22:44824332:A:C
22:44824399:C:T
22:44824999:G:C
22:44825166:A:C
22:44825279:C:A
22:44825330:G:A
22:44828536:G:A
22:44830242:G:T
22:44830840:T:C
22:44831184:A:C
22:44831663:C:T
22:44832657:G:C
22:44833082:G:A
22:44833249:A:C
22:44833455:T:C
22:44833580:T:C
22:44833903:A:G
22:44833973:C:A
22:44834188:T:C
22:44834292:G:T
22:44834394:A:C
22:44834451:T:C
22:44834693:A:G
22:44834707:C:A
22:44835076:T:C
22:44835093:A:G
22:44835575:C:T
22:44835908:G:T
22:44835936:G:A
22:44835978:G:T
22:44836139:G:A
22:44836152:T:C
22:44836249:A:C
22:44836301:C:T
22:44836364:C:G
22:44836388:T:G
22:44836651:A:C
22:44836714:T:C
22:44836723:T:C
22:44836877:C:A
22:44837038:G:A
22:44837230:G:A
22:44837512:G:A
22:44837558:C:T
22:44837683:G:T
22:44837718:G:A
22:44837906:G:A
22:44838004:T:G
22:44838033:T:C
22:44838043:G:A
22:44838075:G:A
22:44838469:T:G
22:44838514:T:C
22:44838670:A:G
22:44838800:T:C
22:44838812:A:C
22:44840686:A:G
22:44840720:T:C
22:44841288:C:T
22:44841310:T:C
22:44842135:G:A
22:44842354:A:C
22:44842511:A:G
22:44842841:G:A
22:44843250:G:A
22:44844150:A:T
22:44844243:G:C
22:44844248:G:A
22:44844280:T:C
22:44844745:T:C
22:44844795:C:T
22:44845407:C:T
22:44845654:C:T
22:44845700:G:A
22:44846172:A:G
22:44846656:G:A
22:44848368:G:A
22:44849418:T:C
22:44849561:C:T
22:44850440:C:T
22:44851090:A:C
22:44851458:A:G
22:44851766:C:G
22:44851821:C:T
22:44852717:G:A
22:44855230:C:T
22:44855495:C:G
22:44855856:G:A
22:44855899:A:G
22:44856085:T:C
22:44856378:A:C
22:44857119:T:C
22:44859319:A:T
22:44859916:A:C
22:44864945:A:T
22:44866191:A:T
22:44866786:A:G
22:44868044:T:C
22:44869030:A:G
22:44869952:G:A
22:44870957:G:T
22:44871025:T:A
22:44871273:T:A
22:44871830:T:G
22:44871874:T:C
22:44872961:G:C
22:44874645:T:C
22:44875652:T:C
22:44875965:G:A
22:44876502:G:A
22:44877372:G:A
22:44878764:T:G
22:44880526:T:G
22:44881080:A:G
22:44881127:G:A
22:44881837:G:T
22:44881968:C:T
22:44882231:C:A
22:44883779:C:T
22:44883854:G:C
22:44884524:T:C
22:44884552:G:A
22:44885144:C:T
22:44885590:A:G
22:44886297:G:T
22:44886648:C:T
22:44887714:A:T
22:44887818:G:T
22:44888124:C:T
22:44888205:T:C
22:44888920:G:C
22:44889342:G:C
22:44889386:C:T
22:44889997:G:A
22:44890192:T:G
22:44890845:C:G
22:44891247:A:G
22:44891370:T:C
22:44891722:A:G
22:44891873:A:G
22:44891940:C:T
22:44892049:G:A
22:44892050:A:T
22:44892058:G:A
22:44892135:A:G
22:44892551:G:C
22:44893563:A:G
22:44894913:A:G
22:44896001:A:T
22:44896225:T:C
22:44896339:C:T
22:44897711:G:A
22:44898190:G:A
22:44898338:G:T
22:44898745:C:T
22:44900431:G:A
22:44902414:A:G
22:44902759:A:G
22:44906402:A:G
22:44908678:G:A
22:44908708:T:C
22:44908894:C:T
22:44908999:C:T
22:44909045:A:G
22:44910117:T:C
22:44911287:C:T
22:44911669:C:T
22:44914354:A:G
22:44914604:C:T
22:44914711:A:G
22:44915203:T:C
22:44915217:A:G
22:44915251:T:C
22:44915530:T:G
22:44915533:G:A
22:44917646:G:T
22:44917843:C:A
22:44917849:A:G
22:44918028:G:A
22:44919599:C:T
22:44920999:G:A
22:44921063:G:A
22:44921554:G:A
22:44921575:G:C
22:44921706:A:C
22:44922248:C:T
22:44922275:G:A
22:44922321:G:A
22:44922347:G:A
22:44922359:T:G
22:44922408:G:A
22:44922424:C:T
22:44922455:G:A
22:44922726:G:A
22:44922759:C:T
22:44922761:A:G
22:44922843:C:A
22:44923080:G:A
22:44923082:T:C
22:44923160:T:C
22:44923371:C:T
22:44924292:A:G
22:44924370:T:C
22:44924394:G:A
22:44924441:G:A
22:44924633:T:C
22:44924894:T:C
22:44925097:T:C
22:44925328:A:G
22:44925334:C:T
22:44925512:T:C
22:44925725:G:A
22:44925925:G:T
22:44925926:G:C
22:44926003:A:G
22:44926018:A:T
22:44926458:A:G
22:44926676:C:T
22:44927952:G:A
22:44928369:A:G
22:44928436:T:C
22:44928733:G:A
22:44928840:C:T
22:44929216:A:C
22:44929432:C:T
22:44929974:A:G
22:44930087:A:G
22:44930247:G:A
22:44930386:C:T
22:44930395:G:A
22:44930460:C:G
22:44930465:C:A
22:44930479:T:G
22:44931795:G:A
22:44932322:T:A
22:44932537:G:T
22:44932581:A:T
22:44933077:T:A
22:44933114:G:T
22:44933133:G:T
22:44933336:T:C
22:44933382:G:A
22:44933408:G:C
22:44933412:G:C
22:44933883:C:T
22:44933987:C:T
22:44934009:G:C
22:44934539:G:A
22:44934672:A:G
22:44934852:C:T
22:44934955:G:C
22:44935231:A:G
22:44936336:A:G
22:44936417:C:T
22:44936483:T:C
22:44936643:C:T
22:44936728:C:T
22:44937291:G:A
22:44937441:G:A
22:44937483:T:C
22:44937707:A:C
22:44937711:G:A
22:44939092:C:A
22:44939197:G:A
22:44939242:C:T
22:44939938:C:A
22:44940363:G:A
22:44940501:A:G
22:44940564:C:T
22:44941131:C:T
22:44941611:G:C
22:44941846:G:A
22:44941891:G:T
22:44942067:T:A
22:44942492:T:C
22:44942756:T:C
22:44942850:G:A
22:44942879:A:G
22:44943014:C:A
22:44943103:A:G
22:44943133:T:C
22:44943314:G:C
22:44944926:C:G
22:44946729:C:G
22:44946737:A:G
22:44946783:A:G
22:44947361:G:C
22:44947908:A:G
22:44948097:T:G
22:44951267:C:A
22:44953500:A:G
22:44955924:A:G
22:44956829:A:G
22:44956835:A:C
22:44959322:T:A
22:44959837:T:C
22:44960043:T:C
22:44960230:T:A
22:44960654:A:G
22:44961161:A:C
22:44961335:A:T
22:44961475:C:T
22:44962655:T:G
22:44963024:C:A
22:44964555:A:C
22:44965113:T:C
22:44965320:G:A
22:44965364:A:G
22:44965740:G:T
22:44966127:A:G
22:44967767:C:G
22:44968530:G:A
22:44970425:C:A
22:44972864:G:A
22:44972880:C:T
22:44973163:G:C
22:44973337:A:C
22:44973368:C:G
22:44973582:T:C
22:44973739:A:G
22:44973794:C:G
22:44974010:T:C
22:44974493:C:T
22:44974575:T:C
22:44974610:T:C
22:44974738:G:A
22:44974767:C:A
22:44974888:T:C
22:44975213:C:T
22:44975266:C:T
22:44975336:A:G
22:44975604:A:G
22:44975744:C:T
22:44976340:T:C
22:44976358:T:G
22:44978713:T:C
22:44978723:C:A
22:44979388:C:A
22:44979460:C:T
22:44979590:C:T
22:44979615:C:G
22:44980142:T:G
22:44980838:A:G
22:44980840:G:A
22:44980963:A:G
22:44981326:A:C
22:44981757:A:G
22:44985316:C:T
22:44985859:C:G
22:44985932:G:C
22:44986409:C:T
22:44987164:T:G
22:44987577:A:G
22:44988209:T:C
22:44988595:T:G
22:44989400:G:T
22:44993729:G:A
22:44994468:T:C
22:44996325:T:A
22:44996472:A:G
22:45000147:G:A
22:45001390:T:C
22:45002492:A:C
22:45002548:G:A
22:45003109:G:A
22:45003427:C:A
22:45003748:T:C
22:45003878:T:C
22:45004355:C:T
22:45004972:A:G
22:45005361:A:G
22:45005487:C:T
22:45005861:G:A
22:45006276:C:G
22:45006830:T:C
22:45007266:C:T
22:45007276:A:G
22:45007348:A:G
22:45007468:G:T
22:45007563:G:C
22:45007600:C:T
22:45007914:A:G
22:45007930:G:A
22:45009075:A:T
22:45009192:C:G
22:45009295:A:G
22:45009362:A:G
22:45009992:G:A
22:45010315:T:G
22:45010369:C:T
22:45011583:G:C
22:45011858:C:A
22:45011952:G:A
22:45012097:G:A
22:45013019:T:C
22:45013732:C:T
22:45013883:T:A
22:45013910:G:C
22:45014135:C:T
22:45014480:A:G
22:45014765:T:C
22:45014766:G:A
22:45014791:A:G
22:45014858:T:C
22:45016637:C:G
22:45016704:T:A
22:45016867:C:T
22:45016921:C:T
22:45016982:G:C
22:45017528:G:C
22:45018181:G:A
22:45018447:A:C
22:45020348:A:G
22:45020588:G:A
22:45020748:T:C
22:45021067:G:A
22:45021773:G:A
22:45021821:T:G
22:45021847:C:T
22:45022625:C:T
22:45022668:G:A
22:45023653:G:A
22:45026504:G:A
22:45030327:T:C
22:45031163:G:A
22:45033713:T:C
22:45034074:T:A
22:45034600:T:C
22:45035446:G:A
22:45038965:A:G
22:45041340:C:T
22:45041675:G:C
22:45042238:C:G
22:45043436:G:A
22:45043666:A:G
22:45047535:T:C
22:45047827:C:G
22:45050976:C:T
22:45050977:G:A
22:45051196:C:G
22:45054542:G:A
22:45054561:G:A
22:45054904:A:G
22:45055123:G:A
22:45055584:C:T
22:45057826:C:T
22:45058431:T:C
22:45058725:T:C
22:45058770:C:T
22:45059248:G:A
22:45059909:C:T
22:45059954:A:C
22:45059964:A:G
22:45061147:A:C
22:45062781:G:A
22:45063495:A:G
22:45063743:C:T
22:45065761:C:G
22:45065866:G:A
22:45065994:T:G
22:45066002:G:A
22:45066035:G:A
22:45066071:T:A
22:45066714:T:C
22:45069191:T:C
22:45069410:C:T
22:45072529:A:T
22:45073575:C:T
22:45073584:G:A
22:45074069:G:A
22:45074097:G:C
22:45074565:C:T
22:45075015:C:G
22:45075016:G:A
22:45075303:A:G
22:45075738:T:C
22:45075854:G:A
22:45075871:C:T
22:45076044:G:A
22:45076280:G:T
22:45076306:A:T
22:45076451:C:T
22:45076589:C:T
22:45076770:A:G
22:45077861:C:T
22:45078143:G:A
22:45078177:G:A
22:45078240:T:G
22:45078354:G:A
22:45078443:G:A
22:45078454:C:T
22:45078460:G:A
22:45078496:G:A
22:45078517:C:A
22:45078578:C:T
22:45078601:T:C
22:45078618:C:T
22:45078742:G:A
22:45079237:T:C
22:45079804:A:G
22:45079808:C:G
22:45079901:C:T
22:45079902:C:G
22:45079927:C:G
22:45079974:G:T
22:45079980:G:A
22:45080124:G:A
22:45080483:T:G
22:45080502:A:G
22:45080508:G:A
22:45080543:T:G
22:45080649:A:G
22:45080989:T:C
22:45081259:C:G
22:45081330:A:G
22:45081398:G:C
22:45081571:G:A
22:45081786:G:A
22:45082144:G:A
22:45082145:A:G
22:45082168:A:C
22:45083273:T:A
22:45084907:G:A
22:45085018:C:A
22:45085284:T:C
22:45086908:C:T
22:45087243:G:A
22:45090008:A:G
22:45090565:A:G
22:45091375:G:A
22:45092955:C:T
22:45094547:C:T
22:45095527:C:T
22:45096222:A:G
22:45100997:A:G
22:45103486:C:T
22:45103635:C:A
22:45106786:G:A
22:45107125:A:G
22:45107129:G:A
22:45107925:C:T
22:45108192:A:G
22:45108257:C:T
22:45108284:T:C
22:45108345:G:A
22:45108364:C:T
22:45108403:G:A
22:45109103:G:A
22:45109666:C:T
22:45110732:T:C
22:45110765:T:C
22:45110876:A:G
22:45111105:A:G
22:45111234:T:C
22:45111277:G:A
22:45111320:G:A
22:45111781:A:G
22:45112306:A:G
22:45112314:G:A
22:45112343:G:C
22:45112380:C:A
22:45112963:T:C
22:45114848:C:T
22:45115022:T:C
22:45115399:A:G
22:45115484:G:A
22:45115532:T:C
22:45115579:A:G
22:45115757:C:T
22:45115904:G:A
22:45116048:C:T
22:45116127:G:A
22:45116170:G:A
22:45116171:G:A
22:45116191:C:T
22:45116203:A:G
22:45116244:C:A
22:45116441:A:G
22:45116450:G:A
22:45116494:G:A
22:45116664:T:C
22:45116977:C:A
22:45117434:T:C
22:45117556:C:A
22:45118533:T:G
22:45118624:G:T
22:45122866:C:G
22:45123503:G:C
22:45123746:C:G
22:45123977:G:C
22:45124036:A:G
22:45124295:A:C
22:45124350:C:T
22:45124595:T:G
22:45124846:C:T
22:45124895:A:G
22:45125310:G:A
22:45125757:G:A
22:45126427:T:C
22:45126638:G:T
22:45127435:G:T
22:45130373:A:G
22:45130428:G:T
22:45130466:G:A
22:45131239:C:T
22:45131462:T:A
22:45131533:C:G
22:45131555:T:G
22:45132323:A:G
22:45132359:G:T
22:45132506:G:A
22:45132535:C:T
22:45133238:A:G
22:45133340:G:A
22:45133657:T:C
22:45133772:G:A
22:45134049:G:C
22:45134339:A:G
22:45134548:C:T
22:45134565:A:G
22:45134861:C:G
22:45134981:G:A
22:45135071:G:A
22:45135264:A:G
22:45135273:G:A
22:45135313:T:C
22:45135790:G:A
22:45135932:T:C
22:45135940:C:A
22:45135967:G:C
22:45135999:G:A
22:45139506:T:C
22:45140028:A:C
22:45140077:G:A
22:45141380:A:G
22:45141389:G:A
22:45142177:A:G
22:45143384:A:G
22:45146224:A:C
22:45147278:A:G
22:45147760:A:G
22:45148968:G:A
22:45148983:C:A
22:45149541:A:G
22:45149585:G:A
22:45149613:A:C
22:45149619:G:A
22:45150077:G:A
22:45150093:T:C
22:45150130:C:T
22:45150480:T:C
22:45150659:C:T
22:45150810:G:C
22:45150817:A:C
22:45150833:C:G
22:45150907:T:C
22:45150999:C:G
22:45151046:T:C
22:45151054:C:A
22:45151454:C:T
22:45151659:A:T
22:45151739:T:A
22:45152164:T:C
22:45152787:C:T
22:45152788:G:T
22:45153863:T:C
22:45154831:C:A
22:45155288:C:T
22:45156255:C:T
22:45156774:C:G
22:45157213:C:T
22:45158028:T:C
22:45160232:G:C
22:45160622:G:T
22:45161993:G:A
22:45162117:G:A
22:45163228:C:T
22:45166701:A:G
22:45169376:C:T
22:45169471:T:G
22:45169772:C:A
22:45171263:G:A
22:45173005:C:T
22:45173060:C:T
22:45176709:G:A
22:45176723:G:A
22:45176778:T:G
22:45177003:A:G
22:45177040:C:G
22:45178447:C:T
22:45178470:C:T
22:45178529:T:C
22:45178740:G:A
22:45178745:G:A
22:45178783:C:G
22:45178823:T:C
22:45179079:C:G
22:45179228:G:A
22:45179384:A:G
22:45179391:C:G
22:45179433:C:G
22:45179745:G:C
22:45180366:G:A
22:45180479:C:G
22:45180510:A:G
22:45180554:G:A
22:45180650:C:T
22:45180868:T:C
22:45180911:A:G
22:45180939:T:C
22:45180944:A:G
22:45181011:G:C
22:45181255:G:A
22:45181545:A:G
22:45181795:C:T
22:45182076:G:A
22:45182104:T:C
22:45183014:A:G
22:45183918:G:A
22:45184783:C:T
22:45185438:C:T
22:45187219:A:G
22:45187232:A:C
22:45189238:G:A
22:45189239:G:A
22:45189299:G:A
22:45189346:C:A
22:45189388:T:G
22:45189402:G:A
22:45189449:A:G
22:45189463:T:C
22:45189507:C:A
22:45189871:G:A
22:45189889:T:C
22:45190056:C:T
22:45191054:C:G
22:45191452:G:A
22:45191504:C:T
22:45191958:G:A
22:45192234:G:C
22:45192466:C:T
22:45192660:G:A
22:45192793:C:G
22:45192811:G:A
22:45192972:G:A
22:45194531:A:G
22:45194849:G:C
22:45195207:A:G
22:45197749:G:A
22:45198009:A:G
22:45198547:A:G
22:45198924:G:A
22:45199058:G:A
22:45199367:G:A
22:45199719:T:C
22:45200867:G:A
22:45200987:C:T
22:45201080:A:G
22:45202172:C:T
22:45202239:G:A
22:45202328:C:T
22:45203533:C:T
22:45203943:C:T
22:45203993:A:G
22:45204107:C:T
22:45205323:C:T
22:45205524:G:A
22:45205527:T:C
22:45205728:A:G
22:45205827:A:G
22:45205923:C:T
22:45206061:T:C
22:45206779:C:T
22:45207538:T:G
22:45207555:C:G
22:45207597:T:C
22:45207782:T:C
22:45208585:G:C
22:45209917:G:A
22:45210666:G:A
22:45211932:C:T
22:45213262:G:A
22:45213545:G:A
22:45213867:T:C
22:45214423:C:T
22:45215613:C:G
22:45216340:C:T
22:45216668:C:T
22:45219187:G:A
22:45220994:G:A
22:45221043:G:A
22:45221062:G:T
22:45221423:A:T
22:45222342:C:G
22:45223760:T:C
22:45223887:G:T
22:45225247:T:G
22:45225297:T:C
22:45225675:T:A
22:45226561:T:C
22:45226984:C:T
22:45226985:G:A
22:45226990:A:G
22:45227123:T:C
22:45227131:G:A
22:45227167:T:C
22:45227172:C:T
22:45227273:C:T
22:45227827:C:G
22:45229798:A:G
22:45230436:C:T
22:45231099:T:C
22:45231570:G:A
22:45231681:G:T
22:45231697:T:C
22:45231758:G:T
22:45231883:T:C
22:45231892:A:G
22:45232572:A:C
22:45232757:T:C
22:45233519:A:T
22:45233718:T:C
22:45234739:A:G
22:45234755:A:G
22:45235303:C:T
22:45235477:C:G
22:45236613:G:A
22:45236615:C:G
22:45236687:G:A
22:45237092:A:G
22:45237570:C:G
22:45237686:G:A
22:45238437:C:T
22:45238458:C:A
22:45240091:C:A
22:45240256:T:G
22:45241632:A:G
22:45241702:G:A
22:45242035:C:T
22:45242240:G:A
22:45242804:C:G
22:45243034:C:T
22:45243239:C:T
22:45243493:G:A
22:45243771:G:A
22:45243780:G:A
22:45244001:C:T
22:45244641:G:T
22:45244930:C:T
22:45245359:C:T
22:45245850:C:G
22:45245876:G:C
22:45246250:C:G
22:45246306:G:C
22:45246471:T:C
22:45246633:A:G
22:45247013:C:T
22:45247054:C:T
22:45247063:A:T
22:45247175:A:G
22:45247191:A:T
22:45247215:C:T
22:45248214:C:T
22:45248283:C:T
22:45251460:G:C
22:45253079:G:C
22:45253321:C:G
22:45253333:A:G
22:45253629:C:G
22:45253636:A:G
22:45253673:C:G
22:45253710:G:T
22:45253718:T:C
22:45255436:C:G
22:45255460:G:A
22:45255484:A:C
22:45255527:A:C
22:45255637:G:C
22:45255727:G:C
22:45255769:C:T
22:45255771:G:C
22:45255779:A:G
22:45257199:C:G
22:45257245:C:G
22:45257371:C:T
22:45257617:G:C
22:45257747:T:C
22:45257808:C:G
22:45257815:G:C
22:45257828:G:C
22:45257847:C:T
22:45257942:C:T
22:45258324:C:T
22:45258539:G:A
22:45258614:G:C
22:45258650:A:C
22:45258781:C:A
22:45258886:C:G
22:45259082:A:G
22:45259209:G:A
22:45259235:G:A
22:45259272:G:C
22:45260693:T:C
22:45260726:A:G
22:45260748:A:G
22:45260892:A:G
22:45260956:C:T
22:45261209:G:C
22:45261309:C:A
22:45261328:C:T
22:45261513:C:T
22:45261723:A:G
22:45261890:G:A
22:45263307:A:T
22:45263511:C:T
22:45263537:C:T
22:45264383:G:A
22:45264520:C:T
22:45264528:G:A
22:45264625:G:A
22:45271216:G:T
22:45272919:G:C
22:45273178:G:C
22:45274489:C:G
22:45274695:T:C
22:45276346:C:T
22:45276866:G:A
22:45276881:T:C
22:45276966:C:T
22:45277664:G:T
22:45277702:A:G
22:45277826:G:T
22:45278065:A:T
22:45278109:G:A
22:45278187:A:T
22:45278499:C:T
22:45278693:C:T
22:45278712:A:G
22:45279320:A:G
22:45279498:C:T
22:45281070:G:C
22:45283897:C:T
22:45284727:A:G
22:45285070:A:G
22:45285805:G:C
22:45286318:A:C
22:45286486:G:A
22:45287076:A:C
22:45287420:A:G
22:45287989:C:G
22:45291176:T:A
22:45295488:T:G
22:45297872:T:C
22:45301190:C:T
22:45301457:C:T
22:45302662:G:A
22:45303125:C:T
22:45304058:G:A
22:45304481:C:T
22:45304850:T:C
22:45305136:A:G
22:45305265:G:A
22:45305362:G:A
22:45305856:C:T
22:45306508:A:G
22:45306513:G:C
22:45306825:C:A
22:45307313:T:G
22:45307733:A:G
22:45308878:G:A
22:45309653:C:T
22:45311664:C:T
22:45311891:G:A
22:45312113:T:C
22:45312244:G:A
22:45312631:A:G
22:45312673:A:T
22:45312927:G:A
22:45313200:C:T
22:45313555:C:T
22:45313755:A:C
22:45314246:C:T
22:45314412:C:T
22:45314924:C:T
22:45315232:G:T
22:45315441:G:A
22:45315844:A:G
22:45315932:C:T
22:45316507:T:A
22:45316747:C:A
22:45316790:T:A
22:45318725:G:A
22:45318820:A:G
22:45319317:T:C
22:45319678:T:G
22:45320209:G:A
22:45320391:T:C
22:45320498:A:T
22:45320631:G:A
22:45321563:T:C
22:45321989:C:T
22:45322493:T:C
22:45323839:G:C
22:45323933:A:C
22:45323989:C:T
22:45325461:T:C
22:45325557:G:A
22:45326111:C:T
22:45326543:G:C
22:45326561:C:T
22:45327223:G:A
22:45327523:G:T
22:45327677:T:G
22:45328225:G:T
22:45329812:G:A
22:45330235:G:A
22:45330439:G:A
22:45330934:G:A
22:45331762:G:A
22:45331817:T:C
22:45332051:T:C
22:45332310:C:G
22:45332382:A:C
22:45332676:C:T
22:45333160:C:T
22:45333182:G:A
22:45333574:T:C
22:45333926:T:C
22:45335404:C:A
22:45335970:A:G
22:45336943:C:T
22:45337145:A:C
22:45337211:G:A
22:45337329:C:T
22:45337393:T:C
22:45337892:T:G
22:45337943:G:A
22:45339063:C:A
22:45339110:C:T
22:45339200:C:T
22:45339209:G:A
22:45339473:G:A
22:45340485:G:A
22:45342221:T:A
22:45342309:C:T
22:45342825:A:G
22:45343157:C:T
22:45343409:G:T
22:45343648:C:T
22:45345833:A:G
22:45346294:C:A
22:45346339:A:G
22:45346895:G:A
22:45346918:C:T
22:45348316:G:C
22:45348592:A:G
22:45348818:T:C
22:45349477:C:G
22:45350663:G:A
22:45351030:T:C
22:45351774:A:G
22:45352202:G:A
22:45352219:A:G
22:45352287:T:G
22:45352969:G:A
22:45353108:A:G
22:45353296:A:G
22:45353413:T:C
22:45355050:G:C
22:45355198:A:C
22:45355863:C:G
22:45358819:T:C
22:45359429:A:G
22:45359716:C:A
22:45360885:G:A
22:45362162:T:A
22:45362884:G:A
22:45363855:G:A
22:45364025:C:G
22:45368412:G:A
22:45369469:G:A
22:45370385:G:A
22:45371568:G:A
22:45371597:G:C
22:45372925:G:C
22:45375259:G:A
22:45377942:G:A
22:45379621:T:C
22:45382610:C:T
22:45383230:G:A
22:45383939:T:C
22:45386409:C:T
22:45387786:A:T
22:45388501:C:A
22:45390276:G:A
22:45390336:G:A
22:45390532:C:T
22:45390839:C:T
22:45395282:A:G
22:45395770:C:T
22:45395975:G:T
22:45396342:C:T
22:45396440:A:G
22:45397372:T:C
22:45397719:C:T
22:45398758:G:A
22:45398859:G:A
22:45400119:A:G
22:45401243:A:G
22:45406391:A:G
22:45406527:T:C
22:45406533:C:T
22:45407118:C:T
22:45407499:T:C
22:45408133:T:C
22:45408177:G:A
22:45408406:T:G
22:45408407:G:A
22:45408449:G:A
22:45408486:G:A
22:45408648:G:T
22:45409136:C:T
22:45410347:G:C
22:45410483:G:C
22:45410761:G:A
22:45412258:G:A
22:45412407:A:G
22:45412866:T:C
22:45413065:C:G
22:45413112:A:G
22:45413299:C:G
22:45413404:A:G
22:45413429:G:C
22:45415115:G:A
22:45415272:T:C
22:45415276:G:T
22:45415411:C:G
22:45415412:T:C
22:45415430:C:A
22:45415832:T:C
22:45415847:A:G
22:45415897:C:T
22:45415987:G:A
22:45416414:C:T
22:45417413:T:A
22:45417483:A:G
22:45419494:C:T
22:45420115:C:T
22:45420487:C:T
22:45421536:A:G
22:45421562:T:C
22:45422538:G:C
22:45424360:A:G
22:45424382:A:G
22:45425095:G:A
22:45425233:A:C
22:45425428:T:C
22:45425556:C:T
22:45425741:G:C
22:45425844:A:G
22:45428211:T:C
22:45428366:G:C
22:45428474:C:T
22:45428606:T:G
22:45429152:T:A
22:45429393:G:T
22:45429394:T:G
22:45429849:T:C
22:45430277:C:G
22:45430316:C:G
22:45431330:A:G
22:45431455:A:G
22:45431796:A:G
22:45431847:A:G
22:45431887:T:C
22:45432012:A:G
22:45432045:T:C
22:45432447:C:G
22:45432462:G:A
22:45432574:G:C
22:45432634:A:G
22:45432707:C:T
22:45432916:G:A
22:45432928:G:T
22:45433169:C:G
22:45434775:G:C
22:45434862:A:G
22:45434866:C:G
22:45435080:T:G
22:45435119:C:G
22:45435202:T:C
22:45436629:G:C
22:45437092:G:T
22:45438022:G:A
22:45438091:A:C
22:45438256:G:C
22:45438801:G:A
22:45438927:C:T
22:45439066:A:G
22:45439740:A:C
22:45439907:T:C
22:45439908:G:A
22:45439931:G:T
22:45440531:T:C
22:45441268:G:C
22:45441331:G:C
22:45441442:G:A
22:45441549:A:C
22:45441552:C:A
22:45445274:T:C
22:45445582:A:G
22:45445851:A:G
22:45445855:C:A
22:45446331:C:G
22:45446676:A:G
22:45446714:C:T
22:45446874:A:G
22:45447318:T:C
22:45447595:C:T
22:45447838:A:G
22:45447864:T:C
22:45447910:T:C
22:45447917:T:C
22:45447969:C:G
22:45447976:C:T
22:45448025:C:T
22:45448185:T:A
22:45448337:G:A
22:45448351:A:C
22:45448719:C:T
22:45448740:T:C
22:45448770:C:T
22:45448932:A:G
22:45449110:C:T
22:45449273:T:C
22:45449358:C:A
22:45449367:A:C
22:45449515:T:A
22:45449644:G:T
22:45449702:C:A
22:45449748:C:T
22:45449890:A:G
22:45451727:C:A
22:45451860:A:G
22:45452124:T:C
22:45452176:C:A
22:45452309:A:G
22:45454225:G:C
22:45455407:C:T
22:45456420:G:A
22:45457082:C:G
22:45458558:G:A
22:45458791:T:C
22:45458827:G:A
22:45459791:C:T
22:45461782:G:A
22:45464635:T:C
22:45464990:C:A
22:45465029:C:T
22:45465068:A:C
22:45466018:C:T
22:45466415:A:G
22:45466787:G:C
22:45467871:A:G
22:45468114:G:C
22:45469503:A:G
22:45469786:T:G
22:45470548:A:G
22:45470967:G:A
22:45471360:A:C
22:45471607:T:C
22:45472046:C:T
22:45472084:A:G
22:45472103:C:T
22:45472574:C:T
22:45472596:C:T
22:45472821:C:G
22:45473067:C:T
22:45473700:T:C
22:45473974:A:T
22:45474096:T:C
22:45478120:T:G
22:45478124:C:T
22:45478159:G:A
22:45478340:T:C
22:45478639:T:A
22:45479161:G:A
22:45480374:C:T
22:45482180:T:G
22:45482258:G:C
22:45483583:T:C
22:45484509:G:T
22:45484800:C:T
22:45485365:T:A
22:45485586:A:G
22:45489188:T:G
22:45489220:A:G
22:45489311:A:G
22:45489431:G:C
22:45489486:C:A
22:45490018:A:T
22:45490433:T:A
22:45490736:T:C
22:45490776:G:A
22:45491630:A:G
22:45492608:A:C
22:45492883:C:A
22:45493589:G:A
22:45494144:G:A
22:45494832:A:G
22:45494840:G:T
22:45495696:C:A
22:45495848:C:T
22:45496355:C:T
22:45496456:T:C
22:45496549:C:T
22:45496593:C:G
22:45497187:G:A
22:45497395:G:A
22:45498003:G:A
22:45498115:C:A
22:45498187:G:A
22:45498909:T:C
22:45500518:C:T
22:45501424:G:A
22:45501429:C:T
22:45501576:A:T
22:45501698:G:A
22:45502424:G:A
22:45502533:G:A
22:45502739:C:G
22:45502767:T:C
22:45502829:T:C
22:45503302:A:C
22:45504764:T:C
22:45505494:G:A
22:45506902:T:C
22:45508406:C:G
22:45509949:T:C
22:45510301:C:T
22:45513060:A:C
22:45513062:G:A
22:45513168:A:G
22:45516107:C:G
22:45517796:G:A
22:45518890:G:A
22:45519752:T:C
22:45520050:A:G
22:45521142:A:G
22:45521478:A:C
22:45521773:T:C
22:45523160:G:A
22:45523909:C:T
22:45524052:T:A
22:45524700:G:A
22:45525484:A:G
22:45527815:C:T
22:45527845:C:T
22:45528073:C:T
22:45530876:T:C
22:45532228:A:G
22:45532287:T:C
22:45532666:A:G
22:45533662:G:A
22:45534203:T:G
22:45534688:G:A
22:45535999:C:T
22:45536426:G:A
22:45536902:A:G
22:45539841:G:T
22:45542657:A:G
22:45544346:A:T
22:45545400:T:C
22:45545463:A:G
22:45545550:T:C
22:45545856:T:C
22:45545877:C:T
22:45545955:C:A
22:45546274:C:T
22:45546965:C:T
22:45547814:C:T
22:45548053:G:A
22:45548617:A:C
22:45549849:G:C
22:45550500:G:A
22:45551123:G:A
22:45551871:C:G
22:45553021:T:C
22:45553022:C:G
22:45553210:T:C
22:45553481:A:G
22:45553563:T:C
22:45554197:G:A
22:45554363:T:C
22:45554435:G:A
22:45554573:A:G
22:45555829:G:A
22:45556053:T:C
22:45556208:G:A
22:45556668:T:C
22:45559193:A:G
22:45559409:C:T
22:45559416:G:A
22:45559741:G:T
22:45559771:C:A
22:45559997:T:C
22:45560641:T:C
22:45560707:T:C
22:45560731:G:A
22:45560767:G:A
22:45560787:T:C
22:45561392:A:G
22:45561660:A:G
22:45562735:C:T
22:45563409:G:T
22:45563412:A:G
22:45563561:G:A
22:45563656:T:C
22:45563707:T:C
22:45563725:C:G
22:45564427:A:C
22:45565946:C:T
22:45566360:T:C
22:45566413:T:C
22:45566457:C:T
22:45566467:A:G
22:45566500:G:A
22:45566562:T:A
22:45566702:C:T
22:45566843:A:G
22:45566912:C:A
22:45567580:C:A
22:45567983:A:G
22:45568104:T:C
22:45568419:G:A
22:45568511:G:T
22:45568986:A:G
22:45569845:C:T
22:45570685:C:A
22:45570969:C:T
22:45571446:C:T
22:45573154:C:T
22:45573406:C:A
22:45575468:A:G
22:45576401:C:T
22:45577110:T:C
22:45577231:T:C
22:45577537:C:A
22:45579422:A:G
22:45579731:C:A
22:45579733:T:C
22:45579879:A:G
22:45582860:G:C
22:45583141:G:T
22:45583606:G:T
22:45583642:G:A
22:45583898:A:G
22:45583935:A:G
22:45584058:C:T
22:45584396:G:A
22:45585032:A:G
22:45585954:A:G
22:45586273:A:G
22:45586485:T:C
22:45586794:A:G
22:45588604:C:T
22:45589490:A:G
22:45589703:G:C
22:45589817:T:C
22:45590861:G:A
22:45592580:T:C
22:45593399:C:T
22:45594044:A:C
22:45595247:C:T
22:45595255:G:A
22:45595265:C:G
22:45595278:G:C
22:45595721:A:G
22:45596249:G:A
22:45596506:A:G
22:45598833:C:T
22:45599504:C:T
22:45599538:C:A
22:45602308:C:T
22:45602407:G:A
22:45603545:C:T
22:45603638:A:G
22:45604128:C:G
22:45604442:C:T
22:45604800:G:A
22:45604820:C:A
22:45604885:G:A
22:45605118:T:C
22:45605128:C:G
22:45605166:T:G
22:45605555:C:T
22:45605804:A:G
22:45605848:C:T
22:45606098:A:C
22:45606159:T:C
22:45606437:G:A
22:45606506:G:A
22:45606511:T:C
22:45606738:C:A
22:45608347:G:A
22:45608360:G:C
22:45608977:G:A
22:45610373:A:G
22:45610864:T:C
22:45611451:C:A
22:45611645:C:T
22:45612114:C:T
22:45612210:A:G
22:45612315:C:T
22:45612317:T:C
22:45612336:G:A
22:45612551:C:T
22:45612755:C:T
22:45612969:C:T
22:45614700:T:C
22:45614703:C:T
22:45614893:T:C
22:45615774:G:T
22:45616449:G:C
22:45617435:A:G
22:45617479:A:G
22:45618167:G:A
22:45618558:T:C
22:45618888:C:T
22:45618889:A:G
22:45622014:C:T
22:45622351:A:G
22:45622684:A:G
22:45623047:T:G
22:45626085:G:A
22:45628630:T:C
22:45629066:C:T
22:45629186:G:C
22:45629198:G:A
22:45629260:G:A
22:45629446:T:G
22:45630335:A:G
22:45630338:A:G
22:45630662:C:T
22:45630708:C:T
22:45630763:T:A
22:45630869:T:C
22:45630875:T:C
22:45631165:T:C
22:45631518:C:T
22:45631582:A:G
22:45631597:G:A
22:45632109:G:A
22:45632370:A:G
22:45632483:T:G
22:45632528:C:T
22:45633291:G:A
22:45633373:G:A
22:45634738:T:C
22:45635216:C:T
22:45637632:G:C
22:45638535:G:T
22:45639900:A:G
22:45642861:G:T
22:45642907:T:C
22:45644501:T:C
22:45645001:G:T
22:45648846:A:G
22:45648952:T:C
22:45648960:A:G
22:45649084:A:G
22:45649161:T:C
22:45649533:C:T
22:45650548:C:G
22:45650962:G:A
22:45651045:A:G
22:45651186:C:T
22:45651711:C:T
22:45651728:C:T
22:45651945:A:G
22:45652129:A:G
22:45652490:T:C
22:45652513:T:C
22:45653274:G:A
22:45653281:T:C
22:45653335:C:T
22:45653411:G:T
22:45653416:T:C
22:45653617:T:C
22:45653621:A:G
22:45654393:A:G
22:45654844:T:G
22:45654872:A:G
22:45655490:A:G
22:45655659:C:T
22:45655720:C:T
22:45655844:A:G
22:45657196:C:T
22:45657197:C:T
22:45657812:G:A
22:45658035:C:T
22:45658162:C:T
22:45658243:G:A
22:45658278:C:G
22:45658298:T:C
22:45658593:G:C
22:45658601:G:A
22:45658809:G:A
22:45659082:T:G
22:45659209:C:T
22:45659559:G:C
22:45659560:T:C
22:45660073:G:A
22:45660094:A:G
22:45661178:T:C
22:45661285:T:C
22:45661431:G:A
22:45661511:T:C
22:45661549:A:G
22:45661620:A:C
22:45661670:A:G
22:45661694:G:A
22:45661904:A:T
22:45661944:G:C
22:45663043:T:C
22:45665663:C:T
22:45665787:G:C
22:45666518:C:G
22:45667722:C:T
22:45668682:C:T
22:45669729:C:T
22:45670674:C:T
22:45672288:C:G
22:45672574:C:T
22:45672709:C:T
22:45674505:G:A
22:45674705:C:G
22:45674707:A:G
22:45674740:G:C
22:45675114:A:G
22:45675167:G:A
22:45675469:A:T
22:45675881:A:C
22:45675913:C:A
22:45676678:A:G
22:45678623:C:A
22:45680387:G:A
22:45680661:G:C
22:45680824:A:G
22:45682275:G:C
22:45682334:C:T
22:45682371:T:C
22:45682425:G:A
22:45682544:C:T
22:45682663:T:C
22:45682975:A:G
22:45683246:C:T
22:45683304:G:C
22:45683837:T:C
22:45684738:G:A
22:45685002:A:G
22:45686044:C:T
22:45686090:G:A
22:45687406:A:T
22:45691594:A:G
22:45693828:G:A
22:45693878:A:G
22:45693923:G:A
22:45697031:G:T
22:45698149:T:A
22:45701732:C:T
22:45702293:C:A
22:45702294:A:T
22:45703075:A:G
22:45703107:T:C
22:45703251:G:A
22:45703444:A:G
22:45705241:G:T
22:45705383:T:A
22:45706777:C:A
22:45707520:G:T
22:45707737:C:G
22:45708623:C:T
22:45708960:C:T
22:45711854:G:A
22:45713558:C:T
22:45713764:G:A
22:45714489:T:C
22:45714937:T:C
22:45715608:C:T
22:45715624:A:G
22:45715887:A:G
22:45717524:C:T
22:45717859:C:T
22:45718041:A:G
22:45718627:G:A
22:45718743:A:G
22:45719497:C:G
22:45719634:C:T
22:45719817:G:T
22:45721196:C:T
22:45721284:T:C
22:45723253:A:T
22:45723320:C:A
22:45723326:C:G
22:45723465:A:G
22:45723526:T:C
22:45724727:G:A
22:45724761:C:T
22:45724999:G:A
22:45725106:T:C
22:45725276:G:A
22:45725392:T:C
22:45725524:C:T
22:45725600:A:G
22:45726345:A:G
22:45727565:T:G
22:45727688:C:A
22:45731050:A:G
22:45731182:C:T
22:45731730:T:C
22:45731731:G:A
22:45731759:G:C
22:45732328:G:A
22:45733199:T:C
22:45734206:A:G
22:45734860:T:C
22:45735606:T:C
22:45735741:T:C
22:45736153:G:A
22:45736434:C:G
22:45736485:C:T
22:45736767:A:G
22:45737290:G:A
22:45737310:A:G
22:45737481:T:C
22:45737487:G:A
22:45738094:A:G
22:45738327:T:A
22:45739322:T:C
22:45739732:T:C
22:45739854:A:G
22:45740096:C:T
22:45740126:A:C
22:45740224:G:A
22:45741037:G:A
22:45741543:G:C
22:45741718:C:T
22:45742760:A:G
22:45743214:G:A
22:45743242:G:A
22:45744423:T:C
22:45745948:C:T
22:45746097:C:A
22:45746579:C:T
22:45746826:T:G
22:45747901:T:C
22:45747952:A:G
22:45748339:A:G
22:45748812:A:C
22:45748862:T:C
22:45749983:G:T
22:45751231:G:A
22:45753133:G:T
22:45754156:T:C
22:45754349:C:A
22:45754517:G:T
22:45754558:A:G
22:45755666:C:T
22:45756020:C:T
22:45756081:G:A
22:45757999:C:T
22:45758758:T:C
22:45759213:T:C
22:45759592:T:A
22:45761771:T:A
22:45763677:C:A
22:45764874:T:C
22:45766485:G:A
22:45766689:C:G
22:45767369:A:G
22:45767391:C:T
22:45767455:A:G
22:45767599:G:A
22:45767696:T:G
22:45767946:G:A
22:45769245:A:G
22:45771974:G:A
22:45773961:G:A
22:45774080:G:T
22:45774531:T:A
22:45776213:G:A
22:45778382:C:T
22:45779335:A:G
22:45779553:C:T
22:45780282:T:C
22:45780780:T:C
22:45780951:G:C
22:45781388:G:T
22:45781508:G:A
22:45781577:A:G
22:45782142:A:G
22:45782177:A:C
22:45782646:C:T
22:45782903:T:C
22:45784172:C:A
22:45784935:T:A
22:45785840:A:G
22:45785847:A:C
22:45786123:G:A
22:45786739:T:C
22:45787512:C:T
22:45787521:C:T
22:45788155:A:G
22:45788896:C:T
22:45789743:T:G
22:45789974:G:C
22:45790132:T:C
22:45791143:G:A
22:45793935:A:G
22:45794212:G:A
22:45794283:T:C
22:45794366:A:G
22:45794723:A:C
22:45794925:C:A
22:45797227:T:C
22:45799276:T:C
22:45801432:C:T
22:45803336:A:C
22:45803531:C:T
22:45803535:T:G
22:45804414:A:T
22:45805134:C:T
22:45805523:G:A
22:45808977:G:A
22:45809624:C:A
22:45809698:G:A
22:45810049:C:T
22:45811176:C:T
22:45811362:A:G
22:45812198:A:T
22:45813445:G:A
22:45813687:G:A
22:45814536:T:C
22:45814646:A:C
22:45815159:C:T
22:45815226:A:G
22:45816269:C:T
22:45817800:C:T
22:45817801:C:G
22:45818758:A:G
22:45821715:C:T
22:45821887:G:A
22:45821909:C:T
22:45821935:G:A
22:45821956:C:G
22:45822161:C:G
22:45822347:C:T
22:45822555:G:A
22:45822686:C:T
22:45823327:C:T
22:45823921:C:T
22:45825621:A:G
22:45825661:T:C
22:45826011:C:A
22:45826033:A:G
22:45826507:T:C
22:45826880:G:A
22:45827020:G:A
22:45827311:G:A
22:45827506:T:G
22:45827679:T:C
22:45827891:G:T
22:45828033:A:G
22:45828546:G:A
22:45828594:G:A
22:45828860:A:G
22:45829560:A:G
22:45829713:C:G
22:45829883:G:T
22:45830049:G:A
22:45830097:T:C
22:45830359:T:G
22:45830739:C:G
22:45830747:A:G
22:45831225:G:C
22:45833653:G:T
22:45834279:A:G
22:45834680:G:A
22:45835173:G:T
22:45835335:G:A
22:45837032:T:A
22:45837033:C:A
22:45838156:G:A
22:45838646:T:C
22:45838817:C:T
22:45838887:T:C
22:45840721:T:G
22:45841045:C:G
22:45841277:T:A
22:45842909:A:G
22:45844681:C:A
22:45846371:C:T
22:45846965:G:A
22:45847196:G:T
22:45849808:G:A
22:45850481:C:T
22:45851805:G:A
22:45854696:T:C
22:45855046:C:T
22:45858097:G:A
22:45860831:G:A
22:45863870:C:T
22:45864459:A:G
22:45864559:A:T
22:45864934:C:T
22:45865055:C:T
22:45865578:T:A
22:45865631:T:A
22:45866027:C:G
22:45866488:A:T
22:45866524:A:G
22:45867900:T:C
22:45869493:G:C
22:45870429:A:G
22:45870580:A:G
22:45871351:G:A
22:45873650:G:C
22:45873696:C:T
22:45874327:G:A
22:45874374:C:G
22:45876467:T:C
22:45878130:C:A
22:45878439:C:A
22:45878581:G:C
22:45878984:G:A
22:45879071:T:A
22:45879432:C:T
22:45879831:T:C
22:45880003:A:G
22:45880276:A:T
22:45881048:G:A
22:45881227:A:C
22:45881315:G:A
22:45881596:C:T
22:45883245:G:A
22:45883826:C:G
22:45883914:C:T
22:45884487:A:G
22:45885074:A:G
22:45885214:A:G
22:45885646:G:A
22:45886764:G:A
22:45886998:A:G
22:45887333:T:C
22:45887425:C:T
22:45887555:A:G
22:45887857:C:T
22:45887946:G:A
22:45888073:C:T
22:45889012:C:G
22:45889643:C:T
22:45891115:C:T
22:45891235:A:C
22:45892433:G:A
22:45893295:C:T
22:45893734:C:A
22:45894122:T:C
22:45894507:T:A
22:45895218:G:A
22:45898074:T:C
22:45898117:T:C
22:45898130:A:T
22:45898252:T:G
22:45898363:T:A
22:45899655:C:T
22:45901940:T:C
22:45903132:G:A
22:45904026:G:A
22:45904484:C:T
22:45905428:T:C
22:45905847:A:C
22:45905848:A:C
22:45907687:G:A
22:45908895:A:G
22:45909153:C:T
22:45909354:T:C
22:45909417:T:C
22:45909942:C:T
22:45910152:G:A
22:45910381:T:C
22:45911603:G:A
22:45911714:G:A
22:45912376:G:A
22:45912590:A:C
22:45912747:G:C
22:45913790:C:T
22:45914461:G:A
22:45915640:T:C
22:45916679:G:A
22:45917155:G:C
22:45918112:C:T
22:45918491:G:A
22:45921883:C:T
22:45922163:C:G
22:45922466:A:G
22:45924094:C:T
22:45924680:A:G
22:45924946:T:A
22:45925166:A:T
22:45925432:C:T
22:45925443:T:C
22:45925838:A:G
22:45925868:C:G
22:45926526:T:C
22:45926585:T:C
22:45926788:T:C
22:45927045:T:C
22:45927112:A:G
22:45927220:C:G
22:45928019:T:C
22:45928147:G:A
22:45928205:C:T
22:45928324:G:A
22:45928660:T:C
22:45928662:C:T
22:45928746:A:C
22:45928751:C:G
22:45929190:C:T
22:45929200:T:C
22:45929391:G:A
22:45930542:A:G
22:45931262:C:T
22:45934420:T:G
22:45935382:G:T
22:45936121:C:T
22:45936172:G:T
22:45936320:A:G
22:45936350:G:A
22:45936527:G:T
22:45937061:G:A
22:45937149:C:T
22:45937378:C:T
22:45937384:G:A
22:45938338:A:G
22:45938584:C:T
22:45940463:A:G
22:45940888:G:A
22:45940934:A:G
22:45941443:A:G
22:45942726:G:T
22:45943677:G:A
22:45944980:G:A
22:45945568:G:A
22:45945914:G:A
22:45950803:G:A
22:45954876:T:C
22:45954897:T:A
22:45955279:T:C
22:45959337:C:T
22:45959540:G:A
22:45959859:G:C
22:45959894:C:G
22:45961213:C:T
22:45961284:C:G
22:45961904:G:T
22:45963013:A:G
22:45963523:G:A
22:45963590:C:G
22:45963794:C:G
22:45967526:G:A
22:45970029:C:T
22:45971158:T:C
22:45972610:G:A
22:45974913:T:C
22:45977070:A:T
22:45977415:C:T
22:45977596:C:T
22:45978047:C:T
22:45978244:C:T
22:45978387:C:T
22:45978388:G:A
22:45978661:C:T
22:45978718:G:A
22:45978770:G:A
22:45978831:T:C
22:45978853:C:T
22:45978905:C:T
22:45978918:T:G
22:45979558:A:C
22:45979724:T:C
22:45979775:C:T
22:45979821:C:T
22:45980062:T:C
22:45980298:G:A
22:45980800:C:T
22:45981100:C:A
22:45981294:G:A
22:45981385:C:T
22:45981396:A:G
22:45981447:C:T
22:45981491:G:C
22:45981492:C:T
22:45981504:T:C
22:45981719:A:G
22:45981729:G:C
22:45981899:A:G
22:45982783:A:G
22:45984158:T:C
22:45984215:T:G
22:45985110:A:C
22:45985457:C:T
22:45985501:A:G
22:45986633:G:C
22:45986637:A:G
22:45988571:C:A
22:45988612:G:T
22:45988908:A:T
22:45989072:G:C
22:45989236:C:T
22:45989440:C:G
22:45989581:A:G
22:45989584:C:T
22:45989594:A:G
22:45990805:T:G
22:45990901:A:T
22:45991405:T:G
22:45992424:A:C
22:45992976:G:A
22:45993422:C:T
22:45993549:G:C
22:45993858:C:T
22:45994167:T:A
22:45994189:T:G
22:45994388:T:C
22:45994503:C:T
22:45994609:T:G
22:45994667:G:A
22:45994967:T:C
22:45995356:T:C
22:45995868:C:G
22:45996110:A:G
22:45996782:C:T
22:45997140:G:A
22:45997768:C:G
22:45997852:C:T
22:45998068:G:T
22:45998404:T:C
22:45998599:C:T
22:45998785:T:C
22:45998841:C:G
22:45998867:G:A
22:45998943:A:G
22:45999938:T:A
22:46000105:C:T
22:46001443:A:T
22:46002777:A:G
22:46003232:C:T
22:46006110:A:G
22:46006657:T:A
22:46006790:T:A
22:46007623:C:T
22:46008858:C:T
22:46009063:A:G
22:46009178:G:A
22:46011054:A:G
22:46015594:T:G
22:46015644:G:A
22:46016136:G:C
22:46017699:G:A
22:46017935:T:C
22:46018094:G:A
22:46018446:C:T
22:46018797:C:T
22:46019685:G:C
22:46022046:C:T
22:46022070:A:G
22:46023218:G:C
22:46023639:T:G
22:46023645:A:G
22:46026440:A:G
22:46027302:G:T
22:46027442:C:G
22:46031362:A:G
22:46032523:T:C
22:46033875:C:T
22:46033927:T:C
22:46034092:C:T
22:46034095:T:C
22:46034802:G:C
22:46035038:G:A
22:46035116:T:C
22:46035521:A:G
22:46036079:G:C
22:46036489:A:G
22:46036492:C:A
22:46036694:C:A
22:46036895:G:C
22:46037048:A:G
22:46037617:C:A
22:46038194:C:T
22:46038792:G:C
22:46038908:C:T
22:46040779:T:G
22:46041194:C:G
22:46041264:G:A
22:46041604:C:T
22:46042979:A:G
22:46043466:A:C
22:46043808:C:T
22:46044893:G:C
22:46046027:G:A
22:46046477:A:G
22:46046712:G:A
22:46047396:A:G
22:46052777:G:A
22:46053210:A:C
22:46057450:G:A
22:46060541:C:T
22:46062466:C:T
22:46063575:G:A
22:46065463:A:G
22:46068567:G:C
22:46068741:C:T
22:46069109:C:A
22:46071688:T:G
22:46073604:C:T
22:46074258:G:A
22:46075129:G:A
22:46078271:C:T
22:46079215:A:G
22:46079293:T:C
22:46080380:G:A
22:46081107:A:G
22:46084030:T:C
22:46087110:C:A
22:46087170:G:A
22:46088119:T:A
22:46088184:G:C
22:46097122:T:G
22:46104377:C:G
22:46106130:A:G
22:46106317:G:C
22:46106674:C:A
22:46107078:G:C
22:46107105:G:A
22:46107508:G:A
22:46108224:C:T
22:46112575:G:A
22:46113711:G:C
22:46114147:C:T
22:46114244:C:T
22:46114398:G:T
22:46116272:T:A
22:46117653:A:T
22:46118313:C:T
22:46119433:G:A
22:46121230:T:G
22:46121637:A:G
22:46123048:G:A
22:46126703:A:G
22:46131238:G:A
22:46132184:A:G
22:46133009:G:T
22:46133853:A:G
22:46134933:G:A
22:46140473:G:A
22:46141551:G:A
22:46142514:G:C
22:46142665:G:A
22:46145176:G:T
22:46145615:T:A
22:46145806:G:A
22:46150048:G:A
22:46151880:C:T
22:46151955:C:G
22:46152037:T:A
22:46153765:G:A
22:46154366:G:A
22:46154933:C:A
22:46155548:C:G
22:46156825:G:C
22:46157281:T:C
22:46157828:T:G
22:46159717:G:T
22:46160624:G:A
22:46160991:G:A
22:46161875:A:G
22:46162998:G:C
22:46164107:A:G
22:46165393:T:G
22:46167703:G:A
22:46172855:G:A
22:46174057:C:T
22:46175530:A:C
22:46178183:T:C
22:46178379:G:A
22:46179537:C:T
22:46180061:A:T
22:46182756:G:A
22:46182792:C:T
22:46183567:T:C
22:46184427:G:C
22:46184765:A:G
22:46185449:G:A
22:46185873:G:A
22:46186452:G:A
22:46187636:G:A
22:46189190:G:A
22:46190037:A:C
22:46195580:C:T
22:46196881:C:A
22:46197605:G:A
22:46198314:G:T
22:46198636:A:G
22:46200837:C:G
22:46206700:C:T
22:46207955:T:C
22:46213841:T:C
22:46214351:G:T
22:46214704:T:C
22:46216577:G:C
22:46223912:A:C
22:46227265:T:A
22:46229719:C:T
22:46231145:G:T
22:46235105:C:T
22:46235461:A:C
22:46235597:A:T
22:46235677:A:G
22:46236425:G:A
22:46238069:T:C
22:46241660:G:A
22:46242148:A:G
22:46242791:A:G
22:46246529:A:G
22:46246890:A:G
22:46247222:T:G
22:46247678:G:T
22:46248134:A:C
22:46248170:C:T
22:46248789:C:A
22:46251927:A:G
22:46253745:A:T
22:46254998:A:G
22:46255004:A:G
22:46256334:C:G
22:46257355:T:C
22:46257762:T:A
22:46258113:A:C
22:46258800:A:G
22:46258912:A:G
22:46259060:T:C
22:46259880:A:G
22:46261808:T:C
22:46261909:T:C
22:46262765:G:A
22:46263554:G:A
22:46264076:A:G
22:46264241:G:A
22:46264287:G:A
22:46264381:G:A
22:46264656:A:G
22:46265245:G:A
22:46266331:C:A
22:46266434:G:A
22:46266620:G:C
22:46268262:G:A
22:46269393:G:A
22:46269645:A:G
22:46269923:G:A
22:46271786:G:A
22:46272438:T:G
22:46273006:C:T
22:46273049:G:C
22:46273107:A:G
22:46273363:T:C
22:46273599:A:G
22:46273803:G:A
22:46273829:G:A
22:46273872:C:T
22:46276328:T:G
22:46277167:G:A
22:46277178:G:A
22:46277579:T:C
22:46278148:G:C
22:46278208:A:C
22:46278238:G:A
22:46278408:C:T
22:46278949:A:G
22:46279265:G:A
22:46279781:T:C
22:46281581:T:C
22:46281667:C:T
22:46284254:T:C
22:46284951:T:C
22:46285252:T:C
22:46287772:C:T
22:46287927:C:T
22:46288565:T:C
22:46288698:G:A
22:46288718:T:A
22:46289699:C:T
22:46292624:C:T
22:46293746:C:A
22:46293752:C:G
22:46294075:A:G
22:46294513:C:A
22:46294514:A:T
22:46294704:G:A
22:46298649:G:A
22:46300220:A:C
22:46300967:A:G
22:46301348:T:G
22:46301368:A:G
22:46301714:C:G
22:46301766:G:C
22:46301845:G:A
22:46302562:C:G
22:46302600:G:A
22:46302757:G:A
22:46302870:C:T
22:46303001:A:C
22:46303161:G:C
22:46303275:C:T
22:46303317:A:G
22:46303323:C:T
22:46303347:C:T
22:46303422:G:A
22:46303572:C:A
22:46303643:A:G
22:46303692:G:C
22:46303881:G:A
22:46303995:C:T
22:46304208:C:T
22:46304440:A:C
22:46305742:C:G
22:46306024:T:C
22:46306875:A:T
22:46307139:C:T
22:46307288:T:G
22:46307508:G:A
22:46307893:C:T
22:46308335:T:C
22:46308383:A:G
22:46309359:C:T
22:46309893:C:G
22:46310641:A:G
22:46310651:A:C
22:46310967:C:T
22:46311465:T:C
22:46312973:G:C
22:46313196:C:G
22:46313210:G:C
22:46313215:T:C
22:46313445:A:G
22:46313510:G:A
22:46313585:C:T
22:46313618:G:T
22:46313815:A:G
22:46313896:C:G
22:46314108:A:G
22:46314952:T:C
22:46316057:G:A
22:46316150:G:C
22:46317259:G:T
22:46317490:G:A
22:46317685:A:G
22:46318159:T:G
22:46318178:G:C
22:46318285:A:G
22:46318479:A:G
22:46319722:T:A
22:46320275:A:G
22:46321994:C:T
22:46322262:G:A
22:46322460:G:A
22:46322577:C:T
22:46322841:G:A
22:46323244:G:A
22:46323852:T:A
22:46324284:G:A
22:46324625:A:C
22:46326228:A:G
22:46326272:G:A
22:46326339:A:G
22:46326591:G:C
22:46326610:G:T
22:46326620:G:A
22:46326671:G:C
22:46327540:C:G
22:46327857:G:A
22:46328447:T:G
22:46328486:C:G
22:46328854:T:C
22:46329149:C:T
22:46329818:T:C
22:46330805:T:C
22:46332914:C:T
22:46333454:A:T
22:46334133:G:T
22:46334467:A:C
22:46334730:T:C
22:46336302:A:G
22:46337624:G:A
22:46338457:T:C
22:46338556:T:C
22:46338672:G:A
22:46338673:T:A
22:46338743:G:T
22:46338802:G:A
22:46338914:C:T
22:46339047:C:T
22:46339118:A:C
22:46339285:G:C
22:46339988:A:C
22:46340538:C:T
22:46340717:G:A
22:46340765:A:G
22:46341887:A:G
22:46342286:T:C
22:46345574:T:C
22:46345714:C:T
22:46346121:G:A
22:46346481:A:G
22:46346574:G:A
22:46346582:C:T
22:46346784:C:T
22:46347604:G:A
22:46347651:G:C
22:46347683:C:T
22:46347922:C:T
22:46348571:G:A
22:46348607:T:C
22:46350526:A:G
22:46350648:C:T
22:46351026:T:A
22:46351071:C:T
22:46351481:G:C
22:46351482:G:A
22:46351824:G:A
22:46353696:C:T
22:46354106:T:G
22:46355149:C:G
22:46356434:T:C
22:46356554:C:T
22:46357777:A:G
22:46358746:G:T
22:46360772:C:T
22:46361205:C:A
22:46362396:A:G
22:46364161:G:A
22:46364191:C:T
22:46365557:G:T
22:46366127:G:C
22:46366165:C:T
22:46367144:G:A
22:46369657:C:G
22:46370765:T:C
22:46371079:A:G
22:46375833:C:T
22:46376384:A:G
22:46380832:C:T
22:46381234:A:G
22:46381363:A:G
22:46381899:A:G
22:46382119:G:A
22:46383345:A:C
22:46383612:C:T
22:46384477:C:T
22:46384837:C:T
22:46385806:G:A
22:46385917:T:C
22:46386609:A:G
22:46386873:T:C
22:46386971:T:C
22:46391465:T:A
22:46391695:C:T
22:46391760:C:T
22:46391888:A:G
22:46392402:A:G
22:46393308:C:G
22:46393787:T:A
22:46393961:G:T
22:46394073:T:C
22:46394928:C:T
22:46395204:C:T
22:46396538:C:T
22:46396925:A:G
22:46397854:T:C
22:46402436:T:A
22:46402714:A:G
22:46403715:G:A
22:46403742:C:A
22:46405344:T:C
22:46406695:A:G
22:46407286:A:G
22:46407715:T:C
22:46407731:G:A
22:46408912:G:A
22:46409177:C:A
22:46411969:G:A
22:46413653:T:C
22:46414664:A:G
22:46416893:T:G
22:46417269:A:G
22:46417323:C:A
22:46418169:T:C
22:46418190:G:C
22:46420465:T:C
22:46421145:T:G
22:46421842:G:T
22:46422938:T:C
22:46423125:T:G
22:46423928:G:C
22:46425432:C:T
22:46425646:T:C
22:46427974:G:C
22:46428306:T:C
22:46428993:G:A
22:46434686:A:G
22:46435553:T:A
22:46436321:C:A
22:46436973:T:A
22:46437356:A:T
22:46438611:T:C
22:46438873:C:G
22:46439137:A:T
22:46439433:T:C
22:46439737:A:C
22:46439738:A:C
22:46439977:C:T
22:46440007:T:G
22:46440273:A:G
22:46440359:C:G
22:46440605:T:C
22:46441980:C:T
22:46442288:G:C
22:46443789:T:C
22:46443835:C:T
22:46444452:T:A
22:46446563:G:A
22:46446754:T:G
22:46446758:A:G
22:46447097:C:T
22:46447132:C:G
22:46448476:A:G
22:46448819:A:G
22:46450297:C:T
22:46453712:C:A
22:46454208:G:A
22:46454712:G:A
22:46454792:T:C
22:46456603:C:T
22:46458123:T:G
22:46458617:A:T
22:46459132:G:T
22:46459189:G:A
22:46465421:A:G
22:46469639:G:C
22:46474200:A:C
22:46475465:T:C
22:46475878:G:A
22:46477390:C:G
22:46478195:A:G
22:46480602:C:T
22:46481623:G:A
22:46481985:T:C
22:46482948:T:C
22:46484465:A:G
22:46484735:A:G
22:46484973:T:C
22:46486589:A:C
22:46486786:C:T
22:46487011:G:A
22:46487216:G:A
22:46487511:T:C
22:46487528:A:T
22:46487902:A:G
22:46490352:G:A
22:46490731:C:G
22:46490802:G:T
22:46492437:G:A
22:46492586:A:G
22:46492730:A:G
22:46493470:T:C
22:46493852:C:T
22:46494039:A:G
22:46494151:C:T
22:46494682:G:A
22:46496760:A:G
22:46497890:C:A
22:46498480:T:C
22:46499120:G:C
22:46499316:C:T
22:46499434:A:G
22:46500017:C:T
22:46500164:G:C
22:46500256:G:A
22:46500468:G:A
22:46500973:T:C
22:46501009:A:G
22:46501355:G:T
22:46501373:A:G
22:46501426:A:G
22:46502305:T:C
22:46502472:A:G
22:46502723:A:G
22:46502870:C:T
22:46503720:T:C
22:46503768:C:A
22:46504167:C:T
22:46505031:G:A
22:46505337:G:A
22:46505624:T:C
22:46505652:C:G
22:46505786:T:C
22:46506409:G:A
22:46506497:C:G
22:46506929:C:A
22:46508010:G:A
22:46508050:A:G
22:46508094:G:A
22:46508452:G:A
22:46508765:C:G
22:46509085:G:C
22:46509183:C:T
22:46509870:C:T
22:46509979:G:A
22:46511061:C:G
22:46511339:A:G
22:46511768:A:G
22:46514188:C:T
22:46515210:T:C
22:46515449:G:A
22:46515494:C:G
22:46515716:T:C
22:46515736:G:C
22:46516055:C:T
22:46516131:C:T
22:46516138:C:T
22:46516140:A:G
22:46518082:T:C
22:46518189:T:C
22:46518260:T:G
22:46518278:C:G
22:46518858:C:G
22:46519102:C:T
22:46519363:C:T
22:46520176:C:T
22:46520188:G:A
22:46520949:G:A
22:46520955:A:G
22:46521225:T:C
22:46521999:A:G
22:46522683:A:G
22:46523710:A:G
22:46525178:C:T
22:46525794:T:C
22:46525900:A:G
22:46525916:A:G
22:46525922:C:A
22:46526295:G:A
22:46526464:C:G
22:46526850:T:C
22:46527010:A:C
22:46527239:G:A
22:46527242:G:T
22:46527955:G:A
22:46529208:G:A
22:46530342:C:G
22:46532333:C:T
22:46532781:G:A
22:46534046:A:G
22:46534187:A:T
22:46536017:C:T
22:46539655:C:T
22:46541227:G:A
22:46543485:C:T
22:46544914:T:A
22:46550106:A:G
22:46552815:C:T
22:46553000:T:C
22:46553021:A:G
22:46553234:C:T
22:46553308:C:T
22:46553503:G:A
22:46553650:G:C
22:46555321:T:C
22:46556037:C:T
22:46558891:A:G
22:46559013:G:A
22:46559267:C:A
22:46561274:A:C
22:46561566:G:A
22:46561713:A:G
22:46562173:T:G
22:46562183:T:C
22:46567388:A:G
22:46576036:T:C
22:46579365:T:G
22:46579600:T:C
22:46580923:A:G
22:46584984:A:G
22:46585440:T:C
22:46586110:G:A
22:46590278:A:G
22:46591752:A:G
22:46592168:T:C
22:46593336:A:T
22:46595033:G:A
22:46595035:A:G
22:46595546:A:T
22:46598307:A:G
22:46598947:C:T
22:46604855:G:A
22:46605104:A:G
22:46605190:T:C
22:46607378:A:G
22:46608918:T:A
22:46610067:G:A
22:46610409:A:G
22:46612672:T:C
22:46613237:T:A
22:46615144:G:A
22:46620416:G:C
22:46621045:A:G
22:46621675:A:C
22:46621686:C:A
22:46622384:T:G
22:46622888:C:T
22:46623905:C:T
22:46626432:C:T
22:46626506:G:A
22:46629479:A:G
22:46630622:G:A
22:46630634:G:C
22:46633371:A:T
22:46633782:G:A
22:46636470:C:T
22:46637239:T:C
22:46637254:G:A
22:46638117:G:A
22:46638298:C:T
22:46639461:T:A
22:46640179:A:G
22:46641598:G:A
22:46642725:C:A
22:46642828:G:A
22:46643023:A:C
22:46643132:A:G
22:46643432:C:G
22:46643529:A:C
22:46643741:G:A
22:46643774:G:T
22:46643964:T:C
22:46643984:A:C
22:46644168:A:G
22:46644436:C:G
22:46646609:T:C
22:46646988:A:G
22:46647388:G:T
22:46647909:A:G
22:46650100:C:T
22:46650846:C:T
22:46650851:C:T
22:46650858:A:C
22:46651366:G:A
22:46651367:A:G
22:46651713:T:C
22:46652063:C:T
22:46652104:T:G
22:46652117:G:A
22:46652153:C:T
22:46652303:A:T
22:46652372:G:A
22:46652737:G:A
22:46652929:G:A
22:46654323:G:A
22:46655948:T:C
22:46656479:A:G
22:46656511:A:G
22:46656607:G:A
22:46656805:G:A
22:46657261:A:G
22:46657798:A:G
22:46659320:G:A
22:46659365:A:G
22:46659580:C:T
22:46660311:C:T
22:46660321:A:G
22:46660416:T:C
22:46661859:C:T
22:46662092:C:T
22:46662527:C:T
22:46663094:G:A
22:46663287:T:G
22:46663322:T:G
22:46665670:C:T
22:46666161:T:C
22:46667037:T:C
22:46668352:A:G
22:46668515:T:A
22:46668692:C:T
22:46668726:C:T
22:46670394:T:C
22:46670720:G:C
22:46673771:G:A
22:46674212:A:G
22:46674639:G:A
22:46677904:A:G
22:46678615:A:C
22:46680067:T:C
22:46684558:T:C
22:46684678:A:G
22:46685963:G:A
22:46687212:A:G
22:46687220:G:A
22:46687268:G:A
22:46687460:T:G
22:46688208:C:A
22:46688321:T:C
22:46689229:C:T
22:46689347:G:A
22:46691400:T:C
22:46691903:T:C
22:46692203:T:C
22:46693060:A:T
22:46700742:T:G
22:46703664:T:C
22:46703860:A:T
22:46703904:A:C
22:46704243:C:T
22:46704676:A:G
22:46704916:C:G
22:46705326:C:G
22:46705420:C:T
22:46705584:A:G
22:46706249:C:T
22:46707907:G:A
22:46707924:G:T
22:46707928:G:A
22:46707954:A:G
22:46709881:G:A
22:46710024:G:A
22:46710156:A:G
22:46711323:C:T
22:46711336:T:C
22:46713631:C:T
22:46713917:G:A
22:46714735:A:G
22:46714748:C:T
22:46714913:G:T
22:46716603:T:C
22:46717565:T:G
22:46718417:A:T
22:46719100:C:G
22:46721088:C:T
22:46722560:C:T
22:46722758:G:C
22:46727428:C:G
22:46727875:A:C
22:46728056:C:A
22:46730153:A:G
22:46730486:T:A
22:46731689:G:T
22:46731771:G:C
22:46731791:G:A
22:46731873:T:C
22:46733118:T:G
22:46737796:T:C
22:46741607:C:T
22:46741974:C:G
22:46742486:T:G
22:46743792:C:T
22:46748310:T:C
22:46750234:T:C
22:46750820:A:G
22:46752080:G:C
22:46753179:G:A
22:46753255:T:C
22:46753443:T:C
22:46753461:T:G
22:46754365:A:G
22:46756833:C:T
22:46758573:G:T
22:46759639:T:C
22:46760086:C:T
22:46760481:C:G
22:46761497:C:G
22:46763490:A:G
22:46763671:A:G
22:46763821:A:G
22:46764046:T:C
22:46764108:A:G
22:46764173:C:A
22:46764299:A:G
22:46764684:G:C
22:46765823:G:C
22:46765995:G:A
22:46766424:A:C
22:46766434:A:G
22:46767377:A:T
22:46767841:G:T
22:46769005:T:C
22:46770174:G:A
22:46770720:A:G
22:46771922:G:A
22:46774317:T:C
22:46774446:C:G
22:46774991:T:C
22:46775593:A:G
22:46776236:A:G
22:46777413:T:C
22:46777502:C:G
22:46778497:T:C
22:46779437:C:G
22:46780521:T:C
22:46782106:G:A
22:46782206:G:A
22:46782249:A:G
22:46782999:A:G
22:46783061:C:T
22:46783093:C:T
22:46783103:T:C
22:46783415:A:G
22:46784545:C:T
22:46786315:T:C
22:46787434:C:T
22:46787694:A:G
22:46787697:A:G
22:46787832:A:G
22:46788095:A:G
22:46788781:G:A
22:46790029:G:T
22:46791430:G:T
22:46791452:C:T
22:46791884:C:T
22:46793327:A:C
22:46793428:G:A
22:46795141:C:A
22:46795523:T:C
22:46797331:A:G
22:46797503:G:A
22:46797606:G:T
22:46800363:G:C
22:46803374:G:A
22:46804154:G:A
22:46805007:G:A
22:46807234:T:C
22:46807258:G:A
22:46807260:T:C
22:46807698:A:G
22:46807951:T:A
22:46808072:G:A
22:46808316:A:G
22:46809821:A:G
22:46812000:A:G
22:46812002:A:G
22:46812277:C:G
22:46812585:G:A
22:46812606:A:T
22:46812628:C:T
22:46812732:C:T
22:46813435:A:G
22:46813440:G:C
22:46813718:C:A
22:46814671:C:T
22:46815220:G:A
22:46816858:C:G
22:46816881:G:A
22:46817191:G:A
22:46817373:A:G
22:46817423:T:C
22:46817508:A:G
22:46817516:C:A
22:46817564:T:C
22:46817565:A:G
22:46817668:T:C
22:46817677:G:C
22:46817691:A:C
22:46820321:G:T
22:46820760:T:C
22:46820867:G:A
22:46821309:C:T
22:46821733:A:T
22:46823910:C:T
22:46824326:C:G
22:46825043:T:C
22:46825696:C:G
22:46826299:T:C
22:46827038:G:T
22:46827609:G:A
22:46828205:T:C
22:46828354:C:G
22:46830458:A:C
22:46831965:T:G
22:46835037:C:T
22:46835558:C:T
22:46836592:C:T
22:46837114:A:G
22:46837258:G:T
22:46837508:C:T
22:46838154:T:C
22:46838212:T:C
22:46839334:G:C
22:46839381:C:T
22:46839583:C:T
22:46840290:C:A
22:46840901:G:C
22:46841063:A:G
22:46842022:C:T
22:46842637:G:C
22:46843918:T:C
22:46845476:G:A
22:46845600:T:C
22:46846881:T:C
22:46846911:A:G
22:46847263:A:G
22:46847467:A:G
22:46847579:T:C
22:46847773:G:A
22:46848022:G:A
22:46848651:A:G
22:46848819:T:G
22:46849169:A:G
22:46849643:A:G
22:46850530:C:T
22:46851086:C:T
22:46851853:C:G
22:46853321:G:A
22:46853482:G:A
22:46853588:A:G
22:46854398:A:G
22:46855322:A:G
22:46856203:C:A
22:46856344:G:C
22:46856483:G:A
22:46856642:G:A
22:46856665:C:T
22:46856806:T:A
22:46856846:G:A
22:46856927:T:C
22:46857316:A:C
22:46857403:G:A
22:46857486:T:G
22:46857558:A:G
22:46857705:G:A
22:46857742:A:G
22:46857853:A:G
22:46857911:G:A
22:46858083:G:T
22:46858342:C:A
22:46858687:G:A
22:46858809:G:A
22:46859003:G:C
22:46859075:T:G
22:46859137:A:G
22:46861091:C:T
22:46862512:G:A
22:46862943:G:A
22:46863319:C:T
22:46863378:G:A
22:46863773:T:C
22:46863791:C:G
22:46864095:C:T
22:46864465:G:A
22:46865138:C:T
22:46865703:A:G
22:46865801:T:C
22:46866071:G:A
22:46866461:C:T
22:46868281:C:T
22:46868663:T:C
22:46868691:G:C
22:46869013:C:T
22:46869059:G:T
22:46869074:C:T
22:46869170:G:A
22:46869411:G:A
22:46869457:G:A
22:46871094:G:A
22:46871112:G:A
22:46871261:G:A
22:46871654:A:C
22:46871658:T:C
22:46871772:A:C
22:46873011:T:C
22:46873229:A:G
22:46873289:C:G
22:46875235:C:T
22:46875851:G:C
22:46876619:G:A
22:46878038:A:G
22:46878127:C:A
22:46878239:C:G
22:46878252:C:G
22:46879022:G:A
22:46879523:C:T
22:46879687:C:A
22:46880083:C:T
22:46880326:T:C
22:46881378:G:A
22:46882819:T:A
22:46883959:G:T
22:46885844:C:A
22:46885868:G:A
22:46886036:C:A
22:46886436:C:A
22:46886677:T:C
22:46886694:C:G
22:46887047:C:T
22:46887918:C:T
22:46888398:A:T
22:46888399:C:T
22:46888582:C:T
22:46888673:T:C
22:46888884:T:C
22:46888919:T:C
22:46890610:A:G
22:46891561:T:C
22:46893474:T:A
22:46895565:T:C
22:46895577:A:G
22:46896334:C:T
22:46896491:G:A
22:46896758:C:A
22:46896834:T:C
22:46897424:A:G
22:46897831:C:T
22:46898418:A:G
22:46898454:T:C
22:46898743:C:T
22:46898929:G:C
22:46899015:G:A
22:46899079:C:G
22:46899930:A:G
22:46899939:A:G
22:46902610:G:C
22:46902787:T:C
22:46904952:C:G
22:46905847:C:T
22:46905910:A:G
22:46906098:G:A
22:46906485:C:T
22:46906551:G:A
22:46907442:A:G
22:46907587:G:A
22:46907616:G:A
22:46907936:A:G
22:46908055:G:A
22:46909355:G:T
22:46910630:T:G
22:46911296:T:C
22:46911476:G:C
22:46913478:C:T
22:46914298:T:A
22:46915612:T:A
22:46915621:G:T
22:46916147:T:C
22:46916255:T:C
22:46916280:T:C
22:46918701:G:A
22:46918720:G:A
22:46918736:G:A
22:46919332:C:T
22:46919541:C:T
22:46919761:C:A
22:46920187:C:T
22:46920276:C:T
22:46920538:C:T
22:46921040:A:G
22:46921858:T:C
22:46922060:G:A
22:46922134:C:A
22:46922230:G:T
22:46922530:C:T
22:46922611:T:C
22:46926054:T:A
22:46926191:T:C
22:46926334:T:G
22:46926482:G:A
22:46926691:C:A
22:46926693:T:C
22:46926701:G:A
22:46926875:T:C
22:46926957:T:G
22:46927664:G:C
22:46927667:C:T
22:46928266:G:A
22:46930107:C:T
22:46931077:G:C
22:46931838:G:A
22:46934303:G:T
22:46934334:C:A
22:46934813:A:G
22:46939651:C:T
22:46939668:G:A
22:46941896:C:A
22:46942069:A:G
22:46943176:G:C
22:46943687:A:G
22:46943831:G:A
22:46944942:C:T
22:46946109:G:A
22:46946127:C:T
22:46947394:G:A
22:46947757:C:T
22:46948117:C:T
22:46948242:C:T
22:46948453:A:G
22:46949022:C:A
22:46949292:G:A
22:46949538:G:T
22:46950861:T:C
22:46952848:G:C
22:46953533:C:T
22:46953712:C:T
22:46953979:C:T
22:46954108:G:A
22:46955799:A:G
22:46956009:C:T
22:46956456:A:G
22:46956486:A:G
22:46957028:C:T
22:46958507:A:C
22:46960316:C:T
22:46960529:T:C
22:46960565:T:A
22:46961271:C:T
22:46961278:C:T
22:46961894:A:G
22:46961956:G:A
22:46961980:T:C
22:46961984:C:T
22:46964140:G:C
22:46964267:C:T
22:46964544:C:G
22:46964646:A:T
22:46964836:G:A
22:46964908:G:A
22:46965170:G:A
22:46965464:T:C
22:46965493:C:T
22:46965563:G:C
22:46966210:C:T
22:46966536:G:A
22:46966783:T:C
22:46967883:A:G
22:46968056:T:C
22:46968193:C:T
22:46968286:C:T
22:46968389:G:A
22:46969552:C:A
22:46970552:G:A
22:46970560:A:G
22:46971294:G:T
22:46971620:C:T
22:46971863:G:A
22:46971907:G:A
22:46972080:G:A
22:46972152:G:A
22:46972349:C:T
22:46973892:T:C
22:46974203:G:A
22:46974717:G:C
22:46975644:G:C
22:46975741:G:A
22:46976557:G:A
22:46976950:C:T
22:46977239:A:G
22:46977702:C:T
22:46978375:T:C
22:46979133:A:T
22:46979402:C:G
22:46979730:T:C
22:46979914:G:T
22:46980242:T:C
22:46980774:C:T
22:46982143:G:A
22:46982323:C:T
22:46982721:T:C
22:46982722:G:A
22:46982955:G:A
22:46983018:A:G
22:46983372:T:C
22:46983605:A:G
22:46983745:C:T
22:46983998:C:T
22:46984098:T:G
22:46984100:G:C
22:46984265:C:A
22:46984268:G:A
22:46984306:T:C
22:46984318:G:A
22:46984458:T:C
22:46984809:T:C
22:46984853:T:G
22:46985037:G:A
22:46985068:G:A
22:46985070:G:A
22:46985787:C:G
22:46985837:C:G
22:46985917:G:A
22:46985977:T:C
22:46986119:G:C
22:46986217:G:A
22:46986223:A:G
22:46986263:T:C
22:46986300:G:C
22:46986305:C:T
22:46986333:C:T
22:46986357:G:A
22:46986423:A:T
22:46986445:T:G
22:46986584:G:A
22:46986748:G:A
22:46987047:T:A
22:46987087:G:T
22:46987138:G:A
22:46987981:C:T
22:46987989:G:A
22:46987995:T:C
22:46990822:G:A
22:46990997:C:A
22:46991470:C:G
22:46991632:G:A
22:46992834:T:C
22:46992898:C:A
22:46994185:C:T
22:46994275:A:G
22:46994999:T:A
22:46995841:G:A
22:46995948:G:A
22:46996137:G:C
22:46996179:G:A
22:46996254:G:A
22:46996309:C:T
22:46996529:G:A
22:46997410:T:C
22:46998144:C:T
22:47000085:A:G
22:47000109:C:T
22:47003002:C:T
22:47003116:C:T
22:47003239:T:A
22:47003244:A:G
22:47003408:C:T
22:47003535:T:C
22:47004119:C:T
22:47004148:A:G
22:47004179:C:G
22:47004274:C:G
22:47004465:C:A
22:47005412:G:A
22:47005584:T:C
22:47005669:C:A
22:47005740:C:T
22:47005924:A:G
22:47005952:T:C
22:47006154:C:T
22:47006247:G:A
22:47006273:C:T
22:47006357:C:A
22:47006468:T:C
22:47006512:G:A
22:47008432:T:C
22:47008755:C:T
22:47009196:C:T
22:47009871:C:T
22:47009915:G:A
22:47013535:C:T
22:47013891:G:T
22:47014297:G:A
22:47014501:C:T
22:47015133:G:A
22:47015994:C:T
22:47018166:C:T
22:47021226:A:G
22:47021996:G:T
22:47026253:C:T
22:47026467:C:A
22:47026796:C:T
22:47026852:C:T
22:47028314:A:T
22:47029483:G:C
22:47030240:A:C
22:47031967:C:T
22:47032429:G:A
22:47033534:G:A
22:47034722:C:T
22:47034829:G:A
22:47034838:T:C
22:47035614:G:T
22:47036096:T:C
22:47036451:G:A
22:47037054:T:C
22:47038081:G:A
22:47045556:T:A
22:47046397:T:C
22:47046426:C:G
22:47046512:T:C
22:47048378:A:G
22:47048792:A:G
22:47049086:C:T
22:47049138:C:A
22:47049225:T:C
22:47049474:G:A
22:47050210:G:A
22:47050336:C:T
22:47050387:G:A
22:47050744:G:A
22:47051918:T:C
22:47052693:T:G
22:47053233:A:G
22:47053718:T:C
22:47054671:C:T
22:47057076:G:A
22:47057191:C:T
22:47057197:C:T
22:47057573:A:G
22:47059282:C:T
22:47059372:C:A
22:47059597:A:G
22:47060277:T:C
22:47060393:T:C
22:47060976:C:T
22:47061791:C:T
22:47061916:A:T
22:47063330:A:G
22:47063359:T:C
22:47064164:C:A
22:47064665:C:T
22:47064837:A:C
22:47065084:A:C
22:47066294:T:C
22:47068935:G:T
22:47069223:A:G
22:47070432:G:C
22:47070747:G:T
22:47071531:T:C
22:47071860:A:C
22:47072070:C:T
22:47072477:G:A
22:47073721:C:T
22:47073776:A:G
22:47073801:G:A
22:47073861:C:T
22:47073875:T:C
22:47074258:G:A
22:47074281:G:A
22:47074937:T:C
22:47075462:C:T
22:47075918:G:A
22:47078590:T:C
22:47078728:C:T
22:47080026:G:A
22:47080465:T:C
22:47080801:G:C
22:47081716:A:G
22:47081855:A:G
22:47082023:G:A
22:47082345:C:T
22:47083010:T:C
22:47083012:T:A
22:47083314:A:G
22:47083694:G:C
22:47083770:G:A
22:47083813:G:A
22:47084696:G:A
22:47085166:G:A
22:47085924:G:A
22:47087283:G:T
22:47087670:G:A
22:47089019:A:C
22:47089274:G:A
22:47090096:G:A
22:47090115:C:T
22:47090233:A:G
22:47090243:C:G
22:47091321:C:T
22:47091342:G:C
22:47091738:C:T
22:47092717:T:C
22:47092755:C:G
22:47093801:A:G
22:47093835:A:G
22:47093846:G:A
22:47094390:C:T
22:47094810:A:T
22:47095172:C:G
22:47095409:C:G
22:47095618:C:T
22:47097194:C:T
22:47097450:C:T
22:47098720:T:C
22:47102184:T:C
22:47102392:T:C
22:47102495:C:G
22:47102525:T:A
22:47102722:G:A
22:47102907:A:G
22:47103138:T:C
22:47103512:G:A
22:47104011:C:T
22:47105837:G:A
22:47106715:G:A
22:47108669:G:A
22:47111432:A:G
22:47113200:C:T
22:47113688:G:T
22:47113706:T:C
22:47113845:A:G
22:47113952:A:G
22:47113978:C:A
22:47114086:G:T
22:47114521:T:C
22:47114663:G:A
22:47114742:A:G
22:47115680:C:T
22:47115756:A:G
22:47115825:A:C
22:47116274:C:T
22:47116317:C:G
22:47117573:C:T
22:47121095:C:A
22:47122677:G:A
22:47122760:C:G
22:47123616:C:T
22:47123963:T:C
22:47124012:C:T
22:47124827:A:C
22:47125391:G:A
22:47125474:A:G
22:47126307:C:G
22:47126715:T:C
22:47126992:G:A
22:47127988:G:C
22:47130078:T:A
22:47130651:A:G
22:47130782:A:T
22:47131397:G:C
22:47132050:C:A
22:47132809:A:C
22:47135205:A:C
22:47135272:G:A
22:47136141:C:T
22:47136145:A:G
22:47136367:T:A
22:47136469:A:G
22:47138659:A:G
22:47145278:G:A
22:47145301:A:G
22:47145302:T:C
22:47145726:T:C
22:47146684:C:T
22:47146706:A:G
22:47146867:A:G
22:47146936:G:A
22:47147034:A:C
22:47147117:C:T
22:47147795:A:G
22:47152176:C:G
22:47156703:T:C
22:47157139:C:T
22:47157221:G:C
22:47158179:G:A
22:47158444:T:C
22:47159028:T:C
22:47163320:T:A
22:47165443:C:T
22:47169032:A:G
22:47169270:C:T
22:47169675:A:G
22:47171456:T:C
22:47171543:G:A
22:47171974:G:A
22:47172243:T:C
22:47172915:G:T
22:47173574:A:G
22:47173722:C:G
22:47175192:C:T
22:47176011:G:C
22:47178611:T:C
22:47179320:G:A
22:47179592:C:T
22:47179599:C:T
22:47179959:T:G
22:47181552:A:G
22:47182274:G:A
22:47182861:A:G
22:47182944:G:T
22:47184783:A:G
22:47185415:C:T
22:47185604:G:A
22:47187962:C:A
22:47188083:T:G
22:47190735:T:G
22:47191349:A:G
22:47191699:A:G
22:47191916:G:T
22:47192583:C:G
22:47192595:G:A
22:47192653:C:T
22:47195050:G:C
22:47195274:T:C
22:47195603:C:T
22:47195661:A:G
22:47195681:T:G
22:47196383:T:G
22:47196524:A:G
22:47196834:G:A
22:47198055:G:A
22:47198112:A:G
22:47198133:G:C
22:47198721:A:T
22:47198930:T:A
22:47198932:C:G
22:47198999:G:A
22:47199148:A:G
22:47199389:G:C
22:47199633:A:G
22:47199976:G:A
22:47200180:A:G
22:47200353:T:C
22:47200354:T:C
22:47200445:A:T
22:47200891:A:G
22:47206351:A:T
22:47206644:A:G
22:47207059:G:C
22:47207807:T:G
22:47207880:A:G
22:47208009:C:T
22:47208226:C:A
22:47208945:G:A
22:47209495:T:C
22:47209598:G:A
22:47209807:A:G
22:47209900:T:C
22:47210183:A:G
22:47213293:A:G
22:47213318:A:G
22:47214749:T:G
22:47214796:G:C
22:47216644:A:T
22:47217010:C:T
22:47217677:C:T
22:47218466:A:C
22:47219306:G:A
22:47220442:A:G
22:47220902:A:G
22:47221733:G:A
22:47222682:T:G
22:47222781:A:G
22:47224481:A:G
22:47225606:G:A
22:47226117:A:G
22:47226383:G:A
22:47226800:C:G
22:47227119:T:C
22:47227873:T:C
22:47230348:T:C
22:47230349:G:C
22:47230553:G:T
22:47231433:C:T
22:47232074:C:T
22:47233229:A:G
22:47234540:T:C
22:47234866:A:G
22:47235116:C:T
22:47235440:A:G
22:47237310:G:T
22:47237747:G:A
22:47238399:C:T
22:47238426:T:C
22:47239142:A:G
22:47239211:A:G
22:47239245:T:A
22:47239699:G:T
22:47240210:C:G
22:47240744:T:C
22:47240864:G:A
22:47240908:T:C
22:47241794:G:A
22:47241889:A:G
22:47242048:G:C
22:47242333:T:C
22:47243463:T:C
22:47244959:A:G
22:47245715:A:T
22:47245836:G:A
22:47247170:G:A
22:47248069:T:G
22:47248151:T:C
22:47248342:A:C
22:47248388:A:G
22:47248604:A:G
22:47249002:G:A
22:47249551:G:A
22:47249600:A:C
22:47250117:G:A
22:47250120:A:G
22:47250604:G:C
22:47250635:G:A
22:47251125:T:C
22:47251274:C:G
22:47251917:A:C
22:47254582:G:A
22:47257542:C:T
22:47258179:C:T
22:47258348:G:A
22:47258352:C:G
22:47258502:G:A
22:47258861:G:T
22:47259325:G:A
22:47260154:C:T
22:47260565:T:A
22:47262388:G:A
22:47264573:T:C
22:47264769:C:G
22:47265412:T:C
22:47266650:C:T
22:47267906:G:A
22:47268069:G:A
22:47268167:A:G
22:47268743:A:G
22:47269572:T:C
22:47271217:T:G
22:47271338:G:T
22:47271747:T:C
22:47272165:C:T
22:47272894:T:C
22:47273044:G:A
22:47274638:C:T
22:47275076:C:G
22:47275290:T:G
22:47275902:T:C
22:47276397:A:G
22:47276684:G:A
22:47277270:A:G
22:47278173:A:G
22:47278852:G:T
22:47279037:C:T
22:47279542:C:T
22:47279683:T:C
22:47280260:G:T
22:47280459:C:G
22:47281239:T:C
22:47282250:G:A
22:47282386:C:T
22:47282702:C:T
22:47282727:T:C
22:47284072:C:T
22:47284389:A:C
22:47284449:T:C
22:47284566:C:T
22:47285486:A:G
22:47287073:T:G
22:47287741:C:T
22:47288122:T:C
22:47288145:T:C
22:47288407:T:A
22:47288410:T:C
22:47288426:G:A
22:47288807:G:A
22:47289798:G:C
22:47289981:C:G
22:47290858:T:C
22:47290876:A:G
22:47291712:A:T
22:47291992:T:C
22:47291993:G:A
22:47292181:T:C
22:47292254:C:T
22:47292353:A:C
22:47292488:A:G
22:47292537:A:G
22:47292573:G:C
22:47292700:C:G
22:47292833:A:C
22:47292841:G:A
22:47292871:T:G
22:47292960:T:C
22:47292967:C:T
22:47293068:G:A
22:47293237:T:G
22:47293288:A:T
22:47293470:C:G
22:47293813:T:C
22:47293815:T:C
22:47294167:A:G
22:47294230:G:A
22:47294306:G:A
22:47294307:G:A
22:47294803:A:G
22:47295111:A:G
22:47295417:C:T
22:47295437:A:T
22:47295542:T:A
22:47295640:T:C
22:47295656:A:G
22:47295877:T:C
22:47296036:A:G
22:47296376:T:C
22:47296574:T:C
22:47296821:C:T
22:47297437:T:A
22:47297593:T:G
22:47297670:C:G
22:47298873:C:T
22:47298985:T:C
22:47299225:C:T
22:47299533:T:C
22:47299646:T:A
22:47299725:G:A
22:47299945:T:A
22:47301192:A:C
22:47301210:T:C
22:47301228:C:T
22:47301442:G:A
22:47301657:A:G
22:47301682:G:A
22:47301743:G:A
22:47301789:A:G
22:47301822:T:C
22:47301856:T:C
22:47301986:C:A
22:47302012:C:T
22:47302227:A:T
22:47302228:A:T
22:47302307:G:A
22:47302350:C:T
22:47302437:G:A
22:47302449:T:G
22:47302584:G:A
22:47302627:C:A
22:47303124:T:C
22:47303138:G:A
22:47303445:C:T
22:47303927:A:C
22:47304259:C:A
22:47304386:G:A
22:47304504:C:G
22:47304870:C:T
22:47305079:A:G
22:47305102:T:C
22:47305436:C:T
22:47305882:C:T
22:47306064:T:G
22:47306189:T:G
22:47306393:T:C
22:47306607:T:C
22:47306750:G:C
22:47306799:G:C
22:47307159:C:G
22:47307177:G:A
22:47307230:C:A
22:47307287:C:T
22:47307378:G:A
22:47307416:C:T
22:47307884:G:A
22:47308301:G:T
22:47308942:T:G
22:47308974:T:C
22:47308975:T:C
22:47309007:G:A
22:47309019:G:A
22:47309290:C:T
22:47309351:T:C
22:47309477:A:G
22:47309586:G:A
22:47309793:A:G
22:47309884:C:T
22:47310016:A:G
22:47310081:G:C
22:47310101:G:A
22:47310103:A:G
22:47310480:A:G
22:47310536:G:A
22:47310589:T:C
22:47310852:T:C
22:47311404:A:T
22:47311801:A:G
22:47312630:G:T
22:47313082:G:A
22:47313350:T:C
22:47313714:C:T
22:47314090:T:C
22:47314522:T:C
22:47315094:T:C
22:47315544:T:C
22:47317892:A:G
22:47318675:T:G
22:47318998:C:T
22:47319373:G:C
22:47319436:A:G
22:47319679:C:T
22:47319975:C:A
22:47320823:C:A
22:47320843:T:C
22:47321120:A:G
22:47321283:G:T
22:47321392:T:G
22:47321877:G:A
22:47322092:C:T
22:47322937:C:T
22:47323171:G:C
22:47323399:G:T
22:47323417:C:T
22:47323791:C:G
22:47324035:A:C
22:47324705:C:T
22:47325193:G:A
22:47325974:T:C
22:47326125:T:C
22:47327410:G:A
22:47327745:T:C
22:47327892:T:C
22:47327995:G:C
22:47329534:G:A
22:47329866:G:C
22:47330328:C:A
22:47330955:C:G
22:47331805:T:C
22:47332082:C:T
22:47332690:C:T
22:47333111:T:C
22:47334146:G:T
22:47335048:C:G
22:47338438:G:A
22:47339506:G:A
22:47340012:T:C
22:47341245:C:G
22:47342285:T:C
22:47342408:A:G
22:47342501:T:G
22:47343297:G:C
22:47343818:T:A
22:47343997:G:A
22:47344209:T:C
22:47345410:C:T
22:47345715:C:T
22:47345812:C:G
22:47346109:T:C
22:47346127:G:T
22:47346221:A:G
22:47347264:G:A
22:47348039:G:T
22:47348685:C:T
22:47348834:G:A
22:47349718:A:G
22:47350931:T:C
22:47351313:T:C
22:47352972:G:A
22:47353099:C:T
22:47353414:C:T
22:47353515:G:A
22:47353521:A:G
22:47353621:A:G
22:47353869:G:A
22:47354003:G:C
22:47354010:G:A
22:47354056:G:A
22:47354313:G:A
22:47355346:G:A
22:47355583:C:T
22:47357482:C:A
22:47358135:A:G
22:47358367:G:A
22:47358512:G:A
22:47358522:T:C
22:47358645:G:C
22:47361206:C:T
22:47361244:C:T
22:47361916:G:C
22:47362039:T:C
22:47365201:G:A
22:47365333:G:T
22:47366643:T:A
22:47366813:C:T
22:47368238:C:T
22:47368668:G:T
22:47369660:T:C
22:47370343:G:A
22:47370496:C:A
22:47371218:C:T
22:47372194:G:A
22:47372330:C:T
22:47372368:C:T
22:47373553:T:G
22:47374454:G:A
22:47374896:G:T
22:47375631:A:C
22:47380460:A:G
22:47380811:C:T
22:47382150:A:G
22:47382602:T:C
22:47383131:T:C
22:47383618:T:G
22:47383751:C:T
22:47384035:T:C
22:47384037:A:G
22:47385174:G:A
22:47385342:T:C
22:47386010:A:T
22:47387316:T:C
22:47387622:G:A
22:47387792:T:C
22:47387930:A:T
22:47388215:C:T
22:47388322:G:C
22:47388595:C:T
22:47388609:G:A
22:47388740:T:C
22:47389482:G:A
22:47390135:C:A
22:47390298:C:T
22:47390670:T:G
22:47390786:A:T
22:47391310:T:C
22:47391356:A:G
22:47391428:T:A
22:47393167:C:T
22:47393235:A:G
22:47393400:G:A
22:47394138:C:T
22:47394500:A:G
22:47395215:T:C
22:47397435:G:A
22:47398652:C:T
22:47401204:G:A
22:47402351:T:G
22:47402564:C:T
22:47403224:C:T
22:47403598:T:G
22:47405061:A:C
22:47406764:A:T
22:47407659:T:C
22:47408984:C:T
22:47410000:A:G
22:47410226:G:A
22:47411565:A:G
22:47411941:G:A
22:47412450:G:A
22:47412488:T:C
22:47412625:A:G
22:47413067:G:T
22:47413351:G:A
22:47413684:A:G
22:47414241:A:C
22:47414758:T:A
22:47415024:A:G
22:47415437:G:A
22:47415588:A:C
22:47415613:G:T
22:47415937:C:A
22:47416299:T:C
22:47416562:G:A
22:47416709:T:A
22:47416795:C:G
22:47416898:A:T
22:47418310:A:G
22:47418689:T:C
22:47418714:G:A
22:47419516:A:G
22:47419861:A:G
22:47420264:A:G
22:47420776:A:G
22:47421659:T:G
22:47422241:T:C
22:47422310:G:A
22:47422429:T:A
22:47423799:C:T
22:47423800:C:T
22:47423881:G:A
22:47425217:C:A
22:47425277:C:T
22:47425411:C:T
22:47425430:C:G
22:47425920:A:T
22:47426808:C:G
22:47427486:T:C
22:47427875:C:G
22:47429403:C:T
22:47429528:G:C
22:47429754:G:A
22:47430270:C:T
22:47430981:C:T
22:47432252:G:A
22:47432419:G:C
22:47433805:T:C
22:47434170:C:T
22:47434175:G:A
22:47434236:T:G
22:47436323:G:A
22:47436417:G:C
22:47436551:G:A
22:47436940:G:A
22:47437019:G:C
22:47437058:C:A
22:47437431:A:C
22:47437509:G:A
22:47437566:C:T
22:47437728:A:T
22:47437808:T:C
22:47437873:A:G
22:47438022:C:G
22:47438107:T:C
22:47438392:A:G
22:47438443:C:T
22:47438952:C:A
22:47438961:T:C
22:47439082:A:G
22:47439094:T:C
22:47439276:T:C
22:47439521:G:A
22:47440321:G:C
22:47440669:G:A
22:47440700:A:G
22:47440701:T:A
22:47440770:T:C
22:47440958:G:A
22:47441424:T:C
22:47441559:T:C
22:47441640:T:G
22:47441759:C:T
22:47441764:A:T
22:47441926:T:C
22:47441982:G:A
22:47441991:G:A
22:47442060:A:C
22:47442422:G:A
22:47442454:A:G
22:47442593:G:A
22:47442619:C:T
22:47442791:G:A
22:47443075:T:C
22:47443370:A:G
22:47443386:G:T
22:47443642:G:A
22:47443731:C:T
22:47443952:A:G
22:47444114:A:G
22:47444180:G:A
22:47444426:C:T
22:47444688:A:G
22:47444823:G:C
22:47444825:G:C
22:47444912:C:G
22:47445004:A:G
22:47445095:A:G
22:47445236:A:G
22:47445237:T:C
22:47445773:A:G
22:47447437:C:T
22:47447487:A:G
22:47449089:G:A
22:47449903:C:G
22:47450911:G:A
22:47451625:C:T
22:47453537:C:T
22:47454664:G:A
22:47456735:A:G
22:47458423:G:A
22:47458495:G:A
22:47458499:C:T
22:47458767:G:A
22:47458813:T:C
22:47458910:G:A
22:47459008:T:C
22:47459020:G:A
22:47459025:C:G
22:47459143:A:G
22:47459155:C:T
22:47459247:T:C
22:47459260:T:C
22:47459413:T:C
22:47460370:T:C
22:47460537:G:A
22:47460554:G:A
22:47460653:A:T
22:47460656:A:G
22:47460683:C:T
22:47462024:G:A
22:47463485:T:C
22:47463905:C:T
22:47464861:A:G
22:47467352:T:C
22:47467398:G:C
22:47467449:C:A
22:47467654:A:G
22:47468001:G:A
22:47468121:C:T
22:47468735:T:C
22:47468752:C:T
22:47469857:C:T
22:47470112:C:T
22:47470451:T:G
22:47470575:A:G
22:47470688:A:T
22:47471610:A:G
22:47471998:A:T
22:47472482:C:T
22:47472895:C:G
22:47472913:G:A
22:47473738:T:G
22:47473798:G:A
22:47474035:G:A
22:47475805:T:C
22:47476395:G:T
22:47478583:A:G
22:47478839:G:A
22:47479174:G:A
22:47479957:G:A
22:47483147:C:T
22:47484687:G:T
22:47485234:A:G
22:47488132:T:C
22:47489206:G:C
22:47489470:A:G
22:47490197:G:A
22:47490282:A:G
22:47490617:T:C
22:47490685:C:T
22:47491015:T:C
22:47491183:C:G
22:47491537:T:G
22:47492189:A:G
22:47492213:T:C
22:47494446:A:G
22:47494608:C:A
22:47496015:T:C
22:47496352:G:A
22:47497208:G:A
22:47497788:C:T
22:47499549:A:G
22:47500783:C:T
22:47500904:C:T
22:47501133:T:A
22:47502857:T:C
22:47503067:T:G
22:47503364:T:C
22:47503584:A:G
22:47503851:C:T
22:47503964:C:T
22:47504115:G:A
22:47504205:A:C
22:47504282:G:A
22:47504556:T:C
22:47504899:A:G
22:47505299:T:C
22:47505514:T:C
22:47505663:G:C
22:47505742:C:T
22:47506045:C:T
22:47507854:G:A
22:47508573:C:T
22:47509872:G:C
22:47509921:G:A
22:47510778:G:A
22:47511496:C:T
22:47511864:C:A
22:47517109:C:G
22:47518044:G:A
22:47518660:C:T
22:47518831:G:A
22:47519476:C:T
22:47519909:G:A
22:47521110:T:C
22:47521115:T:A
22:47522464:A:G
22:47523075:T:C
22:47525744:G:A
22:47527594:G:A
22:47528138:G:A
22:47528155:C:T
22:47528634:A:G
22:47529157:G:A
22:47529288:C:G
22:47529458:G:A
22:47530149:G:T
22:47530706:G:A
22:47530945:G:A
22:47530981:G:A
22:47531320:C:T
22:47532014:T:C
22:47532396:A:G
22:47532487:C:A
22:47532591:T:C
22:47532641:T:C
22:47533337:G:A
22:47533458:C:A
22:47534597:G:A
22:47536762:A:G
22:47538739:G:A
22:47539473:C:G
22:47539580:G:C
22:47539585:A:G
22:47539586:G:A
22:47541292:G:A
22:47541759:G:A
22:47543593:G:T
22:47543791:A:G
22:47543943:C:T
22:47544979:A:G
22:47545242:A:G
22:47546271:T:C
22:47547142:A:G
22:47547713:A:G
22:47548112:C:A
22:47548188:C:T
22:47548321:C:T
22:47548538:G:A
22:47548650:C:T
22:47548684:C:T
22:47548877:A:G
22:47548949:G:A
22:47549823:A:G
22:47551004:C:T
22:47551527:T:C
22:47551628:G:C
22:47551891:T:C
22:47552523:G:A
22:47552621:G:A
22:47552651:A:G
22:47552705:G:A
22:47552855:G:A
22:47553037:C:G
22:47553202:G:A
22:47553250:T:C
22:47553280:T:C
22:47553354:C:T
22:47553865:A:G
22:47554141:A:C
22:47554186:C:G
22:47554289:G:A
22:47554303:C:T
22:47554391:T:C
22:47555844:A:G
22:47556231:G:A
22:47556343:C:T
22:47556391:G:A
22:47556506:C:A
22:47556717:C:A
22:47556935:C:G
22:47557223:G:C
22:47557409:C:T
22:47557477:G:C
22:47557483:C:T
22:47558805:C:T
22:47559449:G:T
22:47559585:A:G
22:47559797:G:A
22:47559909:T:G
22:47560177:C:G
22:47560334:A:G
22:47560378:G:C
22:47560432:C:G
22:47560778:T:C
22:47561347:G:C
22:47561467:A:G
22:47561788:C:T
22:47561981:C:T
22:47562476:G:A
22:47562655:T:C
22:47562924:A:G
22:47562997:T:C
22:47563755:C:T
22:47564781:C:G
22:47565035:A:G
22:47565306:C:T
22:47565483:G:A
22:47565882:C:G
22:47565931:A:G
22:47567871:T:C
22:47568203:A:G
22:47568448:G:C
22:47568818:G:A
22:47569605:G:C
22:47570544:G:A
22:47571085:C:T
22:47571203:G:A
22:47571480:G:A
22:47572713:A:G
22:47572997:G:A
22:47573016:G:A
22:47573065:C:A
22:47573107:A:G
22:47573148:C:T
22:47573257:T:C
22:47573451:G:A
22:47573484:C:G
22:47573485:G:A
22:47573516:C:T
22:47574088:G:A
22:47574339:A:T
22:47574778:G:T
22:47575528:A:G
22:47576136:C:G
22:47576749:T:C
22:47577338:A:C
22:47578009:T:C
22:47579663:A:G
22:47582759:A:G
22:47583814:T:A
22:47585294:A:G
22:47587009:A:G
22:47587258:A:C
22:47588106:C:G
22:47588118:T:C
22:47589697:T:C
22:47591636:G:T
22:47593078:G:A
22:47593331:G:A
22:47593413:A:G
22:47593592:T:C
22:47593680:C:T
22:47594642:T:G
22:47594798:G:C
22:47595959:A:G
22:47597031:C:T
22:47597504:C:G
22:47599811:G:A
22:47599841:C:T
22:47600154:T:A
22:47600356:T:C
22:47600391:A:G
22:47600443:T:C
22:47600576:C:T
22:47600594:A:G
22:47600969:C:T
22:47601142:G:A
22:47601195:T:G
22:47601211:A:G
22:47601260:T:C
22:47601555:C:T
22:47601589:A:G
22:47602640:C:T
22:47603169:A:C
22:47603346:T:C
22:47603497:A:C
22:47603947:T:C
22:47604143:A:T
22:47604153:C:T
22:47604256:G:T
22:47604336:A:C
22:47604571:T:C
22:47605031:T:C
22:47605254:C:T
22:47605356:A:G
22:47605533:C:T
22:47605552:C:G
22:47605937:A:G
22:47606013:T:C
22:47609590:G:A
22:47609752:C:T
22:47609914:A:G
22:47611150:A:T
22:47611201:A:G
22:47611334:G:A
22:47611493:A:G
22:47611540:A:G
22:47614044:G:A
22:47614122:C:G
22:47614146:C:T
22:47614232:T:C
22:47614664:G:A
22:47614730:C:G
22:47615536:A:T
22:47615749:G:A
22:47617474:G:A
22:47618045:C:T
22:47618561:A:G
22:47619415:G:A
22:47619420:C:G
22:47619594:G:A
22:47619793:A:G
22:47619861:C:A
22:47620249:G:A
22:47620677:G:A
22:47620898:G:A
22:47620975:T:C
22:47620994:C:T
22:47621136:T:C
22:47622011:C:G
22:47622599:G:A
22:47622870:G:A
22:47623002:C:T
22:47623528:C:T
22:47623942:C:T
22:47624349:C:T
22:47624668:C:T
22:47624964:A:G
22:47625078:A:G
22:47625244:A:C
22:47625285:G:C
22:47625392:A:G
22:47625648:G:T
22:47625743:G:A
22:47625777:A:G
22:47626036:T:C
22:47626346:A:G
22:47627051:A:G
22:47627231:C:T
22:47627818:C:G
22:47628183:A:G
22:47628673:G:T
22:47628817:T:C
22:47629503:G:A
22:47630811:A:C
22:47631021:G:A
22:47631256:T:G
22:47631491:G:A
22:47632674:A:T
22:47633238:G:A
22:47633989:A:G
22:47634052:C:G
22:47634327:C:T
22:47634970:G:A
22:47636116:G:T
22:47637995:C:T
22:47642100:C:T
22:47643472:C:T
22:47643653:C:T
22:47643750:A:G
22:47644649:C:T
22:47644846:C:G
22:47645186:C:T
22:47645285:G:A
22:47645317:C:T
22:47646000:G:A
22:47646051:T:C
22:47646342:T:C
22:47646483:T:C
22:47646583:G:T
22:47646844:C:T
22:47647202:G:A
22:47647385:G:A
22:47647430:C:A
22:47647468:G:A
22:47647572:G:A
22:47648107:C:T
22:47648233:C:A
22:47648431:A:G
22:47648441:G:A
22:47652048:G:T
22:47652614:C:A
22:47653549:A:G
22:47657108:T:C
22:47657277:T:A
22:47659250:G:A
22:47661522:G:T
22:47661726:A:G
22:47661881:G:T
22:47662211:C:T
22:47663026:G:A
22:47663686:T:G
22:47664594:G:T
22:47664734:A:G
22:47664740:T:C
22:47664826:G:A
22:47664844:T:A
22:47665155:C:G
22:47665161:G:A
22:47665204:A:G
22:47665229:G:A
22:47665797:A:C
22:47666205:G:A
22:47667279:A:G
22:47667464:G:C
22:47670894:T:C
22:47671207:T:C
22:47671400:C:T
22:47671579:C:T
22:47671680:C:T
22:47673948:C:G
22:47674364:G:C
22:47674548:A:G
22:47675128:G:A
22:47675263:T:C
22:47675283:T:C
22:47676498:T:C
22:47676867:C:A
22:47678690:C:T
22:47679506:G:A
22:47679901:C:T
22:47680100:G:T
22:47680910:A:G
22:47682871:C:G
22:47683564:T:C
22:47683805:T:C
22:47684780:C:A
22:47687170:G:A
22:47687560:C:T
22:47687618:T:C
22:47688003:C:T
22:47688227:T:C
22:47688349:C:T
22:47688965:T:C
22:47689334:T:G
22:47689846:G:A
22:47692636:G:A
22:47693630:C:T
22:47695183:C:T
22:47695828:C:T
22:47699003:A:G
22:47699213:T:C
22:47699417:G:T
22:47701326:A:G
22:47701711:T:C
22:47702808:T:C
22:47703349:C:T
22:47704354:A:G
22:47704844:T:C
22:47704855:G:C
22:47706008:A:G
22:47706502:G:A
22:47706519:G:A
22:47707193:T:C
22:47707793:G:C
22:47707928:T:A
22:47708377:G:T
22:47708697:C:G
22:47709888:G:A
22:47710815:G:A
22:47711496:C:A
22:47711836:C:T
22:47712676:T:C
22:47712684:G:A
22:47713121:C:T
22:47713478:G:A
22:47713848:G:A
22:47715120:G:A
22:47715159:C:G
22:47715436:G:A
22:47715462:G:A
22:47715467:G:A
22:47715811:T:C
22:47715863:T:C
22:47717140:C:T
22:47718670:G:T
22:47719793:A:G
22:47720973:C:T
22:47721155:A:G
22:47722969:T:C
22:47723265:C:T
22:47724528:C:T
22:47724800:G:A
22:47724923:T:C
22:47725254:C:T
22:47726089:C:T
22:47726721:G:A
22:47727698:A:G
22:47728935:A:G
22:47728955:T:C
22:47728994:A:G
22:47729299:T:C
22:47729347:T:A
22:47730103:C:T
22:47732740:A:G
22:47732918:C:G
22:47735419:G:A
22:47736018:T:C
22:47739755:G:C
22:47739902:G:A
22:47740202:G:A
22:47740261:G:A
22:47740890:C:T
22:47746101:C:T
22:47748199:C:T
22:47748531:G:A
22:47748550:G:A
22:47748572:G:A
22:47748764:G:A
22:47749697:G:C
22:47750127:C:T
22:47750957:T:C
22:47752111:G:T
22:47752282:T:C
22:47753575:A:G
22:47755325:G:T
22:47757314:T:C
22:47757547:T:A
22:47758290:T:C
22:47758962:A:G
22:47759869:G:T
22:47760755:C:T
22:47760758:T:C
22:47763030:G:A
22:47763089:C:G
22:47763158:T:C
22:47763424:T:C
22:47764461:A:G
22:47765729:C:T
22:47766183:G:A
22:47766596:G:A
22:47766657:C:T
22:47767893:A:G
22:47768023:T:G
22:47768926:A:G
22:47769712:C:T
22:47769905:G:A
22:47769944:G:A
22:47770013:G:A
22:47770216:A:G
22:47770538:C:G
22:47770651:G:C
22:47771300:G:A
22:47771550:G:A
22:47771877:A:C
22:47772696:T:C
22:47772864:G:A
22:47774429:T:C
22:47775753:T:C
22:47775981:G:A
22:47776528:A:C
22:47777421:G:C
22:47777597:A:G
22:47778235:C:T
22:47778240:T:C
22:47778801:C:T
22:47779758:C:T
22:47779794:C:T
22:47780108:C:A
22:47780845:C:T
22:47781321:A:T
22:47781347:T:C
22:47781387:C:T
22:47781990:A:T
22:47781991:C:G
22:47781993:C:G
22:47782005:A:G
22:47782746:T:A
22:47783169:C:T
22:47783465:T:G
22:47783906:G:C
22:47784577:C:G
22:47784894:G:A
22:47785136:G:A
22:47785610:C:T
22:47785985:A:C
22:47786014:G:A
22:47786315:G:C
22:47786404:C:T
22:47786662:G:A
22:47786891:T:C
22:47788629:C:T
22:47788842:G:C
22:47788910:G:T
22:47788961:C:A
22:47789099:T:A
22:47789424:C:T
22:47789474:T:C
22:47790055:T:A
22:47790072:T:C
22:47790396:G:A
22:47790719:T:G
22:47790857:A:G
22:47791285:G:A
22:47791840:C:T
22:47793443:C:T
22:47794456:C:A
22:47795392:G:A
22:47796600:T:C
22:47796638:G:A
22:47797442:C:T
22:47797917:G:C
22:47799105:C:T
22:47799675:G:A
22:47802627:T:A
22:47802782:A:G
22:47802810:T:C
22:47803402:A:G
22:47804539:G:A
22:47805170:C:A
22:47805572:T:C
22:47805624:T:C
22:47805677:T:C
22:47806196:G:A
22:47806356:T:C
22:47806774:A:G
22:47806929:T:A
22:47807456:C:G
22:47807852:A:G
22:47808713:T:C
22:47809200:T:C
22:47809740:A:C
22:47811510:A:G
22:47811511:G:C
22:47811675:C:T
22:47814382:T:C
22:47814386:G:C
22:47815191:T:C
22:47817941:G:T
22:47818204:C:A
22:47818957:A:T
22:47819245:G:A
22:47819383:G:A
22:47820423:C:A
22:47820668:C:T
22:47821024:G:C
22:47822571:T:A
22:47823761:T:G
22:47824237:T:C
22:47824783:T:C
22:47824784:G:A
22:47824850:C:T
22:47826606:C:G
22:47827866:C:G
22:47829281:T:C
22:47830777:C:T
22:47832112:G:A
22:47832502:T:G
22:47833323:G:C
22:47833613:T:C
22:47834667:A:G
22:47835593:T:A
22:47836412:G:A
22:47837011:A:G
22:47837513:C:T
22:47839006:T:A
22:47839090:C:T
22:47840122:C:T
22:47842211:T:C
22:47842223:A:G
22:47842303:A:G
22:47842750:G:C
22:47842948:G:A
22:47843546:T:C
22:47844791:A:G
22:47846204:A:C
22:47848129:G:C
22:47850935:C:T
22:47851349:G:A
22:47851757:A:G
22:47852187:T:C
22:47852380:G:A
22:47857295:T:C
22:47857537:T:C
22:47857551:T:G
22:47857576:A:G
22:47859199:C:T
22:47859486:G:T
22:47859498:C:T
22:47859819:G:C
22:47859894:C:T
22:47860219:T:C
22:47860236:C:T
22:47860642:T:G
22:47860679:C:T
22:47862244:G:A
22:47862400:A:G
22:47862727:A:G
22:47863061:G:A
22:47864650:C:T
22:47864764:T:G
22:47867172:T:C
22:47867190:A:G
22:47870503:C:T
22:47870710:C:T
22:47871236:C:A
22:47871836:T:C
22:47872244:G:A
22:47872542:G:A
22:47874672:G:A
22:47879110:T:G
22:47879414:C:G
22:47880162:T:C
22:47881317:A:G
22:47881426:T:G
22:47881518:G:A
22:47882127:A:G
22:47882763:G:A
22:47886663:T:C
22:47887739:T:G
22:47889035:C:T
22:47890114:G:A
22:47890455:T:C
22:47891745:T:G
22:47892659:G:A
22:47893053:G:A
22:47893756:C:T
22:47893794:C:T
22:47894731:A:T
22:47895346:G:A
22:47897605:G:C
22:47898585:C:T
22:47899292:T:A
22:47899845:C:T
22:47899925:C:A
22:47901562:G:A
22:47901643:C:T
22:47902232:C:T
22:47902613:G:C
22:47905195:G:A
22:47905322:T:G
22:47906432:C:G
22:47906614:T:C
22:47907572:G:T
22:47907704:C:A
22:47907991:G:C
22:47908473:G:A
22:47908824:G:T
22:47909726:A:G
22:47910267:T:C
22:47910533:A:G
22:47910993:G:A
22:47911034:G:A
22:47911831:C:T
22:47912180:G:A
22:47915462:G:A
22:47915691:T:C
22:47915772:T:G
22:47916964:A:G
22:47917435:A:G
22:47917440:C:T
22:47917820:C:T
22:47919132:T:C
22:47920560:A:G
22:47927325:G:T
22:47927327:G:A
22:47927961:C:T
22:47928226:G:C
22:47929637:C:T
22:47929741:T:C
22:47930733:G:A
22:47931216:C:T
22:47931554:G:A
22:47931857:C:T
22:47933034:T:C
22:47934368:A:G
22:47935317:T:G
22:47935365:T:C
22:47935729:G:A
22:47937524:G:A
22:47937596:A:G
22:47937655:C:T
22:47937891:G:A
22:47939539:T:C
22:47939597:C:T
22:47939681:T:A
22:47940428:C:G
22:47940908:A:C
22:47943288:C:T
22:47943536:G:A
22:47944269:C:T
22:47944748:T:C
22:47944961:C:T
22:47945059:C:T
22:47946053:T:A
22:47946234:T:C
22:47946672:T:C
22:47947868:A:C
22:47948588:G:A
22:47949960:C:G
22:47952205:C:T
22:47953593:G:A
22:47954155:T:C
22:47954523:A:G
22:47956860:A:T
22:47958325:C:A
22:47958594:A:G
22:47958868:G:T
22:47959059:C:T
22:47959304:G:C
22:47959462:A:G
22:47959703:C:T
22:47960151:A:G
22:47961060:T:C
22:47963212:A:G
22:47965784:A:G
22:47965821:T:G
22:47965860:A:G
22:47966761:A:G
22:47967259:T:C
22:47968162:C:T
22:47968450:T:C
22:47968735:C:T
22:47968920:A:G
22:47969905:T:G
22:47970186:G:C
22:47970770:G:A
22:47971041:C:A
22:47972122:C:G
22:47976723:G:A
22:47978833:T:C
22:47979978:A:C
22:47984068:C:T
22:47985673:A:G
22:47987721:A:G
22:47987803:A:C
22:47987931:C:A
22:47989260:C:G
22:47989391:T:C
22:47989993:A:G
22:47990375:T:G
22:47992367:C:T
22:47993009:G:C
22:47993307:T:C
22:47993802:A:G
22:47997532:T:C
22:47998084:T:G
22:47998443:T:C
22:48000833:C:G
22:48001879:A:G
22:48002456:C:A
22:48002802:G:A
22:48005597:C:T
22:48005830:A:G
22:48006106:T:C
22:48006174:C:T
22:48006519:G:A
22:48008036:A:G
22:48008209:G:A
22:48008321:T:C
22:48008333:C:T
22:48008365:T:C
22:48008543:G:A
22:48008577:G:A
22:48009682:C:T
22:48009947:T:C
22:48009950:T:C
22:48010155:C:T
22:48010156:T:G
22:48010670:C:T
22:48010698:T:C
22:48010765:A:T
22:48010862:C:T
22:48010991:G:A
22:48011102:A:C
22:48011190:A:G
22:48011243:C:T
22:48011402:G:A
22:48011584:T:C
22:48011897:T:C
22:48011982:C:T
22:48012138:G:A
22:48012484:G:A
22:48013106:A:C
22:48013432:C:T
22:48015353:C:T
22:48015517:G:A
22:48016392:T:C
22:48016589:A:G
22:48017258:C:T
22:48018250:G:A
22:48018815:G:A
22:48019477:C:A
22:48019799:G:A
22:48020045:C:T
22:48020057:C:A
22:48020172:A:G
22:48022020:C:A
22:48022203:A:G
22:48023241:G:T
22:48023297:A:G
22:48023818:C:T
22:48027448:G:A
22:48028048:G:A
22:48028135:T:C
22:48028597:C:A
22:48028984:T:G
22:48029088:G:C
22:48029222:A:G
22:48032445:G:A
22:48034233:A:C
22:48036513:G:C
22:48036803:A:G
22:48038013:C:T
22:48038114:C:T
22:48038879:C:T
22:48040001:C:G
22:48040861:A:G
22:48040992:C:T
22:48041935:C:T
22:48041967:C:T
22:48043141:G:A
22:48043887:A:T
22:48043986:A:C
22:48044649:A:G
22:48044660:G:A
22:48044869:G:C
22:48045768:C:T
22:48045889:A:G
22:48047794:A:G
22:48047932:A:T
22:48048330:G:A
22:48049599:G:A
22:48049620:C:T
22:48049700:A:G
22:48051448:G:A
22:48052433:C:T
22:48053296:C:T
22:48053355:G:A
22:48053777:A:G
22:48053808:A:G
22:48055775:G:C
22:48056159:C:T
22:48056191:T:C
22:48057206:G:C
22:48057415:G:A
22:48057474:C:T
22:48060770:T:C
22:48060905:C:T
22:48060989:T:C
22:48061273:T:C
22:48062199:C:T
22:48062251:G:A
22:48062584:C:A
22:48064848:G:T
22:48065145:G:A
22:48067197:G:A
22:48068116:G:A
22:48068328:A:G
22:48068754:G:A
22:48068845:G:C
22:48068969:C:A
22:48070205:C:T
22:48070344:C:A
22:48071967:G:A
22:48072264:T:C
22:48072777:G:A
22:48072794:G:A
22:48073864:C:T
22:48074061:C:T
22:48080702:G:A
22:48081052:C:T
22:48082376:C:T
22:48082435:G:A
22:48083118:A:T
22:48084017:A:G
22:48084262:G:T
22:48085862:A:G
22:48085915:T:C
22:48086066:T:C
22:48086823:A:G
22:48087179:C:G
22:48088184:A:G
22:48088731:C:T
22:48089823:C:T
22:48089858:G:A
22:48090680:T:G
22:48090793:C:T
22:48091069:T:C
22:48092252:C:A
22:48092606:T:C
22:48093930:A:G
22:48094603:C:T
22:48094883:G:A
22:48094989:T:A
22:48095310:T:C
22:48096007:C:T
22:48096782:G:T
22:48096926:C:T
22:48096958:G:A
22:48097091:G:A
22:48097124:T:C
22:48097433:A:G
22:48097435:A:G
22:48097670:G:A
22:48098487:C:T
22:48098772:G:A
22:48098786:T:C
22:48099219:A:G
22:48100209:A:G
22:48100367:T:C
22:48100964:C:G
22:48101004:T:C
22:48101438:C:G
22:48102319:T:C
22:48102323:T:G
22:48102759:C:T
22:48102800:A:G
22:48102875:G:T
22:48102912:A:G
22:48103204:A:T
22:48103226:C:T
22:48103229:A:G
22:48103246:G:T
22:48103376:C:T
22:48103482:G:A
22:48103666:A:T
22:48104865:C:T
22:48104880:G:A
22:48105131:T:C
22:48105373:T:C
22:48105531:G:A
22:48105579:T:C
22:48105699:T:A
22:48106735:G:T
22:48108319:T:C
22:48109836:A:G
22:48110259:A:G
22:48111906:G:C
22:48112457:C:T
22:48112497:C:G
22:48112790:G:A
22:48113046:T:G
22:48113212:A:G
22:48113820:C:T
22:48114641:T:C
22:48117435:C:T
22:48119620:C:T
22:48120654:C:G
22:48121052:T:C
22:48121219:A:G
22:48121977:C:T
22:48122634:G:C
22:48123388:A:G
22:48123457:T:C
22:48124010:G:A
22:48125017:G:A
22:48125020:G:A
22:48125251:T:C
22:48125977:C:T
22:48126054:A:T
22:48127296:A:G
22:48130608:G:C
22:48130713:G:A
22:48131302:C:T
22:48132259:T:C
22:48132588:C:T
22:48132940:G:A
22:48133458:C:T
22:48134367:T:G
22:48134520:A:G
22:48135339:C:G
22:48136022:T:C
22:48136323:T:G
22:48136377:A:G
22:48137302:A:G
22:48137409:T:A
22:48137840:C:T
22:48138440:G:C
22:48140527:C:T
22:48140541:C:T
22:48140748:G:C
22:48142680:T:C
22:48143877:A:T
22:48143913:C:T
22:48143947:A:C
22:48144007:T:G
22:48144783:G:T
22:48144816:G:T
22:48144844:A:G
22:48145019:G:A
22:48145834:C:T
22:48146510:T:G
22:48146737:G:A
22:48147561:A:G
22:48149985:A:G
22:48150854:C:T
22:48152068:A:G
22:48153511:C:T
22:48155677:A:C
22:48156377:T:C
22:48156449:T:C
22:48157112:A:G
22:48159404:T:G
22:48160359:G:A
22:48161783:T:G
22:48162131:T:C
22:48162922:T:A
22:48169306:G:A
22:48171924:A:G
22:48172447:T:G
22:48172459:G:A
22:48172466:T:C
22:48172477:A:C
22:48172524:T:C
22:48172685:T:C
22:48172993:A:G
22:48173254:C:T
22:48175524:G:A
22:48175850:A:G
22:48175939:T:C
22:48177064:C:T
22:48177116:A:G
22:48177708:A:G
22:48178105:A:G
22:48178238:C:T
22:48178627:G:T
22:48178815:T:A
22:48178849:C:A
22:48179224:C:T
22:48179226:G:A
22:48179333:A:G
22:48179395:C:T
22:48179634:T:C
22:48179813:A:G
22:48180049:T:C
22:48180221:C:T
22:48180346:T:C
22:48180475:G:A
22:48181793:T:C
22:48181866:G:A
22:48182559:T:C
22:48182824:C:T
22:48182844:T:C
22:48182854:C:T
22:48182913:T:C
22:48182944:T:C
22:48182991:G:A
22:48183432:C:T
22:48183889:G:T
22:48184882:A:G
22:48186756:A:T
22:48187735:G:A
22:48188194:G:T
22:48188253:T:C
22:48188276:T:C
22:48188364:A:G
22:48188610:A:G
22:48190598:A:G
22:48190727:G:C
22:48190749:G:C
22:48192331:C:T
22:48192632:A:G
22:48193646:C:T
22:48194363:C:T
22:48195052:T:C
22:48195853:A:G
22:48196022:C:A
22:48196038:A:G
22:48196380:C:A
22:48198112:C:T
22:48198191:G:A
22:48198602:G:C
22:48198678:T:A
22:48200547:C:T
22:48200554:G:T
22:48200592:G:A
22:48200601:T:A
22:48200637:C:T
22:48201014:A:C
22:48202090:C:T
22:48202555:C:T
22:48203132:C:T
22:48203721:C:T
22:48204031:C:T
22:48204203:T:C
22:48204513:A:G
22:48204580:G:A
22:48204747:C:T
22:48206356:G:A
22:48206499:T:C
22:48206855:T:C
22:48206958:A:C
22:48207318:C:T
22:48207872:C:T
22:48207891:A:G
22:48207896:G:A
22:48207986:C:G
22:48208043:G:A
22:48209008:G:T
22:48209209:T:C
22:48209434:C:T
22:48210968:T:C
22:48211532:G:C
22:48212275:C:T
22:48213482:C:T
22:48213609:C:T
22:48213904:C:G
22:48214001:T:C
22:48214060:C:G
22:48214076:G:T
22:48214251:T:C
22:48214287:C:T
22:48214606:G:A
22:48214812:A:G
22:48215695:G:A
22:48215904:G:A
22:48216177:C:T
22:48216602:T:C
22:48216798:G:T
22:48216822:T:G
22:48217265:G:A
22:48218572:C:A
22:48218952:G:A
22:48219135:A:T
22:48220460:C:T
22:48220853:C:G
22:48220980:G:A
22:48221162:G:A
22:48221619:T:C
22:48221725:A:G
22:48221743:G:A
22:48221835:C:A
22:48221984:C:G
22:48222045:C:T
22:48222064:C:T
22:48222140:A:C
22:48222280:A:G
22:48222867:T:C
22:48222944:G:A
22:48223121:A:G
22:48223820:G:A
22:48224494:A:G
22:48224560:G:A
22:48224624:C:G
22:48224843:G:C
22:48224996:C:T
22:48224997:G:A
22:48225154:G:A
22:48225191:T:G
22:48225383:A:G
22:48225753:C:A
22:48225779:T:C
22:48226654:T:C
22:48227120:C:T
22:48227231:T:A
22:48227401:G:A
22:48227923:A:G
22:48228730:A:T
22:48228760:C:T
22:48228961:A:G
22:48230791:T:G
22:48230941:A:C
22:48231357:T:C
22:48231907:C:G
22:48232417:A:G
22:48233440:T:C
22:48234164:A:G
22:48234842:A:G
22:48235206:A:G
22:48235518:T:G
22:48235943:A:G
22:48236240:T:G
22:48236251:C:T
22:48236564:C:T
22:48236875:A:G
22:48237089:G:A
22:48237454:C:G
22:48237819:A:G
22:48238436:A:G
22:48238582:T:C
22:48238659:T:C
22:48239482:T:G
22:48240080:T:C
22:48240300:C:T
22:48240580:G:A
22:48241698:C:T
22:48241811:C:T
22:48243353:G:A
22:48243388:A:G
22:48243438:T:C
22:48243721:C:T
22:48243866:A:G
22:48244263:G:A
22:48244342:C:T
22:48244770:A:G
22:48244985:C:A
22:48245138:A:G
22:48245450:C:T
22:48246398:A:G
22:48246504:T:C
22:48247371:A:G
22:48247897:G:A
22:48248720:G:A
22:48248892:C:T
22:48249582:C:A
22:48249881:A:C
22:48250526:T:C
22:48250581:T:C
22:48250736:G:A
22:48252487:G:A
22:48253049:T:C
22:48253446:C:T
22:48253700:G:A
22:48253737:A:G
22:48253814:C:A
22:48253996:A:G
22:48254159:T:C
22:48254578:T:C
22:48254939:C:T
22:48255340:T:A
22:48255369:G:A
22:48255862:T:C
22:48256058:C:T
22:48256154:C:G
22:48256607:A:T
22:48257296:C:A
22:48257939:A:G
22:48258230:A:G
22:48258293:G:T
22:48258377:G:A
22:48262144:T:A
22:48263518:A:G
22:48263822:C:T
22:48265076:G:A
22:48265374:T:C
22:48267200:A:G
22:48269136:G:C
22:48269213:T:C
22:48269511:C:T
22:48269512:T:C
22:48270054:G:A
22:48270745:T:G
22:48271713:A:T
22:48271961:G:A
22:48272733:C:T
22:48273389:C:T
22:48273630:G:A
22:48273871:T:C
22:48273978:G:C
22:48274032:T:C
22:48274036:T:C
22:48274134:T:C
22:48274261:C:T
22:48274352:A:G
22:48274397:G:A
22:48275068:T:C
22:48276700:C:T
22:48278798:C:G
22:48279397:C:A
22:48280506:T:C
22:48281397:A:G
22:48282343:C:T
22:48282594:G:A
22:48283177:A:G
22:48283718:G:A
22:48285457:A:G
22:48287768:A:T
22:48288393:A:G
22:48289168:T:C
22:48289174:G:A
22:48289754:A:C
22:48291080:A:T
22:48291577:G:T
22:48292950:T:C
22:48293220:T:C
22:48293581:T:G
22:48294762:G:A
22:48294827:C:A
22:48295152:A:G
22:48295214:A:G
22:48295224:A:G
22:48295335:A:T
22:48295349:A:G
22:48295417:A:C
22:48295797:T:G
22:48296003:G:T
22:48296286:G:T
22:48296309:G:A
22:48296704:T:C
22:48296748:T:G
22:48296839:T:A
22:48297953:T:C
22:48298059:C:T
22:48298625:C:T
22:48298791:C:T
22:48299952:G:A
22:48300260:C:A
22:48300394:A:G
22:48300580:T:G
22:48300649:C:T
22:48301221:A:G
22:48301223:C:T
22:48301367:A:G
22:48301437:T:C
22:48301616:T:C
22:48301660:C:T
22:48301708:G:A
22:48301848:G:A
22:48301932:A:G
22:48302518:A:G
22:48302641:T:A
22:48303002:G:A
22:48303197:G:A
22:48303289:G:A
22:48303830:T:G
22:48304973:A:G
22:48304985:A:T
22:48305069:T:C
22:48305313:C:T
22:48305427:T:G
22:48305487:A:G
22:48305815:T:C
22:48307233:A:G
22:48307560:G:A
22:48307676:A:G
22:48307752:T:A
22:48307904:C:A
22:48308402:A:G
22:48308818:A:C
22:48309365:T:C
22:48310032:C:A
22:48310344:A:G
22:48310521:A:G
22:48310547:T:G
22:48310611:G:A
22:48310643:G:A
22:48310844:G:A
22:48310846:A:G
22:48311212:A:C
22:48311629:G:A
22:48311682:G:A
22:48311762:A:G
22:48312850:C:T
22:48313065:C:G
22:48313433:C:T
22:48313773:G:T
22:48313843:C:A
22:48314059:C:T
22:48314244:T:C
22:48314256:A:G
22:48314266:C:T
22:48314390:C:T
22:48315016:A:G
22:48315210:G:C
22:48315549:T:C
22:48315773:C:T
22:48316139:C:T
22:48316242:C:T
22:48316333:G:A
22:48317040:C:T
22:48317077:A:G
22:48317081:C:A
22:48317103:G:A
22:48317655:T:C
22:48317797:G:C
22:48318002:C:T
22:48318237:G:A
22:48318323:C:T
22:48318436:C:G
22:48318972:G:A
22:48319281:T:C
22:48319441:A:C
22:48319604:A:C
22:48319878:A:G
22:48320730:C:T
22:48321123:G:A
22:48321429:A:G
22:48321964:T:C
22:48322645:A:G
22:48323013:C:T
22:48323397:C:A
22:48323473:C:T
22:48323823:T:G
22:48324665:A:G
22:48324774:G:T
22:48325190:C:G
22:48325524:A:G
22:48325565:G:A
22:48325911:A:G
22:48326452:A:G
22:48326813:C:T
22:48327435:A:C
22:48328256:C:T
22:48329078:C:G
22:48330785:G:A
22:48331663:T:A
22:48331739:C:A
22:48332225:G:T
22:48339734:G:A
22:48341826:G:C
22:48342741:T:G
22:48343071:C:T
22:48343389:G:A
22:48345387:G:A
22:48346909:G:T
22:48348652:G:T
22:48348802:C:G
22:48349351:C:T
22:48349556:A:C
22:48353662:A:G
22:48354855:T:A
22:48357227:A:G
22:48358813:A:T
22:48358940:A:G
22:48359425:C:T
22:48359625:C:A
22:48359933:T:C
22:48360030:G:A
22:48360173:G:T
22:48360290:T:C
22:48360299:A:G
22:48360485:T:C
22:48360629:T:C
22:48362290:A:G
22:48362652:C:G
22:48362914:A:C
22:48363023:G:A
22:48363032:G:A
22:48363044:G:T
22:48363088:A:C
22:48363792:C:T
22:48363888:T:C
22:48363908:C:T
22:48363911:T:C
22:48363927:G:C
22:48363963:T:C
22:48363970:A:C
22:48364021:T:C
22:48364237:A:G
22:48364545:G:A
22:48364574:G:A
22:48364673:C:A
22:48364723:A:G
22:48364737:G:A
22:48364916:A:G
22:48365205:C:G
22:48365235:C:T
22:48365246:C:A
22:48365272:A:G
22:48365296:A:G
22:48365498:T:G
22:48365877:C:T
22:48365918:C:T
22:48365987:A:G
22:48366184:A:G
22:48366395:C:G
22:48366423:G:C
22:48366610:G:A
22:48366696:C:T
22:48370095:C:T
22:48371084:G:C
22:48371416:A:G
22:48371504:C:T
22:48371522:A:C
22:48371546:T:C
22:48371554:A:G
22:48371654:T:G
22:48371656:C:A
22:48371666:T:C
22:48371721:T:C
22:48371991:T:C
22:48372005:C:A
22:48374084:C:A
22:48375789:A:G
22:48376054:G:C
22:48377290:A:G
22:48377426:C:T
22:48378686:A:G
22:48378737:G:A
22:48380784:T:G
22:48380808:T:C
22:48381125:G:A
22:48381376:A:G
22:48381422:T:C
22:48381555:T:C
22:48382030:A:T
22:48382598:T:A
22:48382623:G:A
22:48382658:A:G
22:48382785:C:T
22:48382944:C:A
22:48383462:C:T
22:48383598:T:G
22:48383764:T:C
22:48384027:T:C
22:48384436:G:A
22:48384907:T:G
22:48384950:C:A
22:48385693:C:T
22:48386446:T:C
22:48386670:C:T
22:48386938:T:C
22:48387497:G:A
22:48387670:G:A
22:48387704:T:C
22:48387707:G:C
22:48388789:G:A
22:48389259:T:C
22:48389480:G:A
22:48389612:A:G
22:48389835:C:T
22:48391165:A:G
22:48391438:G:A
22:48392066:C:T
22:48392923:G:A
22:48395178:T:C
22:48395944:A:T
22:48396716:A:G
22:48396779:A:G
22:48396897:G:A
22:48397602:G:A
22:48397852:A:G
22:48398074:G:T
22:48398496:C:A
22:48398566:G:A
22:48398864:C:T
22:48399110:G:C
22:48399135:C:T
22:48399363:G:A
22:48399606:C:T
22:48399681:A:C
22:48399989:C:G
22:48400236:A:G
22:48401526:C:G
22:48401619:G:T
22:48402291:T:C
22:48402360:C:A
22:48403627:T:C
22:48403707:C:T
22:48404527:C:A
22:48404634:G:A
22:48405031:T:A
22:48405852:C:T
22:48406571:C:T
22:48406760:T:G
22:48407439:A:C
22:48408135:A:G
22:48409068:T:C
22:48409613:C:T
22:48409694:A:G
22:48409785:C:T
22:48410390:A:G
22:48410660:A:G
22:48411950:G:C
22:48412260:C:T
22:48412839:C:T
22:48413453:C:T
22:48413487:A:T
22:48413662:A:G
22:48414594:C:T
22:48414656:C:T
22:48414893:A:C
22:48415446:T:C
22:48415748:G:C
22:48416455:A:G
22:48416711:T:G
22:48417356:T:C
22:48417543:A:G
22:48417806:C:T
22:48418531:A:C
22:48419188:A:G
22:48419506:A:G
22:48419986:G:T
22:48420436:G:A
22:48420755:G:A
22:48420940:A:G
22:48420957:A:C
22:48421327:A:C
22:48421570:C:T
22:48421603:C:T
22:48422647:T:G
22:48423098:C:T
22:48423847:A:C
22:48423928:A:G
22:48424743:T:C
22:48425497:C:T
22:48427187:C:T
22:48427571:A:G
22:48427802:T:C
22:48428158:C:G
22:48429989:G:T
22:48430240:T:C
22:48431242:C:T
22:48431959:T:C
22:48432885:G:A
22:48433296:A:G
22:48434062:G:A
22:48434712:T:C
22:48435610:G:C
22:48437078:C:T
22:48437280:C:T
22:48437485:A:G
22:48438285:C:T
22:48438408:A:G
22:48439050:T:C
22:48439055:C:T
22:48442573:T:C
22:48444959:G:A
22:48446316:A:C
22:48446801:T:A
22:48447382:C:T
22:48447799:G:A
22:48448026:G:C
22:48448031:G:T
22:48448265:T:A
22:48448347:A:G
22:48448679:C:T
22:48448776:T:C
22:48449464:G:A
22:48449938:C:T
22:48451733:C:T
22:48451901:C:G
22:48451922:T:A
22:48451955:A:G
22:48453666:C:A
22:48454426:C:T
22:48454693:T:C
22:48457140:T:G
22:48457696:G:A
22:48459945:C:A
22:48463489:A:G
22:48464012:C:T
22:48464887:C:A
22:48467570:G:A
22:48467824:G:A
22:48469370:C:G
22:48471352:T:C
22:48471709:G:A
22:48472201:A:T
22:48472929:C:T
22:48473239:C:T
22:48473300:T:A
22:48474241:T:G
22:48476044:C:A
22:48476886:C:T
22:48476913:T:C
22:48477022:C:T
22:48477124:G:A
22:48477270:C:T
22:48477355:C:G
22:48477448:A:G
22:48477484:C:T
22:48477640:G:A
22:48477706:G:A
22:48477781:A:G
22:48477929:T:C
22:48477990:G:A
22:48478158:C:A
22:48478369:T:C
22:48478390:C:T
22:48478429:T:G
22:48478545:A:T
22:48479166:C:T
22:48479289:C:T
22:48479385:C:G
22:48479731:G:A
22:48481465:G:A
22:48482463:T:C
22:48483072:T:C
22:48483385:C:T
22:48483558:C:T
22:48484533:T:C
22:48488264:G:A
22:48489071:T:C
22:48489424:G:A
22:48490299:G:A
22:48490953:G:A
22:48491699:C:T
22:48492545:G:A
22:48492663:T:C
22:48492713:C:T
22:48492827:G:C
22:48492960:T:G
22:48493331:C:T
22:48493337:C:T
22:48493463:A:G
22:48493658:C:T
22:48493763:T:C
22:48494525:G:T
22:48494758:A:G
22:48495599:C:T
22:48496703:C:T
22:48497654:A:G
22:48500387:C:T
22:48500529:G:T
22:48501358:A:C
22:48501684:T:C
22:48501694:C:A
22:48501978:A:G
22:48502088:C:A
22:48502152:T:G
22:48503517:C:T
22:48503553:C:T
22:48506712:G:C
22:48506892:G:A
22:48507247:A:G
22:48507252:C:T
22:48507315:T:C
22:48507646:C:T
22:48509058:C:A
22:48509092:C:T
22:48509193:G:A
22:48510953:C:T
22:48511034:C:T
22:48511375:C:T
22:48511527:C:T
22:48511936:A:T
22:48512284:T:C
22:48512606:C:T
22:48514214:C:G
22:48514296:C:T
22:48514643:T:C
22:48515718:T:G
22:48516695:G:A
22:48516882:G:T
22:48517281:A:G
22:48517634:C:T
22:48517635:G:A
22:48519171:G:C
22:48519794:T:C
22:48521169:C:T
22:48523767:T:C
22:48524906:G:C
22:48525782:T:G
22:48526700:A:G
22:48527771:G:A
22:48529709:G:A
22:48530124:A:G
22:48530211:G:A
22:48530770:T:C
22:48530842:C:T
22:48530853:C:G
22:48531216:A:T
22:48533646:G:A
22:48533738:C:T
22:48534340:C:T
22:48534691:C:A
22:48535761:G:C
22:48535768:A:G
22:48537329:G:T
22:48537494:T:C
22:48537763:G:A
22:48537775:A:G
22:48538198:G:A
22:48538372:A:G
22:48538441:T:C
22:48538763:A:G
22:48539054:C:T
22:48539417:G:A
22:48540145:C:G
22:48540651:C:A
22:48540795:C:T
22:48540909:A:T
22:48541321:C:T
22:48542526:G:C
22:48543566:C:T
22:48543658:C:T
22:48544203:T:C
22:48546285:A:C
22:48547060:C:T
22:48548610:A:G
22:48549195:C:T
22:48549957:G:C
22:48551429:C:T
22:48551536:G:A
22:48551832:A:T
22:48551852:T:C
22:48551989:G:A
22:48552163:T:C
22:48552200:G:A
22:48552464:A:T
22:48552664:G:T
22:48552681:A:G
22:48553233:A:G
22:48553572:T:C
22:48553637:G:T
22:48553947:G:A
22:48554022:A:G
22:48554076:C:T
22:48554099:T:C
22:48554319:G:T
22:48556829:G:A
22:48556910:G:C
22:48556940:T:C
22:48556959:C:T
22:48557016:A:G
22:48557030:G:C
22:48557353:G:A
22:48560111:C:T
22:48563180:T:C
22:48563578:A:G
22:48563663:G:A
22:48563799:A:G
22:48563822:C:G
22:48564463:A:C
22:48564928:C:A
22:48565717:A:G
22:48566362:C:A
22:48566488:T:A
22:48567164:C:T
22:48567467:G:A
22:48567500:T:C
22:48568187:A:T
22:48568255:A:G
22:48568569:A:G
22:48568580:C:A
22:48569132:C:T
22:48569389:C:A
22:48569604:T:G
22:48569641:T:C
22:48569665:C:T
22:48569860:G:A
22:48570456:T:G
22:48571256:A:G
22:48571448:G:A
22:48574496:A:G
22:48574794:G:A
22:48575781:C:A
22:48575977:A:G
22:48576728:T:G
22:48576899:C:T
22:48576972:C:T
22:48579318:C:G
22:48584612:G:A
22:48584814:C:T
22:48584919:C:T
22:48587805:A:T
22:48587960:G:A
22:48588489:C:G
22:48590569:C:T
22:48590929:A:G
22:48591341:C:T
22:48591444:G:A
22:48592346:A:G
22:48592385:A:C
22:48593037:T:C
22:48594309:G:A
22:48594652:T:C
22:48595559:A:T
22:48597454:G:A
22:48599031:A:G
22:48599065:T:C
22:48600443:T:C
22:48600465:A:T
22:48600677:C:T
22:48601686:G:A
22:48603295:T:C
22:48603424:C:T
22:48603502:T:C
22:48604606:C:G
22:48604637:C:T
22:48604878:C:T
22:48605102:A:C
22:48605364:T:C
22:48606978:G:A
22:48607014:G:A
22:48608376:G:A
22:48609442:C:T
22:48609485:T:C
22:48609843:C:A
22:48610856:G:T
22:48611036:G:A
22:48611088:G:A
22:48611116:T:C
22:48611228:A:G
22:48611310:T:C
22:48611746:A:G
22:48611856:A:G
22:48612068:C:G
22:48612813:A:C
22:48613122:G:A
22:48613603:G:C
22:48615721:C:T
22:48617522:A:C
22:48619973:A:G
22:48620492:T:C
22:48620902:T:C
22:48620942:A:G
22:48622883:T:A
22:48623476:C:T
22:48624449:G:C
22:48624809:G:T
22:48624902:G:A
22:48628482:T:C
22:48630184:G:A
22:48631684:C:A
22:48631707:A:G
22:48632318:G:A
22:48633233:T:A
22:48633629:C:T
22:48634223:T:C
22:48634961:C:G
22:48635286:G:A
22:48636212:T:C
22:48636518:C:G
22:48636757:G:A
22:48636762:G:A
22:48636910:C:A
22:48637027:A:G
22:48637056:A:G
22:48637319:T:C
22:48637485:A:G
22:48637553:G:A
22:48637654:C:T
22:48637663:G:A
22:48637803:A:G
22:48637916:C:T
22:48638050:A:C
22:48638528:G:T
22:48638660:C:T
22:48638662:T:C
22:48638809:T:C
22:48639063:C:G
22:48639471:G:A
22:48639719:T:C
22:48639993:A:G
22:48640203:G:A
22:48640673:A:T
22:48641438:A:G
22:48641467:C:T
22:48642473:G:A
22:48643466:A:G
22:48643854:A:G
22:48646254:T:G
22:48646288:T:C
22:48646477:T:C
22:48650503:T:A
22:48650549:T:C
22:48652075:C:T
22:48652711:A:G
22:48652958:C:T
22:48653322:G:C
22:48654123:G:A
22:48654950:T:C
22:48655686:C:T
22:48658467:T:C
22:48658493:G:A
22:48658956:G:C
22:48658962:G:A
22:48659880:C:T
22:48660530:A:C
22:48662538:T:C
22:48662872:A:G
22:48663548:A:G
22:48663659:C:G
22:48664074:T:C
22:48664409:G:A
22:48664565:G:A
22:48664867:C:T
22:48665154:G:C
22:48665415:C:T
22:48665472:A:G
22:48665561:C:T
22:48665686:C:T
22:48666167:T:C
22:48666286:G:A
22:48666450:A:G
22:48666495:T:C
22:48667161:T:C
22:48668034:A:G
22:48668163:G:A
22:48668581:C:G
22:48670252:G:C
22:48670512:C:T
22:48670715:C:T
22:48670909:A:G
22:48671102:A:G
22:48671135:T:C
22:48671159:C:T
22:48671263:A:G
22:48671281:C:A
22:48671976:C:G
22:48672046:T:A
22:48672140:G:A
22:48672302:C:T
22:48672954:G:T
22:48672957:C:T
22:48673198:A:G
22:48674736:G:T
22:48674776:G:A
22:48674867:T:C
22:48674928:C:T
22:48676153:T:C
22:48676172:G:A
22:48676609:C:T
22:48677229:G:A
22:48677261:T:C
22:48678183:G:A
22:48678761:A:T
22:48679288:T:C
22:48680070:A:T
22:48680928:A:G
22:48680953:C:T
22:48681135:T:C
22:48681337:C:T
22:48681770:T:C
22:48682431:C:T
22:48682685:G:C
22:48683518:A:G
22:48683912:T:C
22:48684101:T:C
22:48684133:A:G
22:48684195:T:C
22:48684220:A:C
22:48684287:G:C
22:48684434:C:T
22:48685044:G:A
22:48685281:G:A
22:48686961:A:T
22:48687076:C:T
22:48687509:T:C
22:48687836:G:A
22:48687839:A:G
22:48687883:C:T
22:48688145:T:C
22:48688429:G:C
22:48688502:G:A
22:48688503:G:A
22:48688634:G:A
22:48689126:A:T
22:48690448:C:A
22:48690780:A:G
22:48691153:C:T
22:48691201:C:T
22:48691715:A:G
22:48692033:C:T
22:48692656:C:T
22:48693953:C:T
22:48695110:C:A
22:48696697:A:C
22:48698117:T:C
22:48699617:C:T
22:48699621:C:G
22:48700223:C:T
22:48700393:C:T
22:48701023:T:G
22:48701030:T:C
22:48703874:C:T
22:48704906:C:G
22:48705243:G:T
22:48705291:T:C
22:48706516:G:A
22:48706574:G:A
22:48706616:G:C
22:48706642:T:C
22:48707300:C:T
22:48707427:T:C
22:48707595:T:C
22:48708059:C:T
22:48708486:C:T
22:48708656:T:A
22:48708954:A:G
22:48708990:T:C
22:48709188:C:T
22:48709206:G:A
22:48709566:G:A
22:48710157:G:T
22:48710291:C:G
22:48710319:A:C
22:48710350:G:A
22:48710480:G:A
22:48711059:C:G
22:48711163:A:G
22:48711251:G:A
22:48711296:C:T
22:48711391:G:C
22:48712051:A:C
22:48712481:A:C
22:48712604:A:G
22:48712962:G:A
22:48713227:T:C
22:48714112:C:T
22:48714353:G:A
22:48714420:G:A
22:48714825:T:G
22:48715663:T:C
22:48715673:C:G
22:48717026:G:A
22:48717304:A:T
22:48717393:T:C
22:48717568:C:T
22:48717973:T:C
22:48718131:C:T
22:48718135:G:A
22:48718163:A:G
22:48718373:T:C
22:48718696:T:C
22:48718818:T:G
22:48718828:A:G
22:48718966:G:A
22:48719269:G:C
22:48719380:G:A
22:48719451:A:T
22:48719458:A:C
22:48719570:G:A
22:48720000:T:G
22:48720192:A:G
22:48720355:G:A
22:48720364:A:G
22:48720586:A:C
22:48721071:C:T
22:48721327:G:A
22:48721585:T:C
22:48722502:C:T
22:48722735:A:G
22:48723879:G:A
22:48723893:G:C
22:48724353:C:T
22:48724462:C:T
22:48724647:G:T
22:48724661:G:A
22:48725244:A:C
22:48726121:T:C
22:48726155:T:C
22:48726517:A:G
22:48726636:T:C
22:48726698:T:A
22:48726996:C:T
22:48727259:A:G
22:48727580:C:A
22:48728036:G:T
22:48728364:A:C
22:48728386:T:C
22:48729069:C:G
22:48729188:A:G
22:48729316:G:C
22:48730683:T:A
22:48730705:C:G
22:48730706:T:C
22:48730913:C:T
22:48731606:T:C
22:48732593:C:T
22:48733658:T:C
22:48733827:G:A
22:48733874:G:A
22:48734574:A:T
22:48734609:G:A
22:48734899:G:A
22:48736122:G:A
22:48736200:A:G
22:48738133:T:G
22:48739456:C:T
22:48741012:T:G
22:48742656:A:G
22:48743249:A:G
22:48743330:T:C
22:48744181:G:A
22:48745675:C:T
22:48745801:A:T
22:48748390:C:G
22:48749087:G:C
22:48749132:T:A
22:48749424:C:A
22:48749548:A:T
22:48749869:G:A
22:48750056:G:T
22:48750445:A:G
22:48751328:G:T
22:48751785:G:A
22:48751817:T:A
22:48751818:T:A
22:48752397:T:C
22:48752747:T:C
22:48752929:A:G
22:48753034:C:A
22:48753163:C:G
22:48753574:C:A
22:48753585:C:T
22:48753651:A:C
22:48753796:T:C
22:48753896:T:C
22:48753956:A:C
22:48754023:G:A
22:48754067:T:C
22:48755816:G:A
22:48757576:G:T
22:48758163:C:A
22:48758497:C:T
22:48758929:T:C
22:48759228:A:T
22:48759705:T:C
22:48759735:T:G
22:48760125:G:A
22:48761420:T:C
22:48761762:G:C
22:48761888:G:A
22:48761973:A:G
22:48762132:G:C
22:48762509:C:G
22:48762687:G:T
22:48763733:A:C
22:48763864:C:G
22:48763919:G:T
22:48764144:C:T
22:48765158:G:A
22:48765900:G:A
22:48765972:G:C
22:48766025:T:C
22:48766050:C:T
22:48766172:T:C
22:48766369:T:A
22:48766481:A:G
22:48766611:G:A
22:48766791:C:T
22:48766792:A:G
22:48766824:A:C
22:48767145:A:T
22:48767147:A:G
22:48767186:G:T
22:48767189:T:C
22:48767363:G:A
22:48767547:A:C
22:48767646:T:C
22:48767658:G:C
22:48767688:G:A
22:48767708:T:C
22:48768068:C:T
22:48768164:G:C
22:48768196:C:T
22:48768363:C:T
22:48768431:C:A
22:48768480:G:A
22:48769884:A:G
22:48771726:T:A
22:48772793:A:G
22:48773268:A:G
22:48773619:G:T
22:48773665:G:C
22:48773706:C:T
22:48773781:A:T
22:48774672:A:G
22:48775136:T:C
22:48775198:T:C
22:48775633:A:G
22:48775697:C:G
22:48775800:T:C
22:48775872:A:G
22:48776044:C:T
22:48776232:T:C
22:48776836:T:A
22:48776897:T:A
22:48778191:C:G
22:48779343:C:A
22:48781453:A:C
22:48782082:A:C
22:48783960:C:T
22:48784035:A:C
22:48784158:T:C
22:48784257:C:A
22:48784554:C:T
22:48784569:A:G
22:48785186:A:G
22:48785431:A:G
22:48785472:G:T
22:48785716:G:A
22:48785800:T:C
22:48785849:G:T
22:48785863:A:G
22:48786197:G:A
22:48786581:G:T
22:48786797:A:G
22:48786908:C:G
22:48786981:A:G
22:48787413:G:A
22:48788036:G:A
22:48788872:G:A
22:48789026:C:A
22:48789123:C:T
22:48789953:C:A
22:48789971:A:C
22:48790027:C:T
22:48790032:A:C
22:48790066:T:G
22:48790588:G:A
22:48791123:T:G
22:48791403:T:C
22:48792525:C:T
22:48792750:G:A
22:48793058:C:A
22:48793169:C:T
22:48793605:T:C
22:48793836:T:A
22:48793888:G:A
22:48793968:T:C
22:48794941:G:A
22:48795364:A:G
22:48795572:C:T
22:48796419:T:A
22:48797962:C:T
22:48798010:A:C
22:48799729:T:G
22:48799735:T:C
22:48800080:T:A
22:48800416:A:T
22:48800438:C:G
22:48800794:G:A
22:48801065:G:A
22:48801561:C:T
22:48801666:T:C
22:48801818:G:A
22:48802184:A:G
22:48802584:A:T
22:48802647:T:C
22:48803319:T:C
22:48803343:A:G
22:48803912:A:G
22:48804378:A:C
22:48804385:A:G
22:48804412:T:C
22:48805164:G:A
22:48805924:T:G
22:48806360:T:C
22:48806745:A:G
22:48806802:G:A
22:48807027:A:G
22:48807485:C:A
22:48807517:G:A
22:48808077:A:G
22:48808351:A:G
22:48808860:G:A
22:48808912:A:G
22:48809362:T:C
22:48810073:A:G
22:48811068:G:A
22:48811095:A:G
22:48811443:G:C
22:48811525:T:C
22:48811874:C:A
22:48811946:T:C
22:48812130:T:G
22:48812135:A:C
22:48812241:T:C
22:48812871:A:G
22:48813458:A:C
22:48813648:C:T
22:48815752:A:C
22:48816010:C:A
22:48816559:A:G
22:48816766:T:C
22:48818016:A:T
22:48818021:G:A
22:48819202:T:C
22:48819241:T:C
22:48819364:G:T
22:48819398:A:C
22:48820023:C:T
22:48820607:A:C
22:48820757:C:T
22:48820839:G:T
22:48822541:A:G
22:48822619:T:C
22:48823180:G:C
22:48823192:A:C
22:48823628:G:A
22:48823971:T:C
22:48824117:T:C
22:48824567:C:T
22:48824991:G:A
22:48825972:C:G
22:48826150:C:T
22:48827287:G:A
22:48827484:C:A
22:48827691:G:C
22:48827866:G:T
22:48827910:T:C
22:48828009:C:T
22:48828168:G:A
22:48828223:A:G
22:48828265:C:A
22:48828775:G:C
22:48829178:G:A
22:48829386:C:T
22:48829649:C:T
22:48829790:C:T
22:48830012:C:G
22:48830022:G:A
22:48830216:G:A
22:48830250:C:T
22:48830359:G:A
22:48830394:G:A
22:48830555:C:T
22:48830597:G:A
22:48830725:A:G
22:48830958:G:A
22:48832094:G:A
22:48832215:C:T
22:48832793:A:G
22:48832904:A:G
22:48832908:G:A
22:48832953:T:C
22:48833702:G:T
22:48833706:A:G
22:48833923:A:T
22:48834199:G:A
22:48834523:G:A
22:48836042:A:G
22:48836167:C:T
22:48836239:G:A
22:48837349:G:A
22:48837629:G:A
22:48837650:G:C
22:48837713:T:C
22:48837867:G:A
22:48838345:A:G
22:48838656:G:A
22:48838802:G:A
22:48838815:A:G
22:48840428:C:A
22:48840707:C:T
22:48842336:G:A
22:48843119:C:T
22:48843478:C:T
22:48844371:A:G
22:48844751:T:C
22:48844772:C:T
22:48845039:A:G
22:48845487:C:T
22:48845504:C:A
22:48845588:C:G
22:48845626:C:T
22:48846599:A:C
22:48846867:A:C
22:48847257:G:A
22:48847813:G:A
22:48848116:C:T
22:48848132:G:C
22:48849045:T:C
22:48849097:A:G
22:48849205:T:C
22:48849233:C:T
22:48849346:C:G
22:48849457:G:C
22:48850781:G:A
22:48851078:C:A
22:48852165:C:A
22:48852417:T:A
22:48852519:T:A
22:48852563:C:T
22:48853599:A:T
22:48853749:A:G
22:48853819:C:T
22:48853846:T:C
22:48853983:T:C
22:48853984:G:A
22:48855412:T:C
22:48855539:T:C
22:48855545:A:G
22:48855759:C:T
22:48856023:G:A
22:48858480:T:C
22:48859169:T:C
22:48860173:C:T
22:48860402:T:C
22:48860427:C:G
22:48860682:A:G
22:48862558:G:C
22:48864393:T:G
22:48864678:A:G
22:48867031:C:T
22:48867873:A:G
22:48869266:C:T
22:48869732:C:T
22:48869805:T:C
22:48870449:T:C
22:48870878:G:A
22:48870888:G:C
22:48871019:G:A
22:48871083:T:C
22:48871144:G:A
22:48871624:G:A
22:48872181:T:C
22:48872364:T:C
22:48872651:G:A
22:48872692:A:C
22:48873365:C:T
22:48873545:A:C
22:48873919:T:C
22:48874153:A:G
22:48874310:C:T
22:48874412:G:T
22:48874685:A:G
22:48876207:A:C
22:48876287:G:A
22:48876289:C:A
22:48876447:G:A
22:48876702:A:G
22:48877616:T:C
22:48878536:G:A
22:48879513:G:T
22:48879785:C:T
22:48880171:A:C
22:48880970:C:A
22:48881157:C:G
22:48881288:A:G
22:48881562:G:C
22:48881703:G:A
22:48881772:C:T
22:48882605:C:T
22:48883054:T:C
22:48883081:T:C
22:48884597:A:G
22:48888255:G:A
22:48888351:A:G
22:48888607:A:G
22:48889170:T:G
22:48889547:C:G
22:48889699:G:A
22:48890183:G:A
22:48890335:G:C
22:48890358:A:G
22:48891376:T:C
22:48891519:T:C
22:48891881:A:G
22:48892314:T:G
22:48892542:T:C
22:48892847:T:G
22:48892919:T:C
22:48893090:G:C
22:48894501:C:T
22:48894613:G:A
22:48894614:C:A
22:48894809:G:A
22:48895339:C:T
22:48895774:C:T
22:48896580:G:A
22:48896933:C:T
22:48896979:G:C
22:48897010:G:T
22:48897704:G:A
22:48897881:G:A
22:48898655:G:A
22:48898844:G:A
22:48898857:A:G
22:48899195:C:T
22:48899214:G:A
22:48899419:C:T
22:48900176:C:A
22:48900321:G:A
22:48901623:T:C
22:48902117:G:A
22:48902598:A:C
22:48902721:G:A
22:48902769:A:C
22:48904896:T:G
22:48905011:C:T
22:48905024:G:A
22:48906295:A:G
22:48906458:G:C
22:48906678:C:A
22:48906987:A:G
22:48907418:G:T
22:48907545:C:T
22:48907755:A:G
22:48907806:C:T
22:48907807:A:G
22:48908037:T:C
22:48908969:G:T
22:48909727:G:A
22:48910322:C:A
22:48910397:C:T
22:48911477:C:T
22:48911515:C:T
22:48911828:G:A
22:48911999:G:A
22:48912283:C:T
22:48912830:T:C
22:48913184:T:C
22:48913186:G:A
22:48913386:T:A
22:48913616:C:T
22:48914502:C:T
22:48914529:A:G
22:48914669:C:T
22:48915877:G:A
22:48915977:C:T
22:48916178:T:A
22:48916484:C:T
22:48917030:A:C
22:48917824:A:C
22:48918450:C:T
22:48918829:C:T
22:48919032:C:T
22:48919726:G:A
22:48919808:C:T
22:48919999:C:T
22:48920724:C:T
22:48920894:C:G
22:48921447:C:T
22:48921665:C:T
22:48921825:T:C
22:48922122:C:T
22:48923123:T:G
22:48923464:T:C
22:48923471:C:T
22:48923664:A:G
22:48923775:A:C
22:48923799:C:T
22:48924633:G:A
22:48924712:A:G
22:48925967:G:T
22:48926069:A:G
22:48926629:C:T
22:48926630:G:A
22:48927129:G:A
22:48927135:T:C
22:48927254:C:T
22:48927905:C:T
22:48928215:A:G
22:48928367:G:C
22:48928854:G:T
22:48929171:C:T
22:48929226:A:G
22:48929237:T:C
22:48929422:G:A
22:48929569:A:G
22:48929699:T:C
22:48929867:T:C
22:48930058:A:C
22:48930091:T:G
22:48930184:A:G
22:48930219:A:G
22:48931860:G:A
22:48932198:G:A
22:48932717:G:A
22:48934024:A:G
22:48934171:C:G
22:48934807:C:G
22:48935708:G:T
22:48936043:T:C
22:48936291:G:C
22:48936776:G:A
22:48939873:A:C
22:48940423:T:G
22:48940553:T:C
22:48940644:C:T
22:48940915:G:C
22:48941730:G:T
22:48941866:G:A
22:48942566:G:A
22:48943357:T:C
22:48943487:G:C
22:48943842:G:A
22:48944375:T:C
22:48944551:G:C
22:48944944:G:T
22:48945061:A:C
22:48946181:T:C
22:48946775:T:C
22:48947110:A:G
22:48947796:C:T
22:48948772:G:A
22:48950529:T:C
22:48950688:A:G
22:48950730:G:T
22:48950746:C:T
22:48950791:A:G
22:48950937:A:G
22:48951451:C:T
22:48951913:T:C
22:48952330:A:T
22:48952603:T:C
22:48952666:A:G
22:48953201:C:T
22:48953501:T:C
22:48954362:T:C
22:48954875:T:C
22:48955634:A:G
22:48955755:C:G
22:48956184:G:A
22:48956901:G:A
22:48958545:G:A
22:48958612:G:C
22:48958758:G:C
22:48958927:A:G
22:48958988:T:C
22:48959092:T:C
22:48959266:T:C
22:48959274:G:A
22:48959303:G:A
22:48959424:G:A
22:48960409:A:G
22:48960564:G:C
22:48960746:C:T
22:48961379:A:G
22:48962569:A:G
22:48962717:C:A
22:48963432:C:G
22:48965547:G:C
22:48965726:T:C
22:48966343:A:G
22:48968070:T:C
22:48968438:C:T
22:48968698:T:C
22:48969214:A:G
22:48973727:C:A
22:48974673:A:G
22:48975530:G:T
22:48976727:G:A
22:48976795:T:C
22:48976839:T:C
22:48977207:G:A
22:48977215:C:T
22:48977485:G:T
22:48977531:A:G
22:48977724:T:A
22:48978110:A:G
22:48980473:C:T
22:48980765:C:T
22:48981384:C:T
22:48981859:C:A
22:48981882:G:A
22:48982019:G:T
22:48982238:G:A
22:48984237:G:A
22:48984512:G:A
22:48987090:C:G
22:48987457:T:G
22:48987852:T:C
22:48988634:T:C
22:48988668:C:T
22:48989356:A:G
22:48989851:A:G
22:48990016:C:T
22:48990047:G:T
22:48990223:A:G
22:48990325:A:G
22:48990337:C:G
22:48990435:C:T
22:48991385:C:T
22:48991449:G:A
22:48991754:T:C
22:48992380:A:G
22:48992423:C:T
22:48992720:A:G
22:48992828:T:C
22:48992901:G:A
22:48992912:G:C
22:48993321:C:T
22:48993874:C:T
22:48993933:G:A
22:48993952:G:A
22:48994583:C:T
22:48994792:G:A
22:48995195:C:T
22:48995213:G:A
22:48995310:G:A
22:48995618:G:A
22:48995810:C:A
22:48995974:A:G
22:48995975:G:C
22:48996141:C:T
22:48996346:C:T
22:48996576:T:C
22:48996635:C:T
22:48996968:A:G
22:48997837:T:A
22:48998368:A:G
22:48998566:G:A
22:48999408:C:G
22:48999595:A:G
22:48999909:A:G
22:49000044:A:G
22:49000233:C:T
22:49000279:A:C
22:49000305:T:C
22:49000344:G:A
22:49000429:G:C
22:49000447:G:A
22:49000569:A:G
22:49001545:T:C
22:49001612:C:T
22:49001676:A:G
22:49001692:A:G
22:49001694:G:A
22:49001912:G:A
22:49002066:G:C
22:49002157:C:A
22:49002281:A:G
22:49002394:T:C
22:49002662:T:C
22:49002665:T:C
22:49002813:C:T
22:49002821:A:C
22:49002978:T:G
22:49003691:C:T
22:49003790:C:T
22:49003841:C:T
22:49003843:A:G
22:49003956:G:C
22:49004050:A:G
22:49004395:G:A
22:49004504:A:G
22:49004518:T:C
22:49004697:G:C
22:49004699:A:G
22:49004701:C:G
22:49004970:G:A
22:49004979:G:A
22:49005016:C:T
22:49005029:G:A
22:49005074:A:G
22:49005079:C:T
22:49005120:T:G
22:49005123:T:C
22:49005170:C:T
22:49005255:C:A
22:49005302:T:C
22:49005323:T:G
22:49005399:C:T
22:49005730:T:C
22:49006291:A:C
22:49006457:C:T
22:49006523:G:A
22:49008346:A:C
22:49008433:C:T
22:49008816:T:G
22:49009373:G:A
22:49009651:G:A
22:49009748:A:G
22:49009819:C:T
22:49009825:T:C
22:49009880:C:T
22:49009927:G:A
22:49010580:C:T
22:49010748:G:A
22:49011020:C:T
22:49011267:T:C
22:49011448:C:T
22:49011512:C:T
22:49011540:T:C
22:49011594:T:C
22:49011625:C:T
22:49011638:C:T
22:49011701:C:T
22:49011712:T:G
22:49011833:C:T
22:49011838:T:C
22:49012094:C:T
22:49012111:G:C
22:49012304:C:T
22:49012316:C:T
22:49012868:G:A
22:49013399:C:T
22:49013469:C:T
22:49013839:T:C
22:49014565:G:A
22:49014627:G:A
22:49015762:G:A
22:49015839:G:A
22:49017230:A:G
22:49017862:C:G
22:49017875:T:C
22:49020010:A:C
22:49020281:G:A
22:49020359:C:T
22:49020407:C:T
22:49020537:C:T
22:49022043:G:A
22:49022638:G:A
22:49025627:A:G
22:49025710:C:T
22:49026230:T:C
22:49026453:C:G
22:49027269:C:T
22:49027446:C:T
22:49027856:T:C
22:49028180:C:A
22:49028732:C:T
22:49030818:G:T
22:49031234:C:T
22:49031369:C:T
22:49031782:C:T
22:49031783:A:G
22:49032083:G:A
22:49032856:T:C
22:49033350:C:T
22:49035479:G:A
22:49035742:G:A
22:49035855:T:C
22:49036119:G:C
22:49039354:T:G
22:49039414:G:A
22:49039797:C:T
22:49040844:C:T
22:49041028:C:A
22:49041758:G:A
22:49042200:T:G
22:49042294:C:T
22:49042316:T:C
22:49043632:C:G
22:49044802:T:C
22:49045125:T:C
22:49045426:T:C
22:49045728:A:G
22:49045770:G:A
22:49045798:T:C
22:49046047:T:G
22:49046275:A:G
22:49046450:G:A
22:49046570:A:G
22:49047339:C:T
22:49047415:C:T
22:49047595:G:A
22:49047615:C:T
22:49047713:C:T
22:49048485:A:G
22:49049217:T:C
22:49049271:G:A
22:49049347:T:C
22:49049393:C:T
22:49049567:T:C
22:49049820:G:A
22:49049957:C:G
22:49050032:A:G
22:49050237:T:C
22:49050260:T:A
22:49050274:A:T
22:49050287:A:G
22:49050372:G:A
22:49050425:C:T
22:49050435:T:C
22:49050448:C:T
22:49050544:G:A
22:49050773:C:T
22:49050995:A:G
22:49051003:T:C
22:49051078:G:A
22:49051158:C:T
22:49051185:G:A
22:49053226:A:G
22:49053259:G:A
22:49053339:A:G
22:49053436:T:G
22:49053529:G:C
22:49053555:G:T
22:49053694:G:A
22:49054502:G:A
22:49054563:C:T
22:49054594:T:C
22:49054744:G:T
22:49056005:C:T
22:49056038:T:C
22:49056176:C:A
22:49056233:G:A
22:49056455:C:G
22:49056457:C:T
22:49056481:C:A
22:49056556:C:T
22:49056665:A:G
22:49056736:G:A
22:49056761:T:G
22:49056825:C:G
22:49056949:G:A
22:49057104:C:T
22:49057216:C:T
22:49057222:G:A
22:49057279:G:C
22:49057325:A:G
22:49057488:G:A
22:49057491:C:T
22:49057668:G:A
22:49058029:C:T
22:49058041:G:C
22:49058050:T:A
22:49058158:C:T
22:49058162:T:C
22:49058512:G:A
22:49058536:C:T
22:49058779:T:C
22:49059082:G:A
22:49059121:T:C
22:49059180:A:C
22:49059226:C:T
22:49059237:G:A
22:49059311:T:G
22:49059556:T:C
22:49059823:C:G
22:49059924:G:A
22:49059945:C:T
22:49059969:T:C
22:49059978:A:G
22:49060415:T:C
22:49060732:A:G
22:49060803:G:T
22:49060976:A:G
22:49060987:A:G
22:49061016:A:G
22:49061044:G:A
22:49061113:T:C
22:49061300:G:T
22:49061363:G:T
22:49061369:T:C
22:49061579:G:A
22:49061676:T:G
22:49064902:A:G
22:49065005:G:T
22:49065024:C:T
22:49065116:G:A
22:49065181:T:C
22:49065234:G:A
22:49065256:T:G
22:49065314:G:A
22:49065324:A:G
22:49065386:G:A
22:49065588:T:A
22:49065632:C:A
22:49065704:A:G
22:49065764:T:A
22:49065765:T:C
22:49065939:A:G
22:49065944:A:G
22:49065953:C:T
22:49066378:C:G
22:49066386:C:T
22:49066878:A:C
22:49067699:T:C
22:49067939:C:A
22:49068373:G:T
22:49068511:T:C
22:49068920:T:C
22:49068935:A:C
22:49069015:T:C
22:49069693:C:A
22:49069724:A:G
22:49069776:G:A
22:49069821:C:T
22:49069822:G:A
22:49070189:A:G
22:49072540:C:T
22:49072814:C:T
22:49073860:G:A
22:49074077:G:A
22:49074121:G:A
22:49074301:G:A
22:49076013:C:T
22:49076097:A:G
22:49076218:T:C
22:49076412:C:T
22:49076564:G:A
22:49076650:C:T
22:49076768:C:T
22:49076870:A:G
22:49076956:C:T
22:49077801:C:A
22:49078382:A:G
22:49078501:G:C
22:49078625:C:T
22:49078962:G:A
22:49079014:C:T
22:49079177:G:C
22:49079380:G:A
22:49079576:A:G
22:49080367:C:T
22:49080416:T:C
22:49080447:C:T
22:49080458:G:A
22:49080538:T:C
22:49080755:C:T
22:49080775:G:A
22:49081164:G:A
22:49081194:G:A
22:49081419:C:T
22:49081465:T:A
22:49081520:G:T
22:49081624:T:C
22:49081680:G:C
22:49081998:G:A
22:49083660:T:C
22:49083887:T:C
22:49086442:T:C
22:49086481:C:T
22:49086558:A:C
22:49086570:C:T
22:49086589:G:C
22:49086731:G:A
22:49086801:G:C
22:49086836:G:C
22:49087084:T:C
22:49087185:C:T
22:49087197:G:A
22:49087328:A:G
22:49087375:A:G
22:49087595:G:A
22:49087613:T:C
22:49087654:T:C
22:49087796:G:A
22:49087877:C:G
22:49087929:T:C
22:49087932:G:A
22:49088120:C:T
22:49088507:G:A
22:49088642:C:T
22:49088757:A:G
22:49088760:G:A
22:49089691:G:C
22:49089866:G:C
22:49089930:C:G
22:49089998:T:C
22:49090308:G:A
22:49090335:C:G
22:49090452:A:C
22:49090482:T:C
22:49090924:G:A
22:49091230:T:C
22:49092103:T:C
22:49092241:C:G
22:49092515:G:A
22:49092535:C:G
22:49092602:G:C
22:49092753:C:T
22:49092967:G:C
22:49095050:C:T
22:49095123:G:C
22:49095682:C:G
22:49095805:T:G
22:49095846:G:A
22:49096130:A:G
22:49096314:G:C
22:49096694:C:T
22:49097092:C:T
22:49097310:A:G
22:49097311:A:C
22:49097331:G:A
22:49097367:T:C
22:49097460:T:C
22:49097590:C:T
22:49098050:A:G
22:49098169:T:C
22:49098309:C:G
22:49098505:C:G
22:49098570:A:T
22:49099125:C:A
22:49099353:G:C
22:49099435:T:C
22:49099451:C:T
22:49099521:G:C
22:49099888:T:C
22:49099919:C:G
22:49100102:T:C
22:49100196:G:A
22:49100491:G:A
22:49100493:A:G
22:49100963:G:C
22:49101009:G:A
22:49101108:C:T
22:49101197:G:A
22:49101379:A:G
22:49101710:A:G
22:49102056:A:C
22:49102074:C:T
22:49102285:C:T
22:49102667:A:G
22:49102688:C:T
22:49102783:C:A
22:49103110:A:C
22:49103135:G:A
22:49103143:T:C
22:49103193:A:G
22:49103255:T:C
22:49103277:C:T
22:49103344:C:G
22:49103660:T:C
22:49104321:T:C
22:49104376:G:T
22:49104388:G:A
22:49104409:A:G
22:49104460:C:T
22:49104492:C:T
22:49104965:A:G
22:49105001:A:C
22:49105020:T:C
22:49105162:A:G
22:49105178:C:T
22:49105211:C:T
22:49105254:C:G
22:49105537:A:T
22:49105609:A:G
22:49105927:T:C
22:49105988:G:A
22:49106336:A:G
22:49106436:G:A
22:49106470:C:T
22:49106479:G:A
22:49106509:G:A
22:49106582:C:T
22:49106683:A:G
22:49106784:A:G
22:49106809:A:C
22:49106824:G:A
22:49106893:G:A
22:49106956:G:A
22:49107007:G:C
22:49107183:A:G
22:49107201:G:T
22:49107477:C:T
22:49107675:G:C
22:49107829:G:A
22:49108340:G:C
22:49108375:A:G
22:49108418:C:T
22:49108454:T:C
22:49109238:G:A
22:49109677:G:A
22:49109870:C:T
22:49110377:T:C
22:49111028:T:C
22:49111094:A:T
22:49111259:G:A
22:49113244:A:T
22:49113906:C:A
22:49113934:G:A
22:49113962:G:C
22:49114430:A:G
22:49114491:G:A
22:49114788:T:C
22:49114825:C:T
22:49114984:C:T
22:49115091:G:C
22:49115181:G:T
22:49115231:G:A
22:49115439:T:C
22:49115890:T:C
22:49116651:A:G
22:49116663:G:A
22:49116798:G:C
22:49116883:T:C
22:49117100:A:G
22:49118516:A:T
22:49118581:A:G
22:49118598:C:T
22:49118657:A:G
22:49118686:G:C
22:49118841:G:C
22:49118895:A:C
22:49119054:A:G
22:49119061:G:C
22:49119238:C:T
22:49119463:G:A
22:49119597:C:T
22:49119712:T:C
22:49119925:C:T
22:49119952:T:C
22:49120170:T:C
22:49120642:G:A
22:49120754:A:G
22:49121062:C:A
22:49121577:A:G
22:49121722:G:A
22:49122103:C:G
22:49122559:T:C
22:49122861:T:C
22:49123661:T:C
22:49123774:G:A
22:49124620:G:A
22:49124829:G:A
22:49125709:G:A
22:49125735:A:G
22:49126270:G:T
22:49126611:C:T
22:49127501:C:T
22:49128517:C:A
22:49128885:T:C
22:49129141:G:A
22:49129242:A:G
22:49129553:G:T
22:49129575:C:T
22:49129977:A:G
22:49130387:C:T
22:49130787:A:G
22:49131029:T:C
22:49131192:G:A
22:49133146:C:T
22:49133165:C:T
22:49133362:C:T
22:49133530:A:G
22:49133701:G:A
22:49133795:C:A
22:49134056:G:A
22:49134227:C:T
22:49134370:A:G
22:49134478:G:A
22:49134625:A:G
22:49134717:C:A
22:49134770:A:G
22:49134788:T:A
22:49135288:C:T
22:49135475:G:A
22:49136285:G:A
22:49136442:A:G
22:49137578:C:A
22:49137795:A:G
22:49138702:A:G
22:49138931:T:A
22:49139145:C:T
22:49140067:G:T
22:49140231:T:C
22:49141016:C:T
22:49141709:G:A
22:49141729:T:C
22:49141827:T:C
22:49142030:C:T
22:49142530:A:C
22:49143349:C:T
22:49143396:A:C
22:49143944:G:C
22:49144003:G:A
22:49144024:A:G
22:49144100:G:A
22:49144516:G:C
22:49144725:A:G
22:49144833:G:A
22:49144866:A:C
22:49144871:C:T
22:49144990:C:A
22:49145300:G:A
22:49145928:C:A
22:49146299:G:A
22:49146899:C:T
22:49151126:A:G
22:49151198:G:C
22:49151303:G:A
22:49151839:G:A
22:49151848:G:C
22:49152142:T:C
22:49152285:G:A
22:49152304:A:G
22:49152560:G:A
22:49153926:T:C
22:49153960:C:T
22:49154161:C:T
22:49154467:C:G
22:49154585:C:G
22:49154931:A:G
22:49155123:G:T
22:49155317:C:T
22:49155329:C:T
22:49156365:G:A
22:49156576:G:A
22:49156676:A:T
22:49157079:C:T
22:49157080:G:A
22:49157118:G:A
22:49157487:A:G
22:49157593:C:T
22:49158833:C:T
22:49159177:A:G
22:49159284:T:A
22:49161027:T:A
22:49161505:C:T
22:49162191:A:G
22:49162336:T:C
22:49163004:C:T
22:49163473:A:G
22:49164116:A:G
22:49165798:T:C
22:49166708:C:T
22:49167902:T:C
22:49168107:G:A
22:49168179:T:C
22:49168239:T:C
22:49168248:A:T
22:49168318:G:A
22:49168355:A:G
22:49168410:G:A
22:49168448:A:G
22:49168489:G:A
22:49168550:A:C
22:49168575:C:T
22:49169807:C:A
22:49170626:C:T
22:49170969:T:A
22:49170993:T:A
22:49171021:G:A
22:49171558:C:T
22:49171641:T:C
22:49171924:G:C
22:49171938:C:A
22:49172170:G:C
22:49172601:C:T
22:49172692:A:G
22:49172724:G:A
22:49173074:A:C
22:49173434:C:T
22:49173457:T:C
22:49173615:C:T
22:49173621:G:C
22:49173635:G:A
22:49174209:C:A
22:49174763:G:T
22:49174803:G:A
22:49175009:A:G
22:49177588:C:T
22:49178311:A:G
22:49178761:G:A
22:49178945:C:T
22:49179000:C:T
22:49179011:A:G
22:49179026:A:C
22:49179546:C:T
22:49180260:G:A
22:49180535:A:G
22:49180915:G:A
22:49181080:G:A
22:49181087:C:T
22:49182673:A:C
22:49187263:G:C
22:49187910:C:T
22:49188582:C:T
22:49188656:A:G
22:49191560:G:A
22:49191754:G:A
22:49192023:A:C
22:49192030:C:G
22:49192163:G:A
22:49192241:G:T
22:49192415:C:T
22:49192464:T:C
22:49192756:T:C
22:49192782:G:C
22:49193259:A:C
22:49193419:C:G
22:49193587:C:A
22:49193949:C:T
22:49194636:G:T
22:49194844:G:A
22:49195080:G:A
22:49195601:G:A
22:49195933:C:T
22:49195990:C:T
22:49196010:C:T
22:49196047:T:C
22:49196124:A:G
22:49196306:A:T
22:49196345:C:G
22:49196540:C:T
22:49196625:A:G
22:49196669:G:A
22:49196697:G:A
22:49196699:C:T
22:49196981:T:C
22:49197047:T:C
22:49197635:T:C
22:49197657:A:G
22:49197931:C:T
22:49197941:C:A
22:49198612:G:T
22:49198700:G:A
22:49198744:T:C
22:49199441:G:C
22:49199553:A:G
22:49200215:C:T
22:49200407:C:G
22:49200611:T:C
22:49201704:C:T
22:49203073:T:C
22:49203354:A:G
22:49204605:G:C
22:49204613:A:G
22:49204632:A:G
22:49205830:T:C
22:49205840:G:A
22:49206333:G:A
22:49206339:A:C
22:49206534:G:A
22:49206550:G:A
22:49206783:A:G
22:49206803:A:G
22:49206855:T:C
22:49207101:A:G
22:49207125:G:A
22:49207483:A:G
22:49207593:C:G
22:49207718:T:A
22:49207779:G:A
22:49207926:A:G
22:49208035:T:A
22:49208288:G:A
22:49208395:C:T
22:49208657:C:T
22:49208714:A:G
22:49208806:G:A
22:49209082:A:G
22:49209239:A:G
22:49209240:G:A
22:49209303:C:G
22:49209360:C:T
22:49209526:A:G
22:49209576:G:A
22:49209811:A:G
22:49209977:C:G
22:49210040:T:C
22:49210041:G:A
22:49210061:C:A
22:49210096:G:C
22:49210767:C:T
22:49210789:A:G
22:49211311:T:C
22:49212328:T:C
22:49212348:T:C
22:49212565:A:G
22:49212730:C:T
22:49214342:C:G
22:49214390:C:A
22:49214655:C:A
22:49214863:G:A
22:49214965:G:A
22:49215103:G:T
22:49215196:C:G
22:49215233:C:T
22:49215742:C:T
22:49215890:T:C
22:49216427:C:G
22:49217145:G:C
22:49217250:G:A
22:49218624:T:C
22:49218823:T:G
22:49220704:A:G
22:49221289:G:A
22:49221418:T:C
22:49223166:A:G
22:49223296:T:C
22:49223441:C:T
22:49223993:G:A
22:49224294:C:G
22:49224634:T:G
22:49225140:A:G
22:49225497:T:C
22:49225538:C:T
22:49225587:T:G
22:49226374:A:G
22:49226676:A:G
22:49227178:T:C
22:49227369:C:T
22:49227637:C:T
22:49228232:C:T
22:49228507:G:T
22:49228547:A:G
22:49228841:G:A
22:49229365:A:G
22:49229701:C:T
22:49230499:A:G
22:49230819:G:T
22:49231401:T:C
22:49231540:G:A
22:49232869:A:G
22:49233851:C:A
22:49233989:T:G
22:49234064:G:A
22:49234248:T:C
22:49234271:A:G
22:49234706:G:A
22:49235247:A:G
22:49235296:C:T
22:49236017:C:T
22:49236300:T:C
22:49237698:T:C
22:49237911:C:T
22:49238183:C:T
22:49238662:C:T
22:49238712:T:C
22:49238932:A:G
22:49239022:G:A
22:49239711:A:G
22:49239763:T:C
22:49240074:G:A
22:49240106:A:G
22:49240120:C:T
22:49240395:C:T
22:49240672:C:T
22:49241617:A:G
22:49243227:C:T
22:49244037:G:A
22:49244362:C:A
22:49245573:G:A
22:49245843:T:C
22:49246723:A:C
22:49246747:T:C
22:49246786:C:T
22:49247759:T:C
22:49247938:C:G
22:49247964:C:G
22:49248219:A:G
22:49248298:C:T
22:49248396:C:T
22:49250215:A:G
22:49250456:A:G
22:49251465:A:G
22:49252192:G:A
22:49252501:G:A
22:49252814:G:A
22:49253155:C:T
22:49253170:T:A
22:49254194:G:A
22:49254309:T:C
22:49254410:C:G
22:49254512:A:G
22:49256291:A:C
22:49256712:T:C
22:49257587:G:A
22:49259728:A:G
22:49260105:G:T
22:49261106:C:T
22:49261153:C:G
22:49261285:C:A
22:49262003:A:G
22:49263285:G:T
22:49263372:G:A
22:49263431:T:C
22:49263897:G:A
22:49264034:G:A
22:49264313:G:A
22:49264574:A:C
22:49264683:C:T
22:49264754:C:T
22:49265220:A:C
22:49266164:G:T
22:49266666:G:A
22:49267858:C:A
22:49268165:C:G
22:49268831:C:T
22:49268845:T:G
22:49268859:G:A
22:49268979:G:C
22:49269813:C:T
22:49269926:G:A
22:49270545:G:A
22:49270770:A:G
22:49270899:G:A
22:49271193:C:T
22:49272124:G:A
22:49272674:A:G
22:49272858:C:T
22:49273146:T:C
22:49273804:T:C
22:49273948:C:T
22:49273949:G:A
22:49274513:A:T
22:49276546:C:G
22:49277898:C:T
22:49278546:G:A
22:49278563:C:T
22:49279094:G:A
22:49279267:C:T
22:49279277:C:T
22:49279704:A:C
22:49280786:T:C
22:49281409:G:A
22:49281958:C:T
22:49281965:A:G
22:49281986:C:T
22:49282480:G:A
22:49282834:G:A
22:49284400:G:C
22:49285054:A:G
22:49285585:C:T
22:49285596:A:C
22:49286409:C:T
22:49286759:G:C
22:49290550:G:A
22:49292799:G:A
22:49293209:C:T
22:49293568:C:T
22:49293627:C:T
22:49294065:G:A
22:49294172:T:G
22:49294345:C:A
22:49294381:G:T
22:49294789:A:T
22:49294945:G:A
22:49295145:C:T
22:49295400:C:T
22:49295414:T:C
22:49295816:A:G
22:49295869:T:C
22:49295878:T:G
22:49295897:A:C
22:49295902:A:T
22:49295973:T:G
22:49299435:A:G
22:49301355:T:C
22:49301623:C:T
22:49301987:C:T
22:49302455:G:A
22:49302487:C:T
22:49302624:A:C
22:49302696:T:C
22:49302757:T:C
22:49303084:A:G
22:49304472:C:T
22:49305099:C:T
22:49305224:T:A
22:49305789:G:A
22:49309230:C:T
22:49309272:A:C
22:49310436:A:G
22:49310467:A:C
22:49310651:C:A
22:49310670:T:C
22:49310823:T:G
22:49311053:G:A
22:49311408:A:G
22:49311608:C:T
22:49312926:C:T
22:49313058:C:A
22:49313196:G:A
22:49313512:C:G
22:49313561:G:T
22:49313624:G:C
22:49313689:C:T
22:49316305:G:A
22:49317742:C:T
22:49317906:G:C
22:49321689:G:T
22:49321780:G:A
22:49321943:T:G
22:49322837:T:C
22:49323364:G:C
22:49323527:C:T
22:49324338:C:A
22:49324829:C:T
22:49325317:G:A
22:49325456:C:T
22:49325598:A:G
22:49325724:G:A
22:49325768:G:A
22:49326277:A:T
22:49327433:G:A
22:49327443:C:G
22:49327625:C:T
22:49327670:C:T
22:49328017:C:T
22:49328393:T:C
22:49328677:C:T
22:49330723:T:A
22:49330776:T:C
22:49330850:C:A
22:49330918:C:T
22:49330955:A:T
22:49331153:T:C
22:49331163:T:A
22:49332180:C:T
22:49332882:A:G
22:49333127:C:T
22:49333169:C:T
22:49333361:T:C
22:49333421:C:T
22:49335113:G:A
22:49335230:C:T
22:49335293:G:A
22:49335307:C:T
22:49335372:C:T
22:49335432:C:A
22:49335583:C:A
22:49335612:C:G
22:49335631:G:A
22:49335673:G:A
22:49335678:G:A
22:49335709:A:G
22:49335738:A:G
22:49336153:T:G
22:49336281:A:T
22:49336336:C:G
22:49336423:C:T
22:49336646:A:G
22:49336667:G:A
22:49336690:C:T
22:49336734:A:G
22:49336740:G:A
22:49336748:A:G
22:49336779:T:A
22:49336882:C:A
22:49336940:C:T
22:49336944:A:C
22:49337000:G:A
22:49337199:T:G
22:49337313:C:T
22:49337329:C:T
22:49337349:T:C
22:49337375:T:A
22:49337380:C:T
22:49337389:A:G
22:49337409:T:C
22:49337499:T:C
22:49337503:C:T
22:49337633:C:T
22:49337703:C:T
22:49337769:T:C
22:49338941:G:A
22:49338946:C:T
22:49339278:C:T
22:49339393:A:G
22:49339467:A:T
22:49339524:C:A
22:49339543:T:C
22:49339740:T:C
22:49339769:G:A
22:49339839:C:T
22:49339844:C:T
22:49339856:A:G
22:49340011:T:C
22:49340035:G:A
22:49340189:G:A
22:49340268:C:T
22:49340311:C:T
22:49340417:T:C
22:49340865:C:T
22:49340942:G:A
22:49341192:C:T
22:49341381:G:A
22:49341383:T:G
22:49341458:G:T
22:49342625:G:A
22:49342818:C:T
22:49343503:G:A
22:49343781:A:C
22:49345514:G:A
22:49345516:C:A
22:49345924:T:A
22:49345975:A:G
22:49346349:T:G
22:49346450:C:G
22:49346502:T:C
22:49346676:T:C
22:49346920:G:A
22:49347691:G:A
22:49348131:T:C
22:49348294:C:A
22:49348541:C:T
22:49349501:T:C
22:49350438:G:C
22:49350461:C:T
22:49351462:G:A
22:49351707:G:A
22:49351767:G:A
22:49353547:G:A
22:49353557:T:C
22:49354431:T:C
22:49354563:T:C
22:49358292:T:A
22:49358575:C:A
22:49358753:T:G
22:49359662:A:G
22:49359945:G:A
22:49360424:C:T
22:49360572:A:G
22:49360586:A:G
22:49360949:G:A
22:49361341:A:G
22:49361624:C:A
22:49361627:G:A
22:49362287:T:C
22:49363020:T:C
22:49363112:A:G
22:49363362:G:A
22:49363568:T:C
22:49363742:G:A
22:49363773:A:G
22:49364119:A:C
22:49364245:A:G
22:49364648:T:C
22:49364664:G:A
22:49364780:G:A
22:49364828:T:C
22:49365356:G:A
22:49365633:C:A
22:49366123:C:T
22:49366413:A:C
22:49368925:G:C
22:49369993:C:A
22:49370002:G:A
22:49370043:G:A
22:49370277:A:G
22:49370336:G:A
22:49370602:G:C
22:49370754:A:G
22:49370834:C:G
22:49370962:T:C
22:49372052:T:C
22:49372356:C:G
22:49372831:A:G
22:49372880:A:G
22:49373971:G:A
22:49374409:G:A
22:49375244:T:C
22:49375476:G:C
22:49375594:T:C
22:49375684:G:T
22:49376986:G:C
22:49378255:G:A
22:49378494:G:A
22:49380164:C:A
22:49380360:T:C
22:49380753:G:A
22:49388828:G:A
22:49389362:T:C
22:49389510:G:A
22:49389520:A:T
22:49390026:C:T
22:49390307:T:C
22:49394161:T:C
22:49394664:T:G
22:49396148:G:A
22:49396259:A:G
22:49396312:T:A
22:49396413:T:C
22:49396512:A:G
22:49396849:A:G
22:49397410:G:T
22:49397438:T:C
22:49397439:G:T
22:49397538:A:G
22:49398026:A:C
22:49399232:T:A
22:49399242:T:A
22:49399415:C:T
22:49399969:C:G
22:49400384:C:T
22:49400394:G:A
22:49400552:A:G
22:49402276:T:A
22:49402542:C:G
22:49402606:G:T
22:49404049:A:G
22:49404613:C:T
22:49404702:G:C
22:49405081:C:T
22:49405105:G:C
22:49405183:T:G
22:49405217:T:C
22:49405273:G:C
22:49405431:C:T
22:49405594:G:A
22:49405647:A:C
22:49405648:T:C
22:49405861:A:G
22:49405995:G:A
22:49406663:T:C
22:49407323:C:T
22:49407716:C:T
22:49407798:T:C
22:49408047:A:G
22:49408163:G:C
22:49408394:G:A
22:49408735:G:A
22:49409644:G:A
22:49409852:G:A
22:49409956:G:A
22:49410124:T:C
22:49410505:T:G
22:49411039:T:A
22:49411446:A:G
22:49411575:T:C
22:49411595:A:G
22:49411854:T:A
22:49412197:A:C
22:49413019:A:G
22:49413119:G:A
22:49413741:C:G
22:49414226:A:C
22:49414315:G:A
22:49414320:C:T
22:49414427:G:C
22:49414719:A:G
22:49414821:T:C
22:49415376:T:C
22:49415539:C:T
22:49415667:A:C
22:49415730:A:G
22:49415756:C:T
22:49415942:T:C
22:49416063:C:T
22:49416259:A:G
22:49416401:G:A
22:49416851:G:C
22:49417110:A:G
22:49417185:A:G
22:49417188:T:C
22:49418270:C:T
22:49418648:A:G
22:49419778:C:T
22:49419836:T:C
22:49420175:G:A
22:49420481:C:T
22:49420495:C:T
22:49421381:C:A
22:49421591:A:G
22:49421723:C:G
22:49422037:G:C
22:49422073:G:A
22:49422075:G:A
22:49422263:A:G
22:49422624:G:T
22:49423073:C:T
22:49423286:C:T
22:49423287:A:G
22:49423438:G:A
22:49423542:G:A
22:49423708:G:A
22:49423828:C:T
22:49423865:A:G
22:49423934:G:A
22:49423990:G:T
22:49424254:T:A
22:49426007:G:A
22:49426252:A:G
22:49426434:C:T
22:49426541:A:G
22:49426904:C:T
22:49426935:A:G
22:49426998:A:G
22:49427047:G:A
22:49427159:A:G
22:49427358:A:G
22:49427475:A:G
22:49427545:A:G
22:49427613:C:T
22:49427679:C:T
22:49427680:A:G
22:49427782:C:T
22:49427830:C:A
22:49428104:T:G
22:49428175:G:A
22:49428205:G:A
22:49428243:G:A
22:49428250:G:A
22:49428281:T:C
22:49428435:C:T
22:49428593:A:C
22:49428613:C:T
22:49428714:C:T
22:49428744:G:A
22:49428778:A:G
22:49428803:A:G
22:49428878:A:G
22:49428911:T:C
22:49428988:G:A
22:49429049:C:T
22:49429055:A:G
22:49429075:G:C
22:49429215:C:A
22:49429226:G:A
22:49429406:C:G
22:49429531:A:G
22:49429675:T:C
22:49429719:A:G
22:49429949:G:A
22:49430125:T:C
22:49430599:C:G
22:49430607:C:A
22:49430725:A:G
22:49430916:G:T
22:49431518:C:T
22:49431593:G:C
22:49431668:A:G
22:49431702:G:T
22:49432088:C:T
22:49432485:C:T
22:49433619:C:G
22:49433824:T:C
22:49434131:A:G
22:49434942:T:C
22:49435793:G:A
22:49436004:C:T
22:49436115:G:C
22:49436571:G:T
22:49437557:C:G
22:49437976:G:A
22:49438550:T:C
22:49438652:C:A
22:49438765:G:T
22:49439071:G:T
22:49439340:C:A
22:49440713:G:C
22:49440715:G:A
22:49440744:C:T
22:49440826:C:T
22:49441681:C:T
22:49442365:C:T
22:49442366:G:A
22:49445896:G:A
22:49446616:T:C
22:49448164:G:T
22:49450066:T:G
22:49450131:C:T
22:49450895:A:G
22:49452108:C:T
22:49453390:G:T
22:49453545:A:G
22:49453628:A:G
22:49453817:C:T
22:49454371:T:G
22:49454748:C:G
22:49455970:G:C
22:49457784:C:T
22:49457840:T:C
22:49457975:A:G
22:49458295:C:T
22:49458315:A:C
22:49458449:C:T
22:49458658:G:C
22:49458767:T:C
22:49458885:A:G
22:49458900:T:A
22:49458914:T:C
22:49458986:C:T
22:49458996:G:A
22:49459047:T:A
22:49459098:C:G
22:49459147:A:G
22:49459356:A:T
22:49459944:G:T
22:49459958:A:G
22:49459968:G:A
22:49460009:A:G
22:49460581:C:T
22:49460591:A:G
22:49460792:T:C
22:49460880:A:C
22:49460892:A:T
22:49461764:C:T
22:49462866:C:T
22:49463151:T:C
22:49463288:C:G
22:49463302:T:C
22:49463332:C:T
22:49463418:A:G
22:49463607:A:G
22:49463704:T:C
22:49463725:C:T
22:49464011:A:G
22:49464521:A:C
22:49464645:A:C
22:49465356:A:G
22:49467660:A:T
22:49468667:A:G
22:49469047:A:G
22:49470373:A:G
22:49471519:T:C
22:49471684:T:G
22:49472021:A:C
22:49472034:C:G
22:49472415:A:G
22:49472447:C:A
22:49472463:C:T
22:49472782:G:C
22:49473067:C:G
22:49473105:T:C
22:49473220:C:A
22:49473466:A:G
22:49473621:T:C
22:49473747:G:A
22:49473867:C:A
22:49473871:C:T
22:49474231:C:T
22:49475094:C:T
22:49475224:C:T
22:49475392:T:C
22:49475430:C:G
22:49475506:C:T
22:49475605:A:G
22:49476122:G:A
22:49476252:G:A
22:49476403:C:T
22:49476436:A:G
22:49476758:A:G
22:49476782:G:A
22:49478028:G:C
22:49480858:G:A
22:49481246:G:T
22:49482408:C:T
22:49482864:C:T
22:49483238:G:C
22:49484533:T:C
22:49485242:T:C
22:49485325:T:C
22:49485456:G:A
22:49485920:G:A
22:49486210:G:A
22:49486349:A:G
22:49486490:T:C
22:49486535:C:G
22:49486691:G:A
22:49487162:G:T
22:49487172:A:T
22:49487192:C:A
22:49487320:A:G
22:49487334:C:A
22:49487417:C:T
22:49487452:G:T
22:49489295:C:T
22:49489469:C:T
22:49489528:T:G
22:49491123:C:G
22:49492784:T:C
22:49492826:T:G
22:49493066:C:T
22:49493397:T:C
22:49493979:T:C
22:49494179:T:C
22:49495277:A:G
22:49495354:G:A
22:49495489:C:T
22:49496139:A:G
22:49496213:C:G
22:49496821:G:A
22:49496835:A:G
22:49497133:T:G
22:49497303:C:T
22:49497469:G:A
22:49497674:A:G
22:49497728:G:A
22:49497757:A:G
22:49497822:C:T
22:49497869:G:A
22:49499224:G:A
22:49500250:G:A
22:49502569:T:C
22:49503077:G:A
22:49503452:T:C
22:49503755:T:C
22:49504256:G:C
22:49504732:G:A
22:49504790:G:T
22:49504795:C:T
22:49504800:C:T
22:49504833:G:A
22:49505077:T:C
22:49505409:G:A
22:49505431:C:G
22:49505505:A:G
22:49506256:T:C
22:49506454:C:T
22:49506554:G:A
22:49506679:C:T
22:49506822:T:C
22:49506907:T:C
22:49507111:C:G
22:49507801:C:G
22:49508435:A:C
22:49508504:G:C
22:49508703:G:A
22:49509002:A:C
22:49509140:G:T
22:49509418:T:C
22:49509456:C:T
22:49509526:C:T
22:49509568:A:G
22:49509803:A:G
22:49509884:A:G
22:49510180:G:C
22:49510379:G:A
22:49510456:C:G
22:49510934:G:C
22:49511361:C:G
22:49511619:C:A
22:49511797:T:C
22:49512164:T:C
22:49512565:C:T
22:49512609:C:T
22:49512622:G:A
22:49512630:C:G
22:49512652:C:T
22:49512800:G:T
22:49513518:G:A
22:49513663:A:G
22:49514228:A:G
22:49514275:C:T
22:49514337:T:C
22:49515452:C:A
22:49516455:G:A
22:49516466:T:C
22:49516859:G:A
22:49517709:G:T
22:49517973:G:A
22:49518028:T:C
22:49518444:A:C
22:49518541:A:G
22:49518714:T:G
22:49518724:C:T
22:49519262:G:A
22:49519514:C:T
22:49519548:A:C
22:49521080:T:A
22:49524136:A:G
22:49526035:G:A
22:49526767:G:A
22:49527653:G:A
22:49528199:G:A
22:49528357:A:G
22:49529366:C:A
22:49529412:T:C
22:49529515:C:G
22:49530268:G:A
22:49530321:T:G
22:49530337:C:T
22:49530363:C:T
22:49530425:G:A
22:49530553:C:G
22:49530626:G:A
22:49530818:T:C
22:49531408:A:T
22:49532043:A:G
22:49532171:C:T
22:49532218:G:T
22:49532595:T:C
22:49532727:T:C
22:49533397:T:G
22:49533411:T:C
22:49534225:A:G
22:49534296:T:C
22:49534864:A:C
22:49534988:A:C
22:49535105:A:C
22:49535199:A:G
22:49535204:C:T
22:49535208:G:A
22:49535338:G:T
22:49535461:C:T
22:49535682:G:A
22:49536389:G:A
22:49536548:T:C
22:49536709:A:G
22:49536730:A:T
22:49536794:C:T
22:49537043:C:A
22:49537229:C:T
22:49537511:T:C
22:49537845:C:T
22:49537896:C:G
22:49538064:C:T
22:49538066:A:G
22:49538205:G:T
22:49538217:T:C
22:49538250:G:A
22:49538611:T:A
22:49538620:C:T
22:49538675:A:G
22:49538692:C:A
22:49538713:G:T
22:49538745:A:G
22:49538836:C:T
22:49538837:C:G
22:49538871:G:A
22:49538968:C:G
22:49539101:C:T
22:49539280:G:A
22:49539303:G:A
22:49539331:G:A
22:49539333:A:G
22:49539363:C:T
22:49539384:A:G
22:49539399:T:C
22:49539767:A:C
22:49540415:G:C
22:49540766:G:C
22:49541184:T:G
22:49541239:A:C
22:49541419:T:C
22:49541427:A:C
22:49542106:T:C
22:49542146:C:A
22:49542221:G:A
22:49542250:T:C
22:49542480:G:A
22:49542557:C:T
22:49542774:C:T
22:49542829:T:G
22:49543251:G:A
22:49543442:G:C
22:49543769:G:A
22:49543781:A:G
22:49545025:A:G
22:49545688:G:A
22:49545711:A:G
22:49545804:G:A
22:49545832:G:A
22:49545876:G:A
22:49545985:A:G
22:49546122:G:A
22:49546237:G:A
22:49546297:G:T
22:49546301:A:G
22:49546371:G:A
22:49546453:C:T
22:49546672:G:A
22:49546869:C:T
22:49547164:G:A
22:49547295:G:C
22:49547721:T:C
22:49547964:C:G
22:49549268:A:G
22:49549291:A:G
22:49549388:A:G
22:49549599:A:C
22:49549664:G:C
22:49549680:C:A
22:49549835:A:G
22:49549865:C:T
22:49549905:C:T
22:49550176:C:G
22:49550329:G:A
22:49550372:A:G
22:49550421:C:T
22:49550571:C:A
22:49550630:C:T
22:49550911:C:G
22:49551090:G:A
22:49551137:G:A
22:49552804:A:G
22:49552877:G:T
22:49553353:A:T
22:49553448:A:G
22:49553568:C:A
22:49553690:T:A
22:49553747:C:T
22:49554338:C:T
22:49554421:G:C
22:49555287:A:G
22:49555340:T:G
22:49556096:G:C
22:49556463:C:T
22:49557337:A:G
22:49558617:A:G
22:49558793:C:A
22:49558857:T:C
22:49559242:G:T
22:49559373:C:G
22:49559598:T:C
22:49560073:G:A
22:49560487:C:T
22:49562314:A:G
22:49562666:A:C
22:49562828:C:T
22:49563192:T:G
22:49563403:T:G
22:49563952:A:G
22:49564317:C:T
22:49564850:A:G
22:49564986:C:T
22:49565207:C:T
22:49565404:A:G
22:49565494:G:T
22:49565526:C:T
22:49565704:G:A
22:49565778:C:A
22:49566426:G:A
22:49566507:T:C
22:49567745:G:C
22:49567774:C:A
22:49568230:T:C
22:49568309:A:G
22:49568462:C:T
22:49568753:C:A
22:49569242:G:A
22:49570231:C:A
22:49570455:T:G
22:49570587:C:T
22:49570899:G:C
22:49571163:C:T
22:49571223:C:T
22:49571362:A:G
22:49571530:A:C
22:49571596:G:A
22:49572023:G:A
22:49572024:A:G
22:49572165:T:C
22:49572450:G:A
22:49572674:A:T
22:49572751:G:A
22:49572757:C:G
22:49572777:G:C
22:49572845:G:A
22:49572923:G:A
22:49572940:G:A
22:49572978:T:A
22:49573010:T:G
22:49573190:C:T
22:49573359:C:T
22:49573394:G:A
22:49573400:G:A
22:49573505:G:A
22:49573628:G:A
22:49573657:G:A
22:49574417:G:A
22:49574543:G:A
22:49574579:A:G
22:49574758:G:A
22:49574828:C:T
22:49574991:C:T
22:49575067:G:A
22:49575076:G:A
22:49575260:G:A
22:49575401:C:T
22:49575503:C:T
22:49575594:C:T
22:49575617:A:G
22:49575758:T:C
22:49576222:G:A
22:49577306:G:A
22:49577420:G:T
22:49577622:A:G
22:49577871:C:T
22:49578082:G:A
22:49578285:G:A
22:49579266:C:G
22:49579609:G:A
22:49580069:C:T
22:49580450:T:C
22:49580648:C:T
22:49580899:G:A
22:49580910:T:G
22:49581063:A:T
22:49581436:A:G
22:49581463:A:C
22:49581514:A:G
22:49581637:G:A
22:49582377:T:C
22:49582574:G:A
22:49582753:A:G
22:49582875:C:T
22:49582929:C:T
22:49582975:A:G
22:49583019:T:C
22:49583035:G:A
22:49583651:C:A
22:49584602:C:T
22:49585153:C:T
22:49585934:G:A
22:49586723:C:A
22:49587140:G:C
22:49587368:G:A
22:49587626:G:A
22:49588197:C:A
22:49588827:G:A
22:49589104:A:G
22:49589243:G:A
22:49591499:C:T
22:49591609:T:C
22:49591748:G:T
22:49591786:A:G
22:49592809:G:A
22:49592848:T:C
22:49593425:T:G
22:49593443:C:T
22:49593506:C:T
22:49593552:G:A
22:49593564:G:A
22:49593761:A:G
22:49594014:T:C
22:49594356:A:G
22:49594432:G:A
22:49594779:C:T
22:49594796:C:T
22:49595020:C:G
22:49595260:C:T
22:49595350:A:G
22:49595439:C:G
22:49595560:C:T
22:49595715:C:G
22:49595814:C:A
22:49596000:A:T
22:49596421:C:A
22:49596937:C:T
22:49597147:A:G
22:49597206:T:C
22:49597244:T:C
22:49597467:C:A
22:49597935:T:G
22:49597951:T:A
22:49598826:C:A
22:49598973:A:C
22:49599135:G:A
22:49599212:G:A
22:49600869:C:T
22:49600883:C:T
22:49601397:G:A
22:49602052:G:A
22:49603517:T:C
22:49603667:A:G
22:49603693:C:T
22:49603973:C:A
22:49604094:C:T
22:49604190:C:A
22:49605276:A:T
22:49605296:G:C
22:49605298:C:A
22:49605518:C:T
22:49607081:C:G
22:49609121:G:A
22:49609546:C:T
22:49609686:G:A
22:49609689:C:A
22:49609820:C:T
22:49609821:G:A
22:49609900:T:C
22:49610157:G:A
22:49610259:T:C
22:49610444:G:A
22:49611103:T:G
22:49611333:G:A
22:49611552:G:T
22:49612593:G:C
22:49612799:T:C
22:49613009:G:A
22:49613140:A:C
22:49613357:G:A
22:49613390:C:T
22:49613664:G:A
22:49613856:C:G
22:49613906:C:T
22:49614330:G:A
22:49614983:T:C
22:49616438:T:C
22:49616535:G:A
22:49616543:G:C
22:49616743:C:T
22:49617004:T:A
22:49617514:A:T
22:49617547:C:T
22:49617564:G:A
22:49617589:T:C
22:49618268:G:A
22:49618548:A:C
22:49618678:C:T
22:49618819:G:A
22:49618911:C:T
22:49619296:C:T
22:49619389:C:A
22:49619450:C:T
22:49619666:G:T
22:49620150:T:G
22:49620916:C:A
22:49622126:G:A
22:49622572:C:T
22:49622668:C:G
22:49622690:C:G
22:49622783:A:G
22:49623181:T:C
22:49623657:G:A
22:49625070:T:C
22:49625210:G:A
22:49625286:C:T
22:49625384:T:C
22:49625538:C:T
22:49629229:C:T
22:49631261:G:A
22:49631660:A:G
22:49632208:C:T
22:49632577:G:C
22:49633769:G:A
22:49634073:G:T
22:49634105:G:A
22:49634468:C:T
22:49635241:A:T
22:49635321:C:A
22:49635338:G:A
22:49635430:G:A
22:49635619:A:G
22:49636063:G:A
22:49636141:G:C
22:49636168:T:C
22:49636549:A:G
22:49636681:A:G
22:49636753:C:T
22:49636900:C:T
22:49636935:C:T
22:49637233:T:A
22:49637289:G:A
22:49637692:G:T
22:49637741:T:C
22:49637855:T:C
22:49637958:T:G
22:49639584:A:G
22:49640299:G:A
22:49641581:C:T
22:49642470:C:T
22:49643258:G:C
22:49643618:C:A
22:49647564:T:C
22:49648936:C:T
22:49650813:G:A
22:49650863:C:T
22:49651186:A:T
22:49651210:A:T
22:49651708:G:A
22:49651937:A:C
22:49652142:G:C
22:49652170:G:A
22:49653024:T:G
22:49653029:A:G
22:49653521:T:G
22:49653524:C:T
22:49653807:A:G
22:49654149:C:G
22:49654459:C:T
22:49654501:C:T
22:49654728:C:G
22:49656282:A:G
22:49656334:A:G
22:49656816:A:G
22:49657482:C:T
22:49659547:A:G
22:49659604:G:A
22:49662857:G:T
22:49662955:C:T
22:49662987:A:T
22:49663259:G:A
22:49666369:A:G
22:49666590:C:T
22:49666651:G:A
22:49666713:C:T
22:49666841:A:G
22:49667912:C:T
22:49667985:G:A
22:49668137:T:G
22:49668188:T:C
22:49668506:T:C
22:49668569:C:T
22:49669972:C:T
22:49670134:A:G
22:49670191:C:T
22:49671359:A:T
22:49671484:C:T
22:49671544:T:C
22:49671612:G:C
22:49671776:G:T
22:49671812:T:C
22:49673234:G:A
22:49673735:G:A
22:49674140:A:G
22:49674144:T:C
22:49674511:G:A
22:49675045:A:G
22:49675668:A:G
22:49675958:T:A
22:49676056:G:C
22:49676430:G:A
22:49676609:C:T
22:49676835:A:G
22:49677464:G:A
22:49677646:C:T
22:49677685:A:G
22:49677726:G:T
22:49677816:G:A
22:49678086:C:T
22:49678713:C:T
22:49678782:A:T
22:49678925:T:A
22:49678986:A:G
22:49679043:C:A
22:49679610:G:A
22:49679988:A:G
22:49680263:A:G
22:49680316:T:C
22:49680328:T:G
22:49680395:T:G
22:49680401:A:G
22:49680429:A:G
22:49680493:T:C
22:49680541:C:G
22:49680775:T:C
22:49680781:C:A
22:49681231:T:C
22:49681255:G:C
22:49681350:G:A
22:49681524:G:A
22:49682075:G:A
22:49682352:C:T
22:49682385:A:G
22:49682538:C:A
22:49682546:A:G
22:49682556:T:A
22:49682882:C:G
22:49682956:G:A
22:49683048:T:C
22:49683905:C:T
22:49684110:G:A
22:49684220:T:G
22:49684466:A:G
22:49684580:G:A
22:49684687:A:G
22:49684807:C:T
22:49684829:A:G
22:49684878:T:A
22:49684938:T:C
22:49685119:T:C
22:49685143:G:A
22:49685240:T:C
22:49685455:T:C
22:49685728:T:C
22:49685800:T:C
22:49686236:A:G
22:49686283:C:T
22:49686438:A:G
22:49686659:G:A
22:49686896:G:A
22:49687042:C:T
22:49687136:T:C
22:49687152:T:C
22:49687210:C:T
22:49687242:T:C
22:49687307:A:G
22:49687397:T:C
22:49687413:G:A
22:49687592:T:C
22:49687593:G:A
22:49687602:A:G
22:49687643:A:G
22:49687671:T:C
22:49687701:T:C
22:49687723:T:C
22:49687842:C:T
22:49687988:A:G
22:49688048:T:C
22:49688151:C:T
22:49688168:A:C
22:49688171:T:A
22:49688179:G:A
22:49688184:G:A
22:49688275:C:T
22:49688284:G:C
22:49688345:A:C
22:49688404:G:C
22:49688440:C:T
22:49688675:T:A
22:49688677:G:T
22:49689312:C:T
22:49689443:C:G
22:49689619:A:T
22:49690620:T:C
22:49690989:G:A
22:49691274:C:T
22:49691300:T:C
22:49692169:G:C
22:49692593:G:T
22:49692737:G:A
22:49693636:A:G
22:49694429:A:G
22:49694717:G:C
22:49695708:G:A
22:49695771:A:G
22:49696009:T:C
22:49696067:T:C
22:49696080:A:G
22:49696751:T:C
22:49697538:C:T
22:49697541:T:C
22:49697671:G:A
22:49697848:G:T
22:49698133:T:C
22:49698196:C:T
22:49698868:C:T
22:49699362:G:A
22:49699372:A:G
22:49700127:C:T
22:49700272:G:T
22:49700297:A:G
22:49700348:A:G
22:49700449:G:T
22:49700550:A:G
22:49700618:T:C
22:49700660:T:A
22:49700714:C:T
22:49702017:G:A
22:49702239:G:A
22:49702453:C:T
22:49702857:G:A
22:49703943:G:C
22:49704907:A:G
22:49705010:T:C
22:49705288:A:G
22:49705478:T:G
22:49707202:A:G
22:49707437:A:C
22:49708224:T:C
22:49708492:C:T
22:49708613:T:G
22:49709694:A:T
22:49710325:G:A
22:49711778:T:C
22:49712192:C:T
22:49713599:C:T
22:49713632:G:A
22:49713835:A:G
22:49714781:G:A
22:49715029:T:G
22:49715783:A:G
22:49715784:G:C
22:49718364:C:T
22:49718403:T:C
22:49718429:G:A
22:49718762:T:C
22:49718796:A:G
22:49718856:C:T
22:49719264:C:A
22:49719427:A:C
22:49719500:A:G
22:49721371:G:A
22:49721418:C:A
22:49721556:T:C
22:49721805:G:A
22:49721811:G:A
22:49722925:G:T
22:49723370:A:G
22:49723435:A:G
22:49723557:G:A
22:49723985:A:G
22:49724235:A:G
22:49725719:T:C
22:49725751:G:A
22:49725880:C:T
22:49726027:G:T
22:49726068:G:A
22:49726806:A:C
22:49727753:C:T
22:49728790:A:C
22:49728917:C:G
22:49729066:C:T
22:49729390:G:A
22:49729888:T:C
22:49730993:G:A
22:49731737:G:C
22:49732022:G:A
22:49732175:C:T
22:49732186:A:C
22:49732206:A:G
22:49733076:C:T
22:49733148:G:A
22:49733239:C:G
22:49734767:T:C
22:49734775:A:C
22:49735494:C:T
22:49735770:C:T
22:49736955:A:G
22:49737067:A:G
22:49737212:T:G
22:49737239:G:A
22:49737593:G:T
22:49740050:T:G
22:49740368:T:C
22:49740456:G:A
22:49740513:C:T
22:49740616:G:A
22:49740630:G:A
22:49740646:G:A
22:49740659:C:T
22:49740746:G:A
22:49742422:T:C
22:49742434:G:A
22:49742522:G:A
22:49742889:C:T
22:49743271:A:G
22:49743605:C:T
22:49743613:A:C
22:49743627:A:G
22:49744569:C:T
22:49745224:G:A
22:49745327:C:T
22:49745371:G:A
22:49745407:T:C
22:49745605:G:A
22:49746185:T:G
22:49746231:C:A
22:49746514:G:C
22:49746788:G:A
22:49747459:G:A
22:49747643:C:T
22:49747722:C:T
22:49747805:T:C
22:49747815:T:C
22:49748380:G:A
22:49748669:G:A
22:49748690:C:T
22:49749332:G:C
22:49749466:G:A
22:49749712:G:A
22:49749990:T:C
22:49750528:G:C
22:49750862:C:T
22:49750871:C:A
22:49750876:C:G
22:49750879:T:C
22:49750881:C:T
22:49751203:G:T
22:49751204:T:G
22:49751418:T:G
22:49751512:T:G
22:49751902:G:A
22:49753114:A:G
22:49753204:A:G
22:49754182:A:G
22:49754251:G:A
22:49754325:T:C
22:49754422:G:A
22:49755477:C:G
22:49755812:T:G
22:49755856:T:C
22:49756180:A:C
22:49757255:T:G
22:49757783:G:A
22:49758334:C:A
22:49758581:T:C
22:49759337:T:A
22:49759641:A:G
22:49761264:C:T
22:49764048:G:A
22:49764063:C:T
22:49764455:A:T
22:49764543:C:A
22:49764893:C:T
22:49765146:A:G
22:49765780:T:A
22:49766069:A:G
22:49766266:G:A
22:49766486:A:C
22:49766597:A:G
22:49767063:A:G
22:49767325:A:G
22:49767383:T:G
22:49767390:C:A
22:49767410:G:T
22:49767516:G:C
22:49767684:G:A
22:49767779:C:T
22:49767800:G:C
22:49768930:A:G
22:49768947:G:A
22:49769057:A:G
22:49769729:A:G
22:49769753:A:G
22:49769873:T:C
22:49770061:C:T
22:49771060:T:C
22:49771402:G:T
22:49771690:G:C
22:49771692:A:C
22:49771815:C:T
22:49772096:T:C
22:49772768:A:G
22:49773145:A:G
22:49776115:G:C
22:49776121:G:A
22:49776874:G:A
22:49778214:C:T
22:49778574:T:C
22:49783150:G:C
22:49784152:G:A
22:49784290:A:T
22:49784591:A:G
22:49785111:C:A
22:49785232:G:A
22:49785633:G:A
22:49785645:T:C
22:49785676:G:A
22:49785703:C:A
22:49785729:T:C
22:49785767:C:T
22:49785913:A:C
22:49785946:G:A
22:49786251:C:T
22:49786493:C:A
22:49786587:C:A
22:49786627:C:T
22:49786687:C:T
22:49786826:C:T
22:49786886:A:G
22:49786909:A:G
22:49786986:A:T
22:49786994:A:G
22:49787078:C:T
22:49787186:A:G
22:49787514:A:C
22:49787926:G:A
22:49788186:G:A
22:49788201:A:C
22:49788363:C:T
22:49788698:A:G
22:49788916:C:T
22:49788938:A:G
22:49789018:C:T
22:49789488:C:T
22:49789705:C:A
22:49789812:C:A
22:49789827:C:T
22:49790217:T:C
22:49790228:C:T
22:49790288:A:G
22:49790291:C:T
22:49790418:A:G
22:49790537:C:T
22:49790597:C:T
22:49790669:T:C
22:49790673:T:G
22:49790713:G:A
22:49790744:G:A
22:49791837:G:A
22:49791853:C:A
22:49794052:A:G
22:49794342:A:G
22:49794409:C:A
22:49794551:G:A
22:49795368:T:G
22:49795384:A:G
22:49795466:C:T
22:49795501:C:T
22:49795510:C:T
22:49795779:C:T
22:49795916:C:T
22:49795967:T:C
22:49796014:G:A
22:49796081:G:A
22:49796103:G:A
22:49796117:A:G
22:49796144:G:A
22:49796179:G:A
22:49796800:C:T
22:49796921:G:C
22:49796922:C:A
22:49797186:G:C
22:49797301:G:A
22:49797417:A:G
22:49797422:C:A
22:49797531:G:A
22:49797810:G:A
22:49797914:G:A
22:49798011:A:G
22:49798728:C:G
22:49798730:G:T
22:49798768:C:G
22:49798819:A:G
22:49798823:C:T
22:49799030:A:G
22:49799119:G:A
22:49799398:A:G
22:49799840:G:T
22:49800107:G:A
22:49803008:C:A
22:49803451:C:G
22:49803587:T:G
22:49804092:A:G
22:49805177:C:G
22:49805951:C:T
22:49806600:T:G
22:49806863:G:A
22:49806906:G:A
22:49807447:T:A
22:49807496:G:A
22:49807696:T:C
22:49807823:G:A
22:49807961:A:G
22:49808567:A:G
22:49809312:T:A
22:49810658:T:C
22:49810730:A:C
22:49810843:C:G
22:49811147:T:A
22:49811154:C:T
22:49811984:A:C
22:49812076:C:T
22:49812148:C:T
22:49812223:C:A
22:49812480:T:C
22:49812531:G:A
22:49812875:C:T
22:49813128:G:A
22:49813232:A:G
22:49813343:A:T
22:49813502:T:C
22:49813536:T:C
22:49815327:T:C
22:49815404:C:T
22:49816591:T:C
22:49816632:G:T
22:49816655:A:G
22:49816671:G:C
22:49817174:A:G
22:49817182:T:A
22:49817197:G:A
22:49817262:T:C
22:49817400:T:G
22:49818119:A:G
22:49819671:G:A
22:49821969:C:G
22:49822720:T:C
22:49825918:A:G
22:49825950:T:G
22:49825954:G:A
22:49826024:T:C
22:49826381:T:C
22:49826465:T:C
22:49827880:T:C
22:49828171:C:G
22:49829653:G:A
22:49829664:C:T
22:49829716:C:T
22:49829786:C:G
22:49830717:A:G
22:49830851:T:C
22:49831389:C:T
22:49831428:G:A
22:49831833:C:T
22:49832070:T:C
22:49832131:G:T
22:49832430:T:C
22:49832581:T:A
22:49832693:C:T
22:49832723:A:T
22:49833160:G:A
22:49834568:C:G
22:49834624:A:G
22:49835673:G:A
22:49837653:C:T
22:49838664:G:A
22:49840275:A:G
22:49841412:C:A
22:49841730:T:C
22:49841960:A:G
22:49842289:A:T
22:49843235:C:G
22:49845286:A:G
22:49847501:G:T
22:49847719:G:A
22:49848883:T:A
22:49849024:C:T
22:49851212:G:A
22:49853782:C:G
22:49856559:T:C
22:49858742:T:C
22:49859387:G:T
22:49861033:T:C
22:49861397:A:G
22:49861684:C:T
22:49861858:A:G
22:49861906:T:C
22:49861915:A:G
22:49862903:G:T
22:49862965:T:A
22:49863849:A:G
22:49865198:T:A
22:49865824:T:C
22:49865882:C:T
22:49867931:G:A
22:49868168:G:A
22:49869081:G:A
22:49869412:C:G
22:49869864:G:C
22:49873261:T:C
22:49873411:G:T
22:49873496:T:C
22:49873588:G:A
22:49873732:C:T
22:49874704:C:G
22:49875736:C:T
22:49875893:A:G
22:49875956:C:G
22:49876600:C:T
22:49876931:T:C
22:49877353:C:T
22:49878293:T:C
22:49878882:C:T
22:49879016:A:G
22:49879715:A:G
22:49881273:C:T
22:49881321:G:A
22:49881634:G:A
22:49882851:T:G
22:49884597:C:A
22:49885571:T:C
22:49885856:C:G
22:49886273:T:G
22:49887069:G:A
22:49887506:A:G
22:49888767:A:G
22:49888837:T:C
22:49889113:G:A
22:49889189:G:A
22:49889954:G:A
22:49890246:T:C
22:49891180:G:C
22:49892317:C:T
22:49893188:G:A
22:49893409:C:A
22:49899986:C:T
22:49900014:G:A
22:49900158:C:T
22:49900225:A:G
22:49900966:G:A
22:49901056:C:A
22:49901159:G:A
22:49901565:T:C
22:49901566:G:A
22:49901608:C:G
22:49901635:C:T
22:49901660:C:T
22:49901755:C:T
22:49901846:C:T
22:49901955:C:G
22:49902299:T:C
22:49902969:G:T
22:49902980:T:C
22:49903918:T:A
22:49904777:A:G
22:49906046:T:C
22:49906749:C:T
22:49906850:G:C
22:49907281:T:C
22:49907446:G:A
22:49907896:C:A
22:49908437:C:T
22:49908804:A:G
22:49908818:T:G
22:49909149:T:C
22:49909511:C:T
22:49909707:C:T
22:49909903:T:C
22:49910431:A:G
22:49911677:C:T
22:49911908:C:T
22:49912000:G:T
22:49912350:G:A
22:49912379:C:T
22:49912382:C:A
22:49912826:T:C
22:49913022:C:T
22:49913096:C:T
22:49913238:T:C
22:49913359:C:T
22:49913377:A:C
22:49914179:T:C
22:49915815:C:T
22:49915932:G:A
22:49916410:C:G
22:49916533:G:A
22:49917142:T:C
22:49917935:A:G
22:49918817:G:C
22:49919182:C:G
22:49921716:C:G
22:49921946:C:G
22:49923260:C:T
22:49924528:G:A
22:49924530:C:G
22:49924659:C:T
22:49924929:C:T
22:49925027:C:T
22:49925408:G:A
22:49925602:T:A
22:49925863:C:A
22:49926047:T:C
22:49926061:T:C
22:49927174:C:T
22:49927332:C:T
22:49927337:C:G
22:49927716:T:C
22:49927888:T:C
22:49928073:A:G
22:49928589:T:G
22:49928846:T:G
22:49930455:T:C
22:49930716:T:C
22:49932391:A:G
22:49932715:A:C
22:49932767:T:C
22:49933050:T:A
22:49933292:A:G
22:49937184:G:A
22:49939322:C:G
22:49941982:G:A
22:49942573:A:C
22:49942598:G:T
22:49942768:C:T
22:49942778:A:G
22:49942820:C:T
22:49944457:G:A
22:49944519:G:A
22:49944735:A:G
22:49944751:T:G
22:49944957:T:C
22:49947156:T:C
22:49947575:C:T
22:49947789:A:G
22:49947868:G:C
22:49948085:A:G
22:49948250:C:T
22:49948322:G:A
22:49948734:C:T
22:49948776:G:A
22:49949112:A:G
22:49949189:C:T
22:49949306:A:C
22:49949604:T:C
22:49949651:G:A
22:49950054:A:G
22:49950669:G:A
22:49950847:A:G
22:49951071:G:A
22:49952572:G:C
22:49952649:T:C
22:49953172:C:T
22:49954414:G:A
22:49955490:T:C
22:49956008:T:G
22:49956315:T:C
22:49957499:T:C
22:49957671:G:A
22:49958491:C:T
22:49959052:A:C
22:49959344:C:T
22:49959458:G:A
22:49960229:C:T
22:49961279:G:A
22:49961348:A:G
22:49961514:A:G
22:49961551:C:T
22:49961684:A:G
22:49962044:G:C
22:49962314:G:A
22:49962414:A:C
22:49962454:G:T
22:49962635:C:T
22:49962890:A:G
22:49962954:A:G
22:49963113:A:G
22:49963613:G:A
22:49963663:G:A
22:49963817:A:G
22:49963927:C:A
22:49965048:T:C
22:49966319:T:C
22:49967868:C:T
22:49968720:G:A
22:49968953:G:A
22:49969153:C:T
22:49970060:A:C
22:49970798:G:C
22:49971225:A:G
22:49971949:A:G
22:49974610:G:A
22:49976055:A:G
22:49977198:C:T
22:49978453:T:C
22:49978502:C:T
22:49978575:T:C
22:49979088:T:G
22:49979231:C:G
22:49980759:A:G
22:49980781:C:T
22:49981171:G:A
22:49984688:C:A
22:49984967:C:T
22:49988574:T:G
22:49988815:C:T
22:49990470:A:G
22:49991555:C:T
22:49994094:G:A
22:49994292:A:G
22:49994721:G:C
22:49996657:T:C
22:49997706:A:G
22:49998118:A:G
22:50001291:G:A
22:50003305:G:C
22:50006078:C:T
22:50007874:G:A
22:50008366:T:C
22:50008572:G:A
22:50008969:A:G
22:50008973:G:A
22:50009098:G:A
22:50010073:C:T
22:50010570:T:C
22:50010812:C:G
22:50010891:G:A
22:50011001:C:G
22:50012419:T:G
22:50013402:G:T
22:50013573:A:G
22:50014002:A:G
22:50014369:T:A
22:50015145:A:G
22:50015327:C:T
22:50017234:A:G
22:50017556:G:A
22:50018045:G:A
22:50018497:G:A
22:50018639:G:A
22:50018651:C:T
22:50018654:T:A
22:50019981:C:G
22:50021757:C:T
22:50021903:A:G
22:50021973:G:A
22:50024801:G:A
22:50025205:T:C
22:50025938:A:G
22:50026314:G:A
22:50028887:T:C
22:50029640:A:G
22:50030325:T:C
22:50030672:G:A
22:50031521:T:C
22:50032872:G:A
22:50034477:C:T
22:50034517:G:A
22:50034538:G:C
22:50036669:G:A
22:50036820:G:A
22:50036897:A:C
22:50036916:T:G
22:50037178:G:A
22:50041602:A:G
22:50041972:T:C
22:50042383:T:C
22:50043459:G:A
22:50043738:C:G
22:50043750:G:A
22:50043795:A:G
22:50044546:A:G
22:50047678:C:G
22:50049109:G:A
22:50050468:G:A
22:50050847:G:A
22:50050859:G:A
22:50051007:A:G
22:50051548:T:G
22:50052175:A:G
22:50052607:C:A
22:50052921:G:A
22:50053871:G:A
22:50057116:A:G
22:50057211:C:T
22:50057488:G:A
22:50058346:G:C
22:50058561:T:C
22:50058582:C:T
22:50058715:T:C
22:50058753:A:G
22:50058922:A:G
22:50059540:A:G
22:50060158:A:G
22:50060185:G:A
22:50060930:A:G
22:50062101:G:A
22:50062133:G:C
22:50062427:G:A
22:50069539:T:G
22:50069833:G:A
22:50070944:T:C
22:50070991:G:A
22:50071019:A:G
22:50071037:G:A
22:50071198:T:C
22:50072035:G:C
22:50072369:A:G
22:50072755:C:T
22:50073254:A:G
22:50073343:A:G
22:50074483:A:G
22:50076099:G:A
22:50076296:G:C
22:50076477:C:G
22:50076709:C:T
22:50076990:T:C
22:50077262:T:A
22:50077362:A:C
22:50077531:G:A
22:50079434:G:A
22:50079563:A:G
22:50081845:C:G
22:50081854:A:T
22:50082127:C:T
22:50082518:C:G
22:50082673:C:T
22:50082706:C:T
22:50082738:T:G
22:50082971:C:G
22:50083019:A:G
22:50083108:G:C
22:50083193:T:C
22:50083852:C:G
22:50084825:G:T
22:50085210:G:A
22:50085220:T:C
22:50085456:C:T
22:50085697:C:T
22:50085731:G:A
22:50086334:C:T
22:50086373:G:A
22:50086405:T:C
22:50086454:A:G
22:50086808:G:A
22:50087120:A:G
22:50087193:C:T
22:50087337:C:T
22:50087685:G:A
22:50090243:A:T
22:50090398:A:G
22:50091052:C:A
22:50091072:G:A
22:50091191:C:T
22:50091359:C:T
22:50092148:C:A
22:50092862:A:G
22:50092890:T:G
22:50093133:G:A
22:50094368:T:C
22:50095457:C:T
22:50095776:A:C
22:50095813:A:G
22:50095833:C:A
22:50096349:T:C
22:50096505:G:A
22:50097333:T:C
22:50097614:T:C
22:50098333:C:T
22:50099556:G:C
22:50099650:G:T
22:50099892:A:G
22:50102471:C:T
22:50103405:A:G
22:50103809:A:C
22:50106042:G:A
22:50108004:G:A
22:50108238:T:G
22:50108428:G:T
22:50110721:T:G
22:50117191:A:G
22:50117382:T:C
22:50118149:C:G
22:50118414:C:G
22:50118723:C:A
22:50118803:C:G
22:50120525:G:A
22:50121378:G:A
22:50121483:T:C
22:50121508:A:G
22:50122276:G:A
22:50122502:C:A
22:50123044:T:C
22:50123324:T:C
22:50124094:T:C
22:50124986:C:T
22:50125153:T:C
22:50125798:G:A
22:50125820:T:C
22:50126546:A:C
22:50127572:T:C
22:50127716:C:G
22:50128213:G:A
22:50128268:G:A
22:50129978:T:C
22:50134204:G:T
22:50138633:C:T
22:50138772:A:T
22:50141778:C:T
22:50144112:C:T
22:50144162:G:C
22:50145309:T:G
22:50146609:C:A
22:50148782:C:A
22:50149159:A:G
22:50149696:T:A
22:50152389:G:A
22:50152568:G:A
22:50152991:C:A
22:50153285:T:C
22:50153363:G:A
22:50153403:A:T
22:50154682:T:C
22:50156286:G:A
22:50156872:C:T
22:50156898:C:T
22:50157112:T:C
22:50157138:T:C
22:50157212:G:A
22:50157707:T:C
22:50157981:G:T
22:50158749:G:A
22:50158979:G:A
22:50159314:G:C
22:50160058:A:G
22:50162136:C:T
22:50162163:T:C
22:50162630:T:C
22:50163058:G:A
22:50164078:T:C
22:50164613:G:C
22:50166564:A:G
22:50167652:T:C
22:50169157:A:G
22:50169205:G:A
22:50170937:G:A
22:50174665:C:T
22:50178082:A:G
22:50178288:G:A
22:50178917:A:G
22:50179640:C:T
22:50179651:G:A
22:50179738:C:G
22:50180055:C:T
22:50180497:A:C
22:50180714:A:G
22:50181960:C:A
22:50183162:C:T
22:50185192:C:T
22:50185343:C:T
22:50185432:A:G
22:50191972:G:A
22:50192174:C:T
22:50195192:T:C
22:50202276:A:G
22:50204712:G:A
22:50205903:G:A
22:50207703:G:A
22:50209737:C:T
22:50209874:C:T
22:50211295:G:A
22:50216754:G:A
22:50217387:G:A
22:50218611:A:C
22:50222714:C:T
22:50223414:C:G
22:50224251:G:A
22:50224761:G:A
22:50225150:T:C
22:50225216:C:T
22:50225433:T:C
22:50226673:T:C
22:50227741:G:A
22:50231067:T:C
22:50231155:C:G
22:50231490:C:T
22:50236306:G:A
22:50236610:T:C
22:50237606:G:A
22:50241024:C:T
22:50241210:G:A
22:50241899:T:C
22:50242192:G:A
22:50242553:G:T
22:50243719:C:G
22:50244071:C:T
22:50244229:G:A
22:50244533:G:A
22:50245196:G:T
22:50246466:T:C
22:50249131:T:C
22:50249677:A:G
22:50252127:G:A
22:50252783:T:C
22:50253101:A:G
22:50253220:G:C
22:50256885:G:C
22:50256886:T:A
22:50259696:A:G
22:50259984:G:A
22:50260169:G:A
22:50260904:G:A
22:50261051:A:G
22:50261060:G:C
22:50261123:G:T
22:50263370:C:T
22:50263641:G:T
22:50264019:C:T
22:50264042:G:A
22:50265777:A:G
22:50266156:G:A
22:50267508:C:G
22:50267822:T:C
22:50269646:A:G
22:50270215:A:G
22:50270309:T:C
22:50270570:A:G
22:50270784:G:A
22:50271428:A:G
22:50271460:T:C
22:50271631:T:A
22:50274293:A:G
22:50275057:A:G
22:50276175:A:G
22:50276828:A:G
22:50276909:G:A
22:50278568:A:G
22:50278642:C:T
22:50280136:T:C
22:50281917:A:G
22:50282204:C:A
22:50282603:A:G
22:50284305:A:G
22:50284345:A:G
22:50284974:C:T
22:50286827:G:A
22:50287266:C:T
22:50288345:A:G
22:50288983:G:A
22:50289925:C:T
22:50290023:T:C
22:50290599:G:A
22:50290678:G:A
22:50290715:T:C
22:50291603:G:A
22:50291869:A:G
22:50291889:T:C
22:50291976:G:C
22:50292763:T:C
22:50294378:G:A
22:50294469:A:G
22:50294470:A:T
22:50297435:T:C
22:50299587:T:C
22:50299919:C:T
22:50300078:A:G
22:50300438:T:C
22:50300562:A:G
22:50300672:C:T
22:50301178:C:T
22:50301251:C:T
22:50301476:T:C
22:50301664:T:C
22:50303149:G:C
22:50303249:G:A
22:50303515:A:C
22:50303530:T:C
22:50303533:C:G
22:50304591:A:C
22:50305098:T:A
22:50305461:T:G
22:50305515:T:C
22:50306316:C:T
22:50306338:G:A
22:50306940:C:T
22:50306969:G:A
22:50307896:A:G
22:50307932:T:C
22:50308597:G:A
22:50309446:G:A
22:50310410:G:A
22:50310600:G:A
22:50310829:A:G
22:50310847:G:T
22:50310880:T:C
22:50310882:C:T
22:50312225:T:C
22:50312979:C:T
22:50313014:T:C
22:50313082:C:T
22:50313124:C:T
22:50313179:G:A
22:50313358:G:C
22:50313359:G:A
22:50313438:T:C
22:50313727:A:G
22:50314074:C:T
22:50314289:G:C
22:50314316:G:A
22:50314346:A:G
22:50314573:C:T
22:50314705:G:A
22:50314809:C:T
22:50314927:G:C
22:50315228:T:C
22:50315363:C:A
22:50315413:C:T
22:50316835:T:C
22:50317049:T:C
22:50317187:C:T
22:50317296:C:T
22:50317330:G:A
22:50317346:C:T
22:50317401:G:A
22:50317410:C:G
22:50317569:G:A
22:50317676:G:A
22:50317687:G:A
22:50317714:A:G
22:50317803:A:G
22:50317825:T:C
22:50317851:T:G
22:50317857:G:A
22:50317989:C:T
22:50319351:T:C
22:50320029:G:T
22:50320105:A:G
22:50320943:C:T
22:50321193:C:T
22:50321623:C:T
22:50321808:A:G
22:50321921:G:C
22:50322691:T:C
22:50323752:G:A
22:50324015:G:C
22:50324403:T:C
22:50324428:A:G
22:50326906:A:T
22:50331164:T:C
22:50334779:C:G
22:50339755:T:C
22:50341707:C:T
22:50342199:A:G
22:50342282:T:C
22:50342638:A:G
22:50343063:C:T
22:50345729:T:C
22:50346319:T:C
22:50346320:T:A
22:50346321:G:T
22:50346648:C:T
22:50346712:C:T
22:50347850:G:A
22:50347927:G:C
22:50347996:A:C
22:50347997:T:C
22:50348970:A:G
22:50351413:C:T
22:50351977:G:A
22:50352623:A:G
22:50353917:C:G
22:50353919:G:A
22:50356274:C:T
22:50356302:C:T
22:50356555:T:C
22:50356693:T:C
22:50356850:C:T
22:50357416:C:T
22:50358197:G:A
22:50359167:G:T
22:50359902:C:T
22:50360463:T:A
22:50360545:T:C
22:50360740:T:G
22:50362491:C:A
22:50363794:C:T
22:50364098:A:C
22:50416205:C:A
22:50416247:G:A
22:50416506:C:T
22:50417258:A:G
22:50417483:C:T
22:50417685:C:T
22:50418996:G:A
22:50419266:C:T
22:50422348:G:A
22:50422420:C:G
22:50424400:C:T
22:50424893:T:C
22:50425779:C:T
22:50426987:G:A
22:50431414:C:T
22:50435086:G:A
22:50435480:A:G
22:50437202:C:G
22:50437372:G:A
22:50439194:C:T
22:50439430:A:G
22:50439936:C:A
22:50440296:T:C
22:50440651:T:C
22:50441298:G:C
22:50441521:C:T
22:50441673:G:A
22:50442869:G:A
22:50444484:A:G
22:50444577:A:G
22:50444649:G:C
22:50445601:T:C
22:50445704:T:C
22:50445974:G:T
22:50445975:G:C
22:50446550:C:A
22:50446988:C:T
22:50447352:C:T
22:50447384:G:A
22:50449762:A:C
22:50449804:T:C
22:50452207:A:G
22:50453036:T:C
22:50454499:C:G
22:50455283:C:T
22:50455498:G:A
22:50455521:A:G
22:50455595:G:T
22:50456791:G:A
22:50457762:A:G
22:50458020:G:A
22:50461607:T:C
22:50463231:T:C
22:50466542:T:C
22:50466543:G:A
22:50468933:G:T
22:50469545:A:C
22:50469578:G:C
22:50469969:C:T
22:50470516:C:T
22:50470899:G:A
22:50471442:T:G
22:50471468:A:G
22:50472042:T:G
22:50472186:G:A
22:50472712:C:T
22:50473177:A:G
22:50473396:G:C
22:50473719:A:G
22:50473961:C:T
22:50474857:A:G
22:50478828:T:C
22:50479044:T:A
22:50479856:A:C
22:50480108:C:T
22:50480926:C:T
22:50482251:G:A
22:50483117:A:G
22:50483850:T:C
22:50483926:T:C
22:50485026:A:C
22:50485793:T:C
22:50486689:G:C
22:50491150:A:G
22:50491713:G:A
22:50491768:G:A
22:50492952:A:G
22:50492970:C:T
22:50497419:G:A
22:50497694:A:G
22:50498389:C:A
22:50499967:T:C
22:50500263:T:C
22:50501059:A:G
22:50501137:A:G
22:50501281:C:T
22:50501485:G:A
22:50501544:A:G
22:50502766:C:T
22:50502888:T:C
22:50503336:C:A
22:50503359:A:G
22:50503840:C:T
22:50504064:A:G
22:50504079:C:T
22:50504310:C:T
22:50504487:T:C
22:50504637:G:A
22:50504781:A:G
22:50504804:T:C
22:50505133:C:G
22:50505321:G:C
22:50505584:A:G
22:50506663:G:A
22:50506668:C:T
22:50506810:A:G
22:50507064:G:C
22:50507786:C:T
22:50507801:A:C
22:50508192:C:A
22:50508331:T:C
22:50508349:G:A
22:50508672:A:T
22:50508702:A:C
22:50508721:G:A
22:50508781:A:G
22:50508796:A:G
22:50508895:A:G
22:50508897:G:T
22:50509196:G:A
22:50509917:C:T
22:50509977:A:G
22:50510015:C:T
22:50510258:T:C
22:50510533:A:T
22:50510849:T:C
22:50510925:G:A
22:50511374:T:C
22:50511538:C:T
22:50511746:C:T
22:50512116:T:G
22:50512514:T:G
22:50512617:C:T
22:50513405:A:C
22:50513714:T:G
22:50513784:G:A
22:50514461:T:C
22:50515270:T:C
22:50515273:G:A
22:50515677:C:T
22:50515766:C:T
22:50515808:C:T
22:50515843:C:A
22:50516195:T:C
22:50517329:G:A
22:50517777:C:T
22:50518239:T:C
22:50520191:G:A
22:50520473:C:T
22:50520879:A:G
22:50521781:C:A
22:50522136:T:C
22:50522153:G:A
22:50522315:T:C
22:50522466:C:T
22:50523433:T:C
22:50524285:C:T
22:50524400:A:G
22:50525067:C:T
22:50525124:C:T
22:50525551:G:T
22:50525944:T:G
22:50525957:C:T
22:50527474:A:C
22:50527740:A:G
22:50527818:G:A
22:50528132:A:G
22:50528916:C:T
22:50529462:A:G
22:50529984:G:T
22:50530501:A:T
22:50530651:G:A
22:50530863:C:T
22:50531204:A:G
22:50531253:A:G
22:50531948:C:T
22:50532001:G:A
22:50532283:G:T
22:50532598:C:G
22:50532782:C:T
22:50533409:C:T
22:50533422:C:T
22:50533747:G:A
22:50534582:C:A
22:50534909:T:G
22:50534952:G:T
22:50535316:A:G
22:50535927:T:C
22:50536061:G:A
22:50536252:C:A
22:50536766:T:C
22:50536990:G:A
22:50537235:A:T
22:50537682:T:G
22:50537752:C:T
22:50538244:T:G
22:50538265:A:T
22:50540455:A:G
22:50540674:A:G
22:50541416:A:G
22:50541917:T:C
22:50542122:A:G
22:50543760:T:C
22:50543846:C:G
22:50544000:T:C
22:50544700:T:C
22:50546098:C:T
22:50546185:T:G
22:50546264:G:A
22:50546666:C:T
22:50546788:G:C
22:50546797:T:C
22:50546868:G:T
22:50546900:C:T
22:50546971:A:G
22:50547558:T:C
22:50548952:G:C
22:50548985:T:C
22:50550413:G:A
22:50550462:T:G
22:50550489:G:A
22:50550808:C:T
22:50551312:A:G
22:50551824:A:G
22:50553148:C:T
22:50553514:A:T
22:50554054:G:C
22:50554264:G:A
22:50555299:G:T
22:50555635:C:T
22:50555686:A:C
22:50556141:C:T
22:50556331:C:T
22:50556487:G:A
22:50556736:G:A
22:50556787:A:G
22:50556815:A:G
22:50557120:C:A
22:50557235:T:G
22:50557407:A:G
22:50557463:G:A
22:50557640:C:T
22:50557840:A:G
22:50558406:C:T
22:50558505:G:A
22:50559247:G:A
22:50559838:C:G
22:50559953:G:A
22:50560372:C:T
22:50560769:G:T
22:50561417:A:G
22:50561456:C:T
22:50561798:T:G
22:50562311:G:C
22:50562803:A:C
22:50562945:C:T
22:50563140:T:C
22:50563194:C:T
22:50563708:C:T
22:50564145:T:A
22:50564181:G:T
22:50564535:T:C
22:50565314:A:G
22:50565367:C:T
22:50565583:A:G
22:50565638:A:G
22:50565689:G:A
22:50565908:A:G
22:50566182:T:G
22:50566781:T:G
22:50566835:C:T
22:50567607:G:T
22:50567608:T:C
22:50568067:A:G
22:50568395:C:G
22:50569014:A:G
22:50569667:A:G
22:50569790:C:T
22:50570138:A:G
22:50570283:C:G
22:50570366:G:T
22:50570428:G:A
22:50570852:A:G
22:50570873:G:T
22:50570877:A:G
22:50570953:G:T
22:50570987:A:G
22:50571034:G:A
22:50571121:C:T
22:50571160:G:C
22:50572406:A:G
22:50572473:G:A
22:50573081:T:G
22:50573223:C:T
22:50574388:T:A
22:50574924:A:G
22:50575360:A:G
22:50575399:T:C
22:50575596:C:A
22:50575634:C:A
22:50577521:A:G
22:50577613:C:T
22:50578075:G:A
22:50578304:C:T
22:50578386:G:A
22:50578450:A:T
22:50578503:A:G
22:50578813:A:G
22:50579119:C:T
22:50579214:C:T
22:50580044:T:C
22:50580113:G:C
22:50580699:C:T
22:50580904:G:A
22:50581299:G:A
22:50581707:T:C
22:50581890:C:A
22:50582046:C:T
22:50582075:G:A
22:50582237:G:A
22:50582550:C:A
22:50583682:G:A
22:50584201:A:C
22:50584693:C:T
22:50584801:G:A
22:50585174:T:G
22:50586415:G:C
22:50586673:G:C
22:50586803:G:C
22:50587979:T:G
22:50588131:C:T
22:50588153:G:A
22:50588470:A:T
22:50588475:A:G
22:50588708:G:C
22:50589196:C:A
22:50589576:A:G
22:50590037:C:T
22:50590286:G:A
22:50590471:G:A
22:50590505:A:G
22:50590543:C:T
22:50591003:G:T
22:50591683:G:A
22:50591964:A:G
22:50592126:C:T
22:50592517:G:A
22:50593226:T:G
22:50593861:C:T
22:50595182:T:A
22:50595256:C:T
22:50595366:G:C
22:50595622:C:T
22:50595641:T:G
22:50595842:T:C
22:50595913:G:A
22:50596054:T:G
22:50596267:C:G
22:50598296:G:A
22:50599466:C:A
22:50600789:C:T
22:50600819:C:T
22:50601063:T:C
22:50601246:C:G
22:50606183:A:G
22:50606194:G:C
22:50607411:G:A
22:50609904:T:G
22:50609905:G:A
22:50610628:G:A
22:50613093:C:T
22:50613202:G:A
22:50614476:T:C
22:50617726:C:T
22:50617884:C:T
22:50617968:T:C
22:50618278:A:G
22:50618641:C:T
22:50618738:G:A
22:50618797:C:G
22:50619920:A:G
22:50620567:G:A
22:50620867:C:T
22:50621268:A:G
22:50621366:C:T
22:50621433:T:C
22:50621973:C:T
22:50622197:G:A
22:50622214:A:C
22:50622227:A:G
22:50622404:G:C
22:50624082:C:G
22:50625079:G:C
22:50625166:T:G
22:50625271:T:C
22:50625449:C:T
22:50625800:A:G
22:50626791:C:A
22:50627188:C:T
22:50627253:C:T
22:50627704:G:T
22:50628451:A:G
22:50628996:G:A
22:50629292:T:G
22:50629872:C:T
22:50633048:T:G
22:50633686:T:C
22:50634526:G:A
22:50634544:G:A
22:50634552:G:A
22:50634587:C:T
22:50635120:A:G
22:50635627:C:T
22:50635848:C:G
22:50637597:G:C
22:50638086:C:G
22:50638953:A:G
22:50641351:G:A
22:50642359:C:T
22:50642777:C:T
22:50644177:G:A
22:50644480:T:C
22:50644969:G:A
22:50645219:G:A
22:50646202:G:A
22:50646936:G:C
22:50647375:C:T
22:50647448:T:G
22:50647966:A:G
22:50647969:C:T
22:50648002:T:A
22:50648577:C:T
22:50649560:C:G
22:50650597:G:C
22:50653895:G:C
22:50654888:G:C
22:50655098:A:G
22:50656053:T:A
22:50656096:A:G
22:50657112:C:T
22:50658274:C:G
22:50658424:T:C
22:50658570:A:G
22:50658698:T:A
22:50661869:T:C
22:50663421:C:T
22:50664612:A:G
22:50666223:G:A
22:50666507:C:T
22:50667565:G:A
22:50672154:G:A
22:50675648:C:A
22:50675962:G:A
22:50676259:T:C
22:50677454:C:T
22:50678571:T:C
22:50679471:C:T
22:50681029:T:C
22:50682865:G:A
22:50684296:T:C
22:50684312:G:A
22:50684708:G:A
22:50685508:A:G
22:50688235:T:C
22:50688348:A:G
22:50689030:A:G
22:50690322:G:C
22:50692028:G:A
22:50692115:T:C
22:50694297:A:G
22:50695270:A:C
22:50695908:G:T
22:50695946:C:G
22:50696648:C:T
22:50696662:C:T
22:50697119:C:T
22:50697636:G:A
22:50699331:C:G
22:50699487:G:C
22:50700723:C:T
22:50704267:C:T
22:50704661:T:C
22:50705059:A:G
22:50705304:C:T
22:50706546:A:C
22:50707522:C:T
22:50707537:T:G
22:50707541:C:A
22:50709495:A:G
22:50709987:T:C
22:50710810:T:C
22:50714491:A:C
22:50715973:G:T
22:50717129:T:G
22:50717547:T:C
22:50717833:C:T
22:50718397:A:G
22:50719251:A:G
22:50720181:C:G
22:50720622:C:T
22:50721003:G:A
22:50721756:G:A
22:50722911:T:A
22:50724733:G:T
22:50725301:G:A
22:50725553:T:C
22:50727792:T:C
22:50727921:T:C
22:50730220:A:G
22:50730320:T:C
22:50731310:A:G
22:50731808:C:T
22:50731903:T:C
22:50732510:G:A
22:50733227:C:T
22:50733818:G:C
22:50736787:A:G
22:50737584:G:T
22:50741504:C:T
22:50742346:G:C
22:50742611:C:A
22:50742935:A:G
22:50743510:G:A
22:50743827:G:A
22:50744821:A:G
22:50746656:T:G
22:50746955:T:C
22:50747101:T:C
22:50747507:G:A
22:50747598:C:T
22:50747995:C:T
22:50748325:C:T
22:50752150:C:T
22:50752169:G:A
22:50753334:G:A
22:50753676:C:T
22:50753973:T:C
22:50754466:C:T
22:50756048:C:T
22:50757112:G:A
22:50757348:G:A
22:50757470:T:C
22:50757541:T:C
22:50758873:C:T
22:50759482:G:A
22:50762615:C:T
22:50763342:T:C
22:50764854:C:A
22:50765842:G:T
22:50765888:C:T
22:50770110:T:G
22:50772673:C:T
22:50780949:A:G
22:50785718:C:T
22:50785994:C:T
22:50786036:A:G
22:50786795:G:A
22:50786976:G:A
22:50788567:C:A
22:50791201:G:A
22:50792104:C:A
22:50795071:C:T
22:50795806:C:G
22:50795934:T:C
22:50796296:G:A
22:50796545:T:A
22:50797256:C:A
22:50798134:T:C
22:50798212:G:A
22:50800769:C:G
22:50800929:G:A
22:50805039:A:C
22:50805537:G:A
22:50805824:G:C
22:50808249:C:T
22:50809045:A:T
22:50809482:G:A
22:50809687:T:C
22:50810679:C:T
22:50814075:C:T
22:50814524:A:G
22:50815104:C:T
22:50816619:A:G
22:50821557:A:G
22:50822657:G:A
22:50825615:G:A
22:50826336:C:T
22:50831053:A:G
22:50831191:G:A
22:50831338:A:G
22:50833816:G:A
22:50837224:A:G
22:50837814:G:T
22:50837868:C:G
22:50837915:C:T
22:50838241:T:C
22:50838702:T:C
22:50839014:A:G
22:50840573:G:A
22:50840654:A:G
22:50840854:A:G
22:50840978:C:A
22:50841035:C:T
22:50841898:C:T
22:50842074:T:A
22:50843120:C:G
22:50846887:T:G
22:50847159:T:A
22:50849572:T:C
22:50850541:G:A
22:50851948:C:T
22:50852357:T:C
22:50852367:G:A
22:50853134:C:T
22:50853274:T:C
22:50853626:T:G
22:50853811:T:G
22:50854317:T:C
22:50855411:T:C
22:50855413:A:G
22:50856145:T:C
22:50856222:G:T
22:50856354:G:A
22:50857613:T:G
22:50858120:C:T
22:50858287:G:A
22:50859049:T:C
22:50859121:G:A
22:50859164:C:G
22:50859698:T:C
22:50860398:A:C
22:50860495:A:G
22:50860565:G:A
22:50860573:T:C
22:50860583:T:C
22:50860932:C:T
22:50861324:T:C
22:50862602:G:C
22:50864696:T:C
22:50865863:T:A
22:50867093:G:A
22:50867136:A:G
22:50867139:T:C
22:50867268:G:A
22:50868013:A:G
22:50868669:A:T
22:50868789:G:A
22:50868925:A:C
22:50869915:G:A
22:50870620:G:T
22:50871249:T:C
22:50873618:A:G
22:50873644:G:A
22:50873694:T:C
22:50873761:A:G
22:50874352:C:T
22:50874893:C:T
22:50875745:A:T
22:50876077:T:C
22:50876235:T:C
22:50876357:C:G
22:50876526:C:G
22:50876755:C:T
22:50877166:G:C
22:50877718:G:A
22:50877779:A:G
22:50878196:G:A
22:50878626:A:C
22:50878927:G:A
22:50879651:A:G
22:50879931:G:A
22:50880781:C:T
22:50881796:C:G
22:50881954:G:C
22:50882590:G:A
22:50883359:A:G
22:50883961:G:A
22:50884075:C:T
22:50886944:G:A
22:50890755:G:A
22:50891775:T:A
22:50891905:A:G
22:50895020:C:T
22:50895133:A:G
22:50896121:C:T
22:50896384:C:G
22:50896385:A:G
22:50898026:G:A
22:50898619:G:A
22:50899310:G:A
22:50899425:T:C
22:50899758:G:C
22:50901009:C:T
22:50901534:A:G
22:50902231:A:G
22:50902390:A:G
22:50902751:C:T
22:50904042:C:G
22:50905564:G:A
22:50906518:G:A
22:50906581:A:G
22:50906917:C:A
22:50907195:G:A
22:50907855:C:T
22:50909181:C:T
22:50909728:G:A
22:50910409:G:A
22:50910875:A:G
22:50910970:G:A
22:50911404:G:T
22:50911876:A:G
22:50912321:C:T
22:50914239:G:A
22:50915285:C:T
22:50916583:G:A
22:50917465:C:T
22:50918406:G:A
22:50925098:G:A
22:50925997:C:A
22:50928331:G:A
22:50928994:T:C
22:50936324:T:C
22:50936613:T:A
22:50936806:C:T
22:50939029:A:G
22:50939304:G:C
22:50940762:A:G
22:50941985:T:C
22:50942121:C:T
22:50943232:G:A
22:50943423:G:A
22:50944163:G:A
22:50945256:A:G
22:50945799:C:G
22:50947541:T:C
22:50947611:A:G
22:50947917:T:C
22:50948391:A:G
22:50949246:C:T
22:50950658:T:A
22:50950727:G:A
22:50952222:G:A
22:50952244:A:G
22:50953103:C:G
22:50953524:A:T
22:50954685:G:A
22:50955399:C:T
22:50955538:A:G
22:50957520:G:A
22:50959608:C:T
22:50960101:G:A
22:50960682:C:T
22:50961169:A:G
22:50961854:T:C
22:50962208:T:G
22:50962782:C:G
22:50963540:G:C
22:50963905:C:T
22:50963965:C:G
22:50964153:T:C
22:50964236:G:A
22:50964862:G:A
22:50966914:T:C
22:50971752:A:C
22:50975645:G:A
22:50975686:A:T
22:50975753:G:A
22:50976152:T:C
22:50976754:T:C
22:50977167:A:T
22:50977738:T:C
22:50978024:C:A
22:50978262:G:A
22:50980071:G:A
22:50980818:C:A
22:50980985:G:T
22:50981043:C:T
22:50981053:A:T
22:50981214:C:T
22:50981326:C:T
22:50981436:G:A
22:50983551:T:C
22:50983936:A:G
22:50984055:T:C
22:50984599:G:T
22:50987287:A:G
22:50988062:G:T
22:50988193:A:G
22:50988695:T:C
22:50989197:C:T
22:50991033:C:T
22:50998973:A:C
22:50999490:G:A
22:50999502:G:A
22:50999538:A:G
22:50999681:A:G
22:51000098:G:A
22:51000205:A:C
22:51000346:G:T
22:51001391:C:G
22:51001394:T:G
22:51001432:G:C
22:51001838:C:T
22:51002960:C:T
22:51003836:A:G
22:51005160:G:A
22:51006716:G:A
22:51006988:T:C
22:51007488:A:G
22:51008850:A:G
22:51008925:G:A
22:51009953:C:T
22:51010838:T:A
22:51010939:G:A
22:51011077:A:T
22:51011115:C:T
22:51011241:C:T
22:51011376:G:C
22:51011933:T:C
22:51011936:T:C
22:51011937:A:G
22:51012311:G:T
22:51012381:C:T
22:51013072:G:A
22:51013772:A:G
22:51013998:C:T
22:51014840:C:T
22:51015481:G:A
22:51015557:C:T
22:51015572:C:T
22:51015674:C:T
22:51015838:T:C
22:51016098:A:G
22:51017082:T:A
22:51017296:G:C
22:51017353:T:C
22:51017394:G:C
22:51017476:A:G
22:51017713:G:A
22:51017794:A:G
22:51018579:A:G
22:51018911:C:T
22:51018942:C:A
22:51019142:G:T
22:51020069:G:C
22:51020668:C:A
22:51021271:T:C
22:51021599:C:T
22:51021763:G:C
22:51022117:C:A
22:51022700:G:A
22:51022992:C:T
22:51023152:T:G
22:51023340:A:G
22:51023408:A:G
22:51023652:G:A
22:51023791:G:A
22:51024116:C:T
22:51024308:T:C
22:51024346:G:A
22:51024515:A:T
22:51024542:C:T
22:51024624:T:C
22:51024837:G:A
22:51025595:C:G
22:51025599:C:A
22:51028202:C:T
22:51028255:C:T
22:51030749:A:G
22:51034867:T:C
22:51034870:A:G
22:51034882:C:T
22:51035885:C:T
22:51035938:G:C
22:51036021:A:G
22:51036634:A:G
22:51038312:C:T
22:51038369:G:C
22:51039768:T:A
22:51039778:C:A
22:51040546:C:T
22:51042032:G:T
22:51042034:C:G
22:51043278:G:A
22:51045433:C:T
22:51045480:G:A
22:51045744:C:G
22:51045816:A:G
22:51046096:A:G
22:51046163:C:T
22:51047640:G:C
22:51047933:A:G
22:51048059:A:G
22:51048400:A:G
22:51048514:C:T
22:51048721:G:A
22:51048781:T:G
22:51048812:G:C
22:51051214:C:T
22:51052379:T:C
22:51054264:T:C
22:51054466:C:T
22:51055900:C:T
22:51055968:T:A
22:51057902:T:C
22:51057904:T:G
22:51058210:C:G
22:51058500:A:C
22:51059118:G:T
22:51060049:G:A
22:51060340:G:C
22:51060471:T:C
22:51062832:G:A
22:51062891:C:G
22:51063233:A:T
22:51063987:G:C
22:51064141:G:A
22:51064416:T:C
22:51064818:T:C
22:51066921:G:A
22:51066990:C:T
22:51068517:C:G
22:51068560:G:A
22:51068815:A:C
22:51070157:C:G
22:51070285:T:C
22:51070401:T:C
22:51072161:C:T
22:51072289:C:A
22:51073266:G:C
22:51073461:T:C
22:51073893:C:G
22:51074628:G:A
22:51080194:T:C
22:51080757:A:G
22:51083118:C:A
22:51084405:T:A
22:51089213:C:A
22:51091914:C:T
22:51094926:C:T
22:51095949:T:G
22:51099133:G:A
22:51099862:C:T
22:51099874:C:G
22:51101899:C:A
22:51101938:A:C
22:51103091:T:C
22:51103692:A:G
22:51104680:G:A
22:51105556:C:T
22:51106979:G:C
22:51108860:A:G
22:51109735:G:A
22:51109873:A:G
22:51109992:T:C
22:51110925:C:G
22:51110928:G:T
22:51114518:C:T
22:51115526:T:C
22:51115575:C:T
22:51117137:G:A
22:51117580:T:C
22:51122593:C:A
22:51126799:G:A
22:51128648:T:C
22:51128649:G:A
22:51129324:T:C
22:51131736:C:T
22:51133518:G:A
22:51133580:C:A
22:51134888:C:T
22:51134993:C:G
22:51135240:T:C
22:51135451:G:C
22:51135545:T:C
22:51135595:A:T
22:51136646:C:T
22:51137094:G:A
22:51137249:T:C
22:51138753:A:G
22:51139178:C:T
22:51139380:T:C
22:51139617:C:T
22:51139635:C:T
22:51140316:C:T
22:51141410:G:C
22:51141611:A:G
22:51142381:G:A
22:51143606:C:G
22:51144731:T:C
22:51147015:A:G
22:51148424:G:A
22:51148993:C:T
22:51148995:G:A
22:51150167:T:C
22:51150428:C:T
22:51150473:G:A
22:51151350:C:T
22:51151631:C:T
22:51151724:C:T
22:51153840:G:T
22:51155151:T:C
22:51155826:A:G
22:51156078:G:A
22:51156666:C:T
22:51156732:G:A
22:51158017:G:C
22:51161019:C:T
22:51162059:G:A
22:51163039:G:T
22:51164109:G:C
22:51164115:C:T
22:51164287:T:C
22:51165664:G:A
22:51171497:G:A
